/* 產生自 pico_keyboard_ime_terminal —— 不要手改，
 * 重跑 python tools/gen_ime_tables.py 即可。
 *
 * 索引每筆 8 bytes（小端序）：
 *   u16 key_offset, u8 key_len, u8 padding, u16 data_offset, u16 data_len
 * key 與候選字串都住在同一個字串池裡。索引按 key 排序，可二分搜尋。
 */

#define IME_IDX_COUNT 1360
#define IME_REC_SIZE  8

static const uint8_t IME_IDX[10880] = {
    0x00, 0x00, 0x01, 0x00, 0x01, 0x00, 0x02, 0x00, 0x03, 0x00, 0x01, 0x00, 0x04, 0x00, 0x02, 0x00,
    0x06, 0x00, 0x01, 0x00, 0x07, 0x00, 0x02, 0x00, 0x09, 0x00, 0x01, 0x00, 0x0A, 0x00, 0x02, 0x00,
    0x0C, 0x00, 0x04, 0x00, 0x10, 0x00, 0x03, 0x00, 0x13, 0x00, 0x07, 0x00, 0x1A, 0x00, 0x2A, 0x00,
    0x44, 0x00, 0x07, 0x00, 0x4B, 0x00, 0x21, 0x00, 0x6C, 0x00, 0x07, 0x00, 0x73, 0x00, 0x09, 0x00,
    0x7C, 0x00, 0x07, 0x00, 0x83, 0x00, 0x1B, 0x00, 0x9E, 0x00, 0x07, 0x00, 0xA5, 0x00, 0x12, 0x00,
    0xB7, 0x00, 0x07, 0x00, 0xBE, 0x00, 0x3C, 0x00, 0xFA, 0x00, 0x07, 0x00, 0x01, 0x01, 0x90, 0x00,
    0x91, 0x01, 0x07, 0x00, 0x98, 0x01, 0x09, 0x00, 0xA1, 0x01, 0x07, 0x00, 0xA8, 0x01, 0x21, 0x00,
    0xC9, 0x01, 0x07, 0x00, 0xD0, 0x01, 0x03, 0x00, 0xD3, 0x01, 0x07, 0x00, 0xDA, 0x01, 0x03, 0x00,
    0xDD, 0x01, 0x07, 0x00, 0xE4, 0x01, 0x03, 0x00, 0xE7, 0x01, 0x07, 0x00, 0xEE, 0x01, 0x18, 0x00,
    0x06, 0x02, 0x07, 0x00, 0x0D, 0x02, 0x18, 0x00, 0x25, 0x02, 0x07, 0x00, 0x2C, 0x02, 0x36, 0x00,
    0x62, 0x02, 0x07, 0x00, 0x69, 0x02, 0x03, 0x00, 0x6C, 0x02, 0x07, 0x00, 0x73, 0x02, 0x51, 0x00,
    0xC4, 0x02, 0x07, 0x00, 0xCB, 0x02, 0x03, 0x00, 0xCE, 0x02, 0x07, 0x00, 0xD5, 0x02, 0x1B, 0x00,
    0xF0, 0x02, 0x07, 0x00, 0xF7, 0x02, 0x0C, 0x00, 0x03, 0x03, 0x07, 0x00, 0x0A, 0x03, 0x21, 0x00,
    0x2B, 0x03, 0x07, 0x00, 0x32, 0x03, 0x33, 0x00, 0x65, 0x03, 0x07, 0x00, 0x6C, 0x03, 0x03, 0x00,
    0x6F, 0x03, 0x07, 0x00, 0x76, 0x03, 0x21, 0x00, 0x97, 0x03, 0x07, 0x00, 0x9E, 0x03, 0x1E, 0x00,
    0xBC, 0x03, 0x07, 0x00, 0xC3, 0x03, 0x27, 0x00, 0xEA, 0x03, 0x07, 0x00, 0xF1, 0x03, 0x12, 0x00,
    0x03, 0x04, 0x07, 0x00, 0x0A, 0x04, 0x09, 0x00, 0x13, 0x04, 0x07, 0x00, 0x1A, 0x04, 0x09, 0x00,
    0x23, 0x04, 0x07, 0x00, 0x2A, 0x04, 0x15, 0x00, 0x3F, 0x04, 0x07, 0x00, 0x46, 0x04, 0x0F, 0x00,
    0x55, 0x04, 0x07, 0x00, 0x5C, 0x04, 0x21, 0x00, 0x7D, 0x04, 0x07, 0x00, 0x84, 0x04, 0x18, 0x00,
    0x9C, 0x04, 0x07, 0x00, 0xA3, 0x04, 0x06, 0x00, 0xA9, 0x04, 0x07, 0x00, 0xB0, 0x04, 0x0F, 0x00,
    0xBF, 0x04, 0x07, 0x00, 0xC6, 0x04, 0x12, 0x00, 0xD8, 0x04, 0x07, 0x00, 0xDF, 0x04, 0x0F, 0x00,
    0xEE, 0x04, 0x07, 0x00, 0xF5, 0x04, 0x03, 0x00, 0xF8, 0x04, 0x07, 0x00, 0xFF, 0x04, 0x30, 0x00,
    0x2F, 0x05, 0x07, 0x00, 0x36, 0x05, 0x26, 0x01, 0x5C, 0x06, 0x0A, 0x00, 0x66, 0x06, 0x09, 0x00,
    0x6F, 0x06, 0x0A, 0x00, 0x79, 0x06, 0x12, 0x00, 0x8B, 0x06, 0x0A, 0x00, 0x95, 0x06, 0x06, 0x00,
    0x9B, 0x06, 0x0A, 0x00, 0xA5, 0x06, 0x06, 0x00, 0xAB, 0x06, 0x0A, 0x00, 0xB5, 0x06, 0x57, 0x00,
    0x0C, 0x07, 0x0A, 0x00, 0x16, 0x07, 0x18, 0x00, 0x2E, 0x07, 0x0A, 0x00, 0x38, 0x07, 0x03, 0x00,
    0x3B, 0x07, 0x0A, 0x00, 0x45, 0x07, 0x27, 0x00, 0x6C, 0x07, 0x0A, 0x00, 0x76, 0x07, 0x18, 0x00,
    0x8E, 0x07, 0x0A, 0x00, 0x98, 0x07, 0x36, 0x00, 0xCE, 0x07, 0x0A, 0x00, 0xD8, 0x07, 0x3C, 0x00,
    0x14, 0x08, 0x0A, 0x00, 0x1E, 0x08, 0x15, 0x00, 0x33, 0x08, 0x0A, 0x00, 0x3D, 0x08, 0x0C, 0x00,
    0x49, 0x08, 0x0A, 0x00, 0x53, 0x08, 0x33, 0x00, 0x86, 0x08, 0x0A, 0x00, 0x90, 0x08, 0x18, 0x00,
    0xA8, 0x08, 0x07, 0x00, 0xAF, 0x08, 0x0F, 0x00, 0xBE, 0x08, 0x07, 0x00, 0xC5, 0x08, 0x03, 0x00,
    0xC8, 0x08, 0x07, 0x00, 0xCF, 0x08, 0x15, 0x00, 0xE4, 0x08, 0x07, 0x00, 0xEB, 0x08, 0x27, 0x00,
    0x12, 0x09, 0x04, 0x00, 0x16, 0x09, 0x03, 0x00, 0x19, 0x09, 0x07, 0x00, 0x20, 0x09, 0x0F, 0x00,
    0x2F, 0x09, 0x07, 0x00, 0x36, 0x09, 0x12, 0x00, 0x48, 0x09, 0x07, 0x00, 0x4F, 0x09, 0x0C, 0x00,
    0x5B, 0x09, 0x07, 0x00, 0x62, 0x09, 0x15, 0x00, 0x77, 0x09, 0x07, 0x00, 0x7E, 0x09, 0x0C, 0x00,
    0x8A, 0x09, 0x07, 0x00, 0x91, 0x09, 0x0C, 0x00, 0x9D, 0x09, 0x07, 0x00, 0xA4, 0x09, 0x24, 0x00,
    0xC8, 0x09, 0x07, 0x00, 0xCF, 0x09, 0x03, 0x00, 0xD2, 0x09, 0x07, 0x00, 0xD9, 0x09, 0x06, 0x00,
    0xDF, 0x09, 0x07, 0x00, 0xE6, 0x09, 0x12, 0x00, 0xF8, 0x09, 0x07, 0x00, 0xFF, 0x09, 0x06, 0x00,
    0x05, 0x0A, 0x07, 0x00, 0x0C, 0x0A, 0x0C, 0x00, 0x18, 0x0A, 0x07, 0x00, 0x1F, 0x0A, 0x18, 0x00,
    0x37, 0x0A, 0x07, 0x00, 0x3E, 0x0A, 0x1B, 0x00, 0x59, 0x0A, 0x07, 0x00, 0x60, 0x0A, 0x06, 0x00,
    0x66, 0x0A, 0x07, 0x00, 0x6D, 0x0A, 0x24, 0x00, 0x91, 0x0A, 0x07, 0x00, 0x98, 0x0A, 0x06, 0x00,
    0x9E, 0x0A, 0x07, 0x00, 0xA5, 0x0A, 0x21, 0x00, 0xC6, 0x0A, 0x07, 0x00, 0xCD, 0x0A, 0x03, 0x00,
    0xD0, 0x0A, 0x07, 0x00, 0xD7, 0x0A, 0x18, 0x00, 0xEF, 0x0A, 0x07, 0x00, 0xF6, 0x0A, 0x06, 0x00,
    0xFC, 0x0A, 0x07, 0x00, 0x03, 0x0B, 0x0C, 0x00, 0x0F, 0x0B, 0x07, 0x00, 0x16, 0x0B, 0x0C, 0x00,
    0x22, 0x0B, 0x07, 0x00, 0x29, 0x0B, 0x09, 0x00, 0x32, 0x0B, 0x07, 0x00, 0x39, 0x0B, 0x36, 0x00,
    0x6F, 0x0B, 0x07, 0x00, 0x76, 0x0B, 0x03, 0x00, 0x79, 0x0B, 0x07, 0x00, 0x80, 0x0B, 0x2A, 0x00,
    0xAA, 0x0B, 0x07, 0x00, 0xB1, 0x0B, 0x06, 0x00, 0xB7, 0x0B, 0x07, 0x00, 0xBE, 0x0B, 0x09, 0x00,
    0xC7, 0x0B, 0x07, 0x00, 0xCE, 0x0B, 0x09, 0x00, 0xD7, 0x0B, 0x07, 0x00, 0xDE, 0x0B, 0x09, 0x00,
    0xE7, 0x0B, 0x07, 0x00, 0xEE, 0x0B, 0x27, 0x00, 0x15, 0x0C, 0x07, 0x00, 0x1C, 0x0C, 0x06, 0x00,
    0x22, 0x0C, 0x07, 0x00, 0x29, 0x0C, 0x03, 0x00, 0x2C, 0x0C, 0x07, 0x00, 0x33, 0x0C, 0x24, 0x00,
    0x57, 0x0C, 0x07, 0x00, 0x5E, 0x0C, 0x45, 0x00, 0xA3, 0x0C, 0x07, 0x00, 0xAA, 0x0C, 0x06, 0x00,
    0xB0, 0x0C, 0x07, 0x00, 0xB7, 0x0C, 0x0C, 0x00, 0xC3, 0x0C, 0x07, 0x00, 0xCA, 0x0C, 0x45, 0x00,
    0x0F, 0x0D, 0x07, 0x00, 0x16, 0x0D, 0x6C, 0x00, 0x82, 0x0D, 0x07, 0x00, 0x89, 0x0D, 0x21, 0x00,
    0xAA, 0x0D, 0x07, 0x00, 0xB1, 0x0D, 0x36, 0x00, 0xE7, 0x0D, 0x0A, 0x00, 0xF1, 0x0D, 0x09, 0x00,
    0xFA, 0x0D, 0x0A, 0x00, 0x04, 0x0E, 0x03, 0x00, 0x07, 0x0E, 0x0A, 0x00, 0x11, 0x0E, 0x1B, 0x00,
    0x2C, 0x0E, 0x0A, 0x00, 0x36, 0x0E, 0x0C, 0x00, 0x42, 0x0E, 0x0A, 0x00, 0x4C, 0x0E, 0x1E, 0x00,
    0x6A, 0x0E, 0x0A, 0x00, 0x74, 0x0E, 0x18, 0x00, 0x8C, 0x0E, 0x0A, 0x00, 0x96, 0x0E, 0x1B, 0x00,
    0xB1, 0x0E, 0x0A, 0x00, 0xBB, 0x0E, 0x15, 0x00, 0xD0, 0x0E, 0x0A, 0x00, 0xDA, 0x0E, 0x09, 0x00,
    0xE3, 0x0E, 0x0A, 0x00, 0xED, 0x0E, 0x0C, 0x00, 0xF9, 0x0E, 0x0A, 0x00, 0x03, 0x0F, 0x18, 0x00,
    0x1B, 0x0F, 0x0A, 0x00, 0x25, 0x0F, 0x03, 0x00, 0x28, 0x0F, 0x0A, 0x00, 0x32, 0x0F, 0x06, 0x00,
    0x38, 0x0F, 0x0A, 0x00, 0x42, 0x0F, 0x12, 0x00, 0x54, 0x0F, 0x0A, 0x00, 0x5E, 0x0F, 0x51, 0x00,
    0xAF, 0x0F, 0x0A, 0x00, 0xB9, 0x0F, 0x03, 0x00, 0xBC, 0x0F, 0x0A, 0x00, 0xC6, 0x0F, 0x03, 0x00,
    0xC9, 0x0F, 0x07, 0x00, 0xD0, 0x0F, 0x1E, 0x00, 0xEE, 0x0F, 0x07, 0x00, 0xF5, 0x0F, 0x39, 0x00,
    0x2E, 0x10, 0x07, 0x00, 0x35, 0x10, 0x21, 0x00, 0x56, 0x10, 0x07, 0x00, 0x5D, 0x10, 0x0F, 0x00,
    0x6C, 0x10, 0x04, 0x00, 0x70, 0x10, 0x03, 0x00, 0x73, 0x10, 0x07, 0x00, 0x7A, 0x10, 0x09, 0x00,
    0x83, 0x10, 0x07, 0x00, 0x8A, 0x10, 0x18, 0x00, 0xA2, 0x10, 0x07, 0x00, 0xA9, 0x10, 0x1B, 0x00,
    0xC4, 0x10, 0x07, 0x00, 0xCB, 0x10, 0x0C, 0x00, 0xD7, 0x10, 0x07, 0x00, 0xDE, 0x10, 0x09, 0x00,
    0xE7, 0x10, 0x07, 0x00, 0xEE, 0x10, 0x03, 0x00, 0xF1, 0x10, 0x07, 0x00, 0xF8, 0x10, 0x2D, 0x00,
    0x25, 0x11, 0x07, 0x00, 0x2C, 0x11, 0x03, 0x00, 0x2F, 0x11, 0x07, 0x00, 0x36, 0x11, 0x96, 0x00,
    0xCC, 0x11, 0x07, 0x00, 0xD3, 0x11, 0x03, 0x00, 0xD6, 0x11, 0x07, 0x00, 0xDD, 0x11, 0x03, 0x00,
    0xE0, 0x11, 0x07, 0x00, 0xE7, 0x11, 0x09, 0x00, 0xF0, 0x11, 0x07, 0x00, 0xF7, 0x11, 0x09, 0x00,
    0x00, 0x12, 0x07, 0x00, 0x07, 0x12, 0x15, 0x00, 0x1C, 0x12, 0x07, 0x00, 0x23, 0x12, 0x51, 0x00,
    0x74, 0x12, 0x07, 0x00, 0x7B, 0x12, 0x1B, 0x00, 0x96, 0x12, 0x07, 0x00, 0x9D, 0x12, 0x27, 0x00,
    0xC4, 0x12, 0x07, 0x00, 0xCB, 0x12, 0x03, 0x00, 0xCE, 0x12, 0x07, 0x00, 0xD5, 0x12, 0x03, 0x00,
    0xD8, 0x12, 0x07, 0x00, 0xDF, 0x12, 0x39, 0x00, 0x18, 0x13, 0x07, 0x00, 0x1F, 0x13, 0x0C, 0x00,
    0x2B, 0x13, 0x07, 0x00, 0x32, 0x13, 0x39, 0x00, 0x6B, 0x13, 0x07, 0x00, 0x72, 0x13, 0x2A, 0x00,
    0x9C, 0x13, 0x07, 0x00, 0xA3, 0x13, 0x09, 0x00, 0xAC, 0x13, 0x07, 0x00, 0xB3, 0x13, 0x2D, 0x00,
    0xE0, 0x13, 0x07, 0x00, 0xE7, 0x13, 0x0C, 0x00, 0xF3, 0x13, 0x07, 0x00, 0xFA, 0x13, 0x2A, 0x00,
    0x24, 0x14, 0x07, 0x00, 0x2B, 0x14, 0x06, 0x00, 0x31, 0x14, 0x07, 0x00, 0x38, 0x14, 0x18, 0x00,
    0x50, 0x14, 0x07, 0x00, 0x57, 0x14, 0x03, 0x00, 0x5A, 0x14, 0x07, 0x00, 0x61, 0x14, 0x09, 0x00,
    0x6A, 0x14, 0x07, 0x00, 0x71, 0x14, 0x03, 0x00, 0x74, 0x14, 0x07, 0x00, 0x7B, 0x14, 0x3F, 0x00,
    0xBA, 0x14, 0x07, 0x00, 0xC1, 0x14, 0x18, 0x00, 0xD9, 0x14, 0x07, 0x00, 0xE0, 0x14, 0x4B, 0x00,
    0x2B, 0x15, 0x07, 0x00, 0x32, 0x15, 0x18, 0x00, 0x4A, 0x15, 0x07, 0x00, 0x51, 0x15, 0x0C, 0x00,
    0x5D, 0x15, 0x07, 0x00, 0x64, 0x15, 0x06, 0x00, 0x6A, 0x15, 0x07, 0x00, 0x71, 0x15, 0x45, 0x00,
    0xB6, 0x15, 0x07, 0x00, 0xBD, 0x15, 0x21, 0x00, 0xDE, 0x15, 0x07, 0x00, 0xE5, 0x15, 0x45, 0x00,
    0x2A, 0x16, 0x0A, 0x00, 0x34, 0x16, 0x09, 0x00, 0x3D, 0x16, 0x0A, 0x00, 0x47, 0x16, 0x27, 0x00,
    0x6E, 0x16, 0x0A, 0x00, 0x78, 0x16, 0x03, 0x00, 0x7B, 0x16, 0x0A, 0x00, 0x85, 0x16, 0x0C, 0x00,
    0x91, 0x16, 0x0A, 0x00, 0x9B, 0x16, 0x1E, 0x00, 0xB9, 0x16, 0x0A, 0x00, 0xC3, 0x16, 0x0C, 0x00,
    0xCF, 0x16, 0x0A, 0x00, 0xD9, 0x16, 0x03, 0x00, 0xDC, 0x16, 0x0A, 0x00, 0xE6, 0x16, 0x06, 0x00,
    0xEC, 0x16, 0x0A, 0x00, 0xF6, 0x16, 0x1B, 0x00, 0x11, 0x17, 0x0A, 0x00, 0x1B, 0x17, 0x30, 0x00,
    0x4B, 0x17, 0x0A, 0x00, 0x55, 0x17, 0x09, 0x00, 0x5E, 0x17, 0x0A, 0x00, 0x68, 0x17, 0x33, 0x00,
    0x9B, 0x17, 0x0A, 0x00, 0xA5, 0x17, 0x36, 0x00, 0xDB, 0x17, 0x0A, 0x00, 0xE5, 0x17, 0x39, 0x00,
    0x1E, 0x18, 0x0A, 0x00, 0x28, 0x18, 0x09, 0x00, 0x31, 0x18, 0x0A, 0x00, 0x3B, 0x18, 0x06, 0x00,
    0x41, 0x18, 0x07, 0x00, 0x48, 0x18, 0x06, 0x00, 0x4E, 0x18, 0x07, 0x00, 0x55, 0x18, 0x1E, 0x00,
    0x73, 0x18, 0x07, 0x00, 0x7A, 0x18, 0x45, 0x00, 0xBF, 0x18, 0x04, 0x00, 0xC3, 0x18, 0x03, 0x00,
    0xC6, 0x18, 0x07, 0x00, 0xCD, 0x18, 0x09, 0x00, 0xD6, 0x18, 0x07, 0x00, 0xDD, 0x18, 0x1E, 0x00,
    0xFB, 0x18, 0x07, 0x00, 0x02, 0x19, 0x09, 0x00, 0x0B, 0x19, 0x07, 0x00, 0x12, 0x19, 0x06, 0x00,
    0x18, 0x19, 0x07, 0x00, 0x1F, 0x19, 0x06, 0x00, 0x25, 0x19, 0x07, 0x00, 0x2C, 0x19, 0x2D, 0x00,
    0x59, 0x19, 0x07, 0x00, 0x60, 0x19, 0x0F, 0x00, 0x6F, 0x19, 0x07, 0x00, 0x76, 0x19, 0x27, 0x00,
    0x9D, 0x19, 0x07, 0x00, 0xA4, 0x19, 0x4B, 0x00, 0xEF, 0x19, 0x07, 0x00, 0xF6, 0x19, 0x0C, 0x00,
    0x02, 0x1A, 0x07, 0x00, 0x09, 0x1A, 0x0F, 0x00, 0x18, 0x1A, 0x07, 0x00, 0x1F, 0x1A, 0x24, 0x00,
    0x43, 0x1A, 0x07, 0x00, 0x4A, 0x1A, 0x57, 0x00, 0xA1, 0x1A, 0x07, 0x00, 0xA8, 0x1A, 0x09, 0x00,
    0xB1, 0x1A, 0x07, 0x00, 0xB8, 0x1A, 0x33, 0x00, 0xEB, 0x1A, 0x07, 0x00, 0xF2, 0x1A, 0x33, 0x00,
    0x25, 0x1B, 0x07, 0x00, 0x2C, 0x1B, 0x3C, 0x00, 0x68, 0x1B, 0x07, 0x00, 0x6F, 0x1B, 0x06, 0x00,
    0x75, 0x1B, 0x07, 0x00, 0x7C, 0x1B, 0x2A, 0x00, 0xA6, 0x1B, 0x07, 0x00, 0xAD, 0x1B, 0x1B, 0x00,
    0xC8, 0x1B, 0x07, 0x00, 0xCF, 0x1B, 0x12, 0x00, 0xE1, 0x1B, 0x07, 0x00, 0xE8, 0x1B, 0x21, 0x00,
    0x09, 0x1C, 0x07, 0x00, 0x10, 0x1C, 0x03, 0x00, 0x13, 0x1C, 0x07, 0x00, 0x1A, 0x1C, 0x4E, 0x00,
    0x68, 0x1C, 0x07, 0x00, 0x6F, 0x1C, 0x18, 0x00, 0x87, 0x1C, 0x07, 0x00, 0x8E, 0x1C, 0x06, 0x00,
    0x94, 0x1C, 0x07, 0x00, 0x9B, 0x1C, 0x18, 0x00, 0xB3, 0x1C, 0x0A, 0x00, 0xBD, 0x1C, 0x03, 0x00,
    0xC0, 0x1C, 0x07, 0x00, 0xC7, 0x1C, 0x51, 0x00, 0x18, 0x1D, 0x07, 0x00, 0x1F, 0x1D, 0xD2, 0x00,
    0xF1, 0x1D, 0x07, 0x00, 0xF8, 0x1D, 0x4B, 0x00, 0x43, 0x1E, 0x07, 0x00, 0x4A, 0x1E, 0x75, 0x00,
    0xBF, 0x1E, 0x04, 0x00, 0xC3, 0x1E, 0x03, 0x00, 0xC6, 0x1E, 0x07, 0x00, 0xCD, 0x1E, 0x18, 0x00,
    0xE5, 0x1E, 0x07, 0x00, 0xEC, 0x1E, 0x3C, 0x00, 0x28, 0x1F, 0x07, 0x00, 0x2F, 0x1F, 0x03, 0x00,
    0x32, 0x1F, 0x07, 0x00, 0x39, 0x1F, 0x03, 0x00, 0x3C, 0x1F, 0x07, 0x00, 0x43, 0x1F, 0x09, 0x00,
    0x4C, 0x1F, 0x07, 0x00, 0x53, 0x1F, 0x09, 0x00, 0x5C, 0x1F, 0x07, 0x00, 0x63, 0x1F, 0x09, 0x00,
    0x6C, 0x1F, 0x07, 0x00, 0x73, 0x1F, 0x06, 0x00, 0x79, 0x1F, 0x07, 0x00, 0x80, 0x1F, 0x54, 0x00,
    0xD4, 0x1F, 0x07, 0x00, 0xDB, 0x1F, 0x03, 0x00, 0xDE, 0x1F, 0x07, 0x00, 0xE5, 0x1F, 0x15, 0x00,
    0xFA, 0x1F, 0x07, 0x00, 0x01, 0x20, 0x03, 0x00, 0x04, 0x20, 0x07, 0x00, 0x0B, 0x20, 0x1B, 0x00,
    0x26, 0x20, 0x07, 0x00, 0x2D, 0x20, 0x27, 0x00, 0x54, 0x20, 0x07, 0x00, 0x5B, 0x20, 0x09, 0x00,
    0x64, 0x20, 0x07, 0x00, 0x6B, 0x20, 0x15, 0x00, 0x80, 0x20, 0x07, 0x00, 0x87, 0x20, 0x33, 0x00,
    0xBA, 0x20, 0x07, 0x00, 0xC1, 0x20, 0x33, 0x00, 0xF4, 0x20, 0x07, 0x00, 0xFB, 0x20, 0x24, 0x00,
    0x1F, 0x21, 0x07, 0x00, 0x26, 0x21, 0x78, 0x00, 0x9E, 0x21, 0x07, 0x00, 0xA5, 0x21, 0x21, 0x00,
    0xC6, 0x21, 0x07, 0x00, 0xCD, 0x21, 0x18, 0x00, 0xE5, 0x21, 0x07, 0x00, 0xEC, 0x21, 0x2D, 0x00,
    0x19, 0x22, 0x07, 0x00, 0x20, 0x22, 0x15, 0x00, 0x35, 0x22, 0x07, 0x00, 0x3C, 0x22, 0x06, 0x00,
    0x42, 0x22, 0x07, 0x00, 0x49, 0x22, 0x1B, 0x00, 0x64, 0x22, 0x07, 0x00, 0x6B, 0x22, 0x24, 0x00,
    0x8F, 0x22, 0x07, 0x00, 0x96, 0x22, 0x4B, 0x00, 0xE1, 0x22, 0x07, 0x00, 0xE8, 0x22, 0x33, 0x00,
    0x1B, 0x23, 0x07, 0x00, 0x22, 0x23, 0x66, 0x00, 0x88, 0x23, 0x07, 0x00, 0x8F, 0x23, 0x03, 0x00,
    0x92, 0x23, 0x0A, 0x00, 0x9C, 0x23, 0x03, 0x00, 0x9F, 0x23, 0x0A, 0x00, 0xA9, 0x23, 0x03, 0x00,
    0xAC, 0x23, 0x0A, 0x00, 0xB6, 0x23, 0x63, 0x00, 0x19, 0x24, 0x0A, 0x00, 0x23, 0x24, 0x30, 0x00,
    0x53, 0x24, 0x0A, 0x00, 0x5D, 0x24, 0x03, 0x00, 0x60, 0x24, 0x0A, 0x00, 0x6A, 0x24, 0x1E, 0x00,
    0x88, 0x24, 0x0A, 0x00, 0x92, 0x24, 0x06, 0x00, 0x98, 0x24, 0x0A, 0x00, 0xA2, 0x24, 0x27, 0x00,
    0xC9, 0x24, 0x0A, 0x00, 0xD3, 0x24, 0x15, 0x00, 0xE8, 0x24, 0x0A, 0x00, 0xF2, 0x24, 0x45, 0x00,
    0x37, 0x25, 0x0A, 0x00, 0x41, 0x25, 0x24, 0x00, 0x65, 0x25, 0x0A, 0x00, 0x6F, 0x25, 0x12, 0x00,
    0x81, 0x25, 0x0A, 0x00, 0x8B, 0x25, 0x27, 0x00, 0xB2, 0x25, 0x07, 0x00, 0xB9, 0x25, 0x0F, 0x00,
    0xC8, 0x25, 0x07, 0x00, 0xCF, 0x25, 0x39, 0x00, 0x08, 0x26, 0x07, 0x00, 0x0F, 0x26, 0x18, 0x00,
    0x27, 0x26, 0x07, 0x00, 0x2E, 0x26, 0x1B, 0x00, 0x49, 0x26, 0x0A, 0x00, 0x53, 0x26, 0x12, 0x00,
    0x65, 0x26, 0x0A, 0x00, 0x6F, 0x26, 0x2D, 0x00, 0x9C, 0x26, 0x0A, 0x00, 0xA6, 0x26, 0x1E, 0x00,
    0xC4, 0x26, 0x0A, 0x00, 0xCE, 0x26, 0x36, 0x00, 0x04, 0x27, 0x0A, 0x00, 0x0E, 0x27, 0x03, 0x00,
    0x11, 0x27, 0x0A, 0x00, 0x1B, 0x27, 0x09, 0x00, 0x24, 0x27, 0x0A, 0x00, 0x2E, 0x27, 0x24, 0x00,
    0x52, 0x27, 0x0A, 0x00, 0x5C, 0x27, 0x0F, 0x00, 0x6B, 0x27, 0x0A, 0x00, 0x75, 0x27, 0x03, 0x00,
    0x78, 0x27, 0x0A, 0x00, 0x82, 0x27, 0x21, 0x00, 0xA3, 0x27, 0x0A, 0x00, 0xAD, 0x27, 0x1B, 0x00,
    0xC8, 0x27, 0x0A, 0x00, 0xD2, 0x27, 0x06, 0x00, 0xD8, 0x27, 0x0A, 0x00, 0xE2, 0x27, 0x39, 0x00,
    0x1B, 0x28, 0x0A, 0x00, 0x25, 0x28, 0x27, 0x00, 0x4C, 0x28, 0x0A, 0x00, 0x56, 0x28, 0x0C, 0x00,
    0x62, 0x28, 0x0A, 0x00, 0x6C, 0x28, 0x1E, 0x00, 0x8A, 0x28, 0x04, 0x00, 0x8E, 0x28, 0x03, 0x00,
    0x91, 0x28, 0x07, 0x00, 0x98, 0x28, 0x18, 0x00, 0xB0, 0x28, 0x07, 0x00, 0xB7, 0x28, 0x09, 0x00,
    0xC0, 0x28, 0x07, 0x00, 0xC7, 0x28, 0x5D, 0x00, 0x24, 0x29, 0x07, 0x00, 0x2B, 0x29, 0x03, 0x00,
    0x2E, 0x29, 0x07, 0x00, 0x35, 0x29, 0x15, 0x00, 0x4A, 0x29, 0x07, 0x00, 0x51, 0x29, 0x06, 0x00,
    0x57, 0x29, 0x07, 0x00, 0x5E, 0x29, 0x36, 0x00, 0x94, 0x29, 0x07, 0x00, 0x9B, 0x29, 0x1E, 0x00,
    0xB9, 0x29, 0x07, 0x00, 0xC0, 0x29, 0x03, 0x00, 0xC3, 0x29, 0x07, 0x00, 0xCA, 0x29, 0x30, 0x00,
    0xFA, 0x29, 0x07, 0x00, 0x01, 0x2A, 0x3C, 0x00, 0x3D, 0x2A, 0x07, 0x00, 0x44, 0x2A, 0x03, 0x00,
    0x47, 0x2A, 0x07, 0x00, 0x4E, 0x2A, 0x03, 0x00, 0x51, 0x2A, 0x07, 0x00, 0x58, 0x2A, 0x06, 0x00,
    0x5E, 0x2A, 0x07, 0x00, 0x65, 0x2A, 0x0C, 0x00, 0x71, 0x2A, 0x07, 0x00, 0x78, 0x2A, 0x0F, 0x00,
    0x87, 0x2A, 0x07, 0x00, 0x8E, 0x2A, 0x06, 0x00, 0x94, 0x2A, 0x07, 0x00, 0x9B, 0x2A, 0x03, 0x00,
    0x9E, 0x2A, 0x07, 0x00, 0xA5, 0x2A, 0x1E, 0x00, 0xC3, 0x2A, 0x07, 0x00, 0xCA, 0x2A, 0x4B, 0x00,
    0x15, 0x2B, 0x07, 0x00, 0x1C, 0x2B, 0x27, 0x00, 0x43, 0x2B, 0x07, 0x00, 0x4A, 0x2B, 0x1B, 0x00,
    0x65, 0x2B, 0x07, 0x00, 0x6C, 0x2B, 0x12, 0x00, 0x7E, 0x2B, 0x07, 0x00, 0x85, 0x2B, 0x4E, 0x00,
    0xD3, 0x2B, 0x07, 0x00, 0xDA, 0x2B, 0x24, 0x00, 0xFE, 0x2B, 0x07, 0x00, 0x05, 0x2C, 0x0C, 0x00,
    0x11, 0x2C, 0x07, 0x00, 0x18, 0x2C, 0x18, 0x00, 0x30, 0x2C, 0x07, 0x00, 0x37, 0x2C, 0x0C, 0x00,
    0x43, 0x2C, 0x07, 0x00, 0x4A, 0x2C, 0x51, 0x00, 0x9B, 0x2C, 0x07, 0x00, 0xA2, 0x2C, 0x09, 0x00,
    0xAB, 0x2C, 0x07, 0x00, 0xB2, 0x2C, 0x3C, 0x00, 0xEE, 0x2C, 0x0A, 0x00, 0xF8, 0x2C, 0x0C, 0x00,
    0x04, 0x2D, 0x0A, 0x00, 0x0E, 0x2D, 0x0C, 0x00, 0x1A, 0x2D, 0x0A, 0x00, 0x24, 0x2D, 0x09, 0x00,
    0x2D, 0x2D, 0x0A, 0x00, 0x37, 0x2D, 0x0F, 0x00, 0x46, 0x2D, 0x0A, 0x00, 0x50, 0x2D, 0x30, 0x00,
    0x80, 0x2D, 0x0A, 0x00, 0x8A, 0x2D, 0x0F, 0x00, 0x99, 0x2D, 0x0A, 0x00, 0xA3, 0x2D, 0x1B, 0x00,
    0xBE, 0x2D, 0x0A, 0x00, 0xC8, 0x2D, 0x15, 0x00, 0xDD, 0x2D, 0x0A, 0x00, 0xE7, 0x2D, 0x27, 0x00,
    0x0E, 0x2E, 0x0A, 0x00, 0x18, 0x2E, 0x24, 0x00, 0x3C, 0x2E, 0x0A, 0x00, 0x46, 0x2E, 0x09, 0x00,
    0x4F, 0x2E, 0x0A, 0x00, 0x59, 0x2E, 0x15, 0x00, 0x6E, 0x2E, 0x0A, 0x00, 0x78, 0x2E, 0x3C, 0x00,
    0xB4, 0x2E, 0x0A, 0x00, 0xBE, 0x2E, 0x21, 0x00, 0xDF, 0x2E, 0x0A, 0x00, 0xE9, 0x2E, 0x03, 0x00,
    0xEC, 0x2E, 0x07, 0x00, 0xF3, 0x2E, 0x0F, 0x00, 0x02, 0x2F, 0x07, 0x00, 0x09, 0x2F, 0x69, 0x00,
    0x72, 0x2F, 0x07, 0x00, 0x79, 0x2F, 0x0F, 0x00, 0x88, 0x2F, 0x07, 0x00, 0x8F, 0x2F, 0x0F, 0x00,
    0x9E, 0x2F, 0x0A, 0x00, 0xA8, 0x2F, 0x2A, 0x00, 0xD2, 0x2F, 0x0A, 0x00, 0xDC, 0x2F, 0x42, 0x00,
    0x1E, 0x30, 0x0A, 0x00, 0x28, 0x30, 0x0F, 0x00, 0x37, 0x30, 0x0A, 0x00, 0x41, 0x30, 0x18, 0x00,
    0x59, 0x30, 0x0A, 0x00, 0x63, 0x30, 0x09, 0x00, 0x6C, 0x30, 0x0A, 0x00, 0x76, 0x30, 0x18, 0x00,
    0x8E, 0x30, 0x0A, 0x00, 0x98, 0x30, 0x06, 0x00, 0x9E, 0x30, 0x0A, 0x00, 0xA8, 0x30, 0x0C, 0x00,
    0xB4, 0x30, 0x0A, 0x00, 0xBE, 0x30, 0x09, 0x00, 0xC7, 0x30, 0x0A, 0x00, 0xD1, 0x30, 0x1B, 0x00,
    0xEC, 0x30, 0x0A, 0x00, 0xF6, 0x30, 0x06, 0x00, 0xFC, 0x30, 0x0A, 0x00, 0x06, 0x31, 0x0F, 0x00,
    0x15, 0x31, 0x0A, 0x00, 0x1F, 0x31, 0x21, 0x00, 0x40, 0x31, 0x0A, 0x00, 0x4A, 0x31, 0x09, 0x00,
    0x53, 0x31, 0x0A, 0x00, 0x5D, 0x31, 0x06, 0x00, 0x63, 0x31, 0x0A, 0x00, 0x6D, 0x31, 0x15, 0x00,
    0x82, 0x31, 0x0A, 0x00, 0x8C, 0x31, 0x72, 0x00, 0xFE, 0x31, 0x0A, 0x00, 0x08, 0x32, 0x15, 0x00,
    0x1D, 0x32, 0x0A, 0x00, 0x27, 0x32, 0x0C, 0x00, 0x33, 0x32, 0x04, 0x00, 0x37, 0x32, 0x03, 0x00,
    0x3A, 0x32, 0x07, 0x00, 0x41, 0x32, 0x03, 0x00, 0x44, 0x32, 0x07, 0x00, 0x4B, 0x32, 0x0C, 0x00,
    0x57, 0x32, 0x07, 0x00, 0x5E, 0x32, 0x09, 0x00, 0x67, 0x32, 0x07, 0x00, 0x6E, 0x32, 0x2A, 0x00,
    0x98, 0x32, 0x07, 0x00, 0x9F, 0x32, 0x03, 0x00, 0xA2, 0x32, 0x07, 0x00, 0xA9, 0x32, 0x03, 0x00,
    0xAC, 0x32, 0x07, 0x00, 0xB3, 0x32, 0x03, 0x00, 0xB6, 0x32, 0x07, 0x00, 0xBD, 0x32, 0x03, 0x00,
    0xC0, 0x32, 0x07, 0x00, 0xC7, 0x32, 0x06, 0x00, 0xCD, 0x32, 0x07, 0x00, 0xD4, 0x32, 0x1E, 0x00,
    0xF2, 0x32, 0x07, 0x00, 0xF9, 0x32, 0x1E, 0x00, 0x17, 0x33, 0x07, 0x00, 0x1E, 0x33, 0x03, 0x00,
    0x21, 0x33, 0x07, 0x00, 0x28, 0x33, 0x0C, 0x00, 0x34, 0x33, 0x07, 0x00, 0x3B, 0x33, 0x06, 0x00,
    0x41, 0x33, 0x07, 0x00, 0x48, 0x33, 0x06, 0x00, 0x4E, 0x33, 0x07, 0x00, 0x55, 0x33, 0x27, 0x00,
    0x7C, 0x33, 0x07, 0x00, 0x83, 0x33, 0x09, 0x00, 0x8C, 0x33, 0x07, 0x00, 0x93, 0x33, 0x06, 0x00,
    0x99, 0x33, 0x07, 0x00, 0xA0, 0x33, 0x06, 0x00, 0xA6, 0x33, 0x07, 0x00, 0xAD, 0x33, 0x0C, 0x00,
    0xB9, 0x33, 0x07, 0x00, 0xC0, 0x33, 0x06, 0x00, 0xC6, 0x33, 0x07, 0x00, 0xCD, 0x33, 0x21, 0x00,
    0xEE, 0x33, 0x07, 0x00, 0xF5, 0x33, 0x12, 0x00, 0x07, 0x34, 0x07, 0x00, 0x0E, 0x34, 0x06, 0x00,
    0x14, 0x34, 0x07, 0x00, 0x1B, 0x34, 0x03, 0x00, 0x1E, 0x34, 0x07, 0x00, 0x25, 0x34, 0x03, 0x00,
    0x28, 0x34, 0x07, 0x00, 0x2F, 0x34, 0x03, 0x00, 0x32, 0x34, 0x07, 0x00, 0x39, 0x34, 0x09, 0x00,
    0x42, 0x34, 0x07, 0x00, 0x49, 0x34, 0x03, 0x00, 0x4C, 0x34, 0x07, 0x00, 0x53, 0x34, 0x03, 0x00,
    0x56, 0x34, 0x07, 0x00, 0x5D, 0x34, 0x09, 0x00, 0x66, 0x34, 0x07, 0x00, 0x6D, 0x34, 0x03, 0x00,
    0x70, 0x34, 0x07, 0x00, 0x77, 0x34, 0x4E, 0x00, 0xC5, 0x34, 0x07, 0x00, 0xCC, 0x34, 0x33, 0x00,
    0xFF, 0x34, 0x07, 0x00, 0x06, 0x35, 0x2A, 0x00, 0x30, 0x35, 0x0A, 0x00, 0x3A, 0x35, 0x09, 0x00,
    0x43, 0x35, 0x0A, 0x00, 0x4D, 0x35, 0x03, 0x00, 0x50, 0x35, 0x0A, 0x00, 0x5A, 0x35, 0x54, 0x00,
    0xAE, 0x35, 0x0A, 0x00, 0xB8, 0x35, 0x15, 0x00, 0xCD, 0x35, 0x0A, 0x00, 0xD7, 0x35, 0x03, 0x00,
    0xDA, 0x35, 0x0A, 0x00, 0xE4, 0x35, 0x03, 0x00, 0xE7, 0x35, 0x0A, 0x00, 0xF1, 0x35, 0x03, 0x00,
    0xF4, 0x35, 0x0A, 0x00, 0xFE, 0x35, 0x15, 0x00, 0x13, 0x36, 0x0A, 0x00, 0x1D, 0x36, 0x03, 0x00,
    0x20, 0x36, 0x0A, 0x00, 0x2A, 0x36, 0x12, 0x00, 0x3C, 0x36, 0x0A, 0x00, 0x46, 0x36, 0x24, 0x00,
    0x6A, 0x36, 0x0A, 0x00, 0x74, 0x36, 0x12, 0x00, 0x86, 0x36, 0x0A, 0x00, 0x90, 0x36, 0x03, 0x00,
    0x93, 0x36, 0x0A, 0x00, 0x9D, 0x36, 0x03, 0x00, 0xA0, 0x36, 0x0A, 0x00, 0xAA, 0x36, 0x06, 0x00,
    0xB0, 0x36, 0x0A, 0x00, 0xBA, 0x36, 0x03, 0x00, 0xBD, 0x36, 0x0A, 0x00, 0xC7, 0x36, 0x03, 0x00,
    0xCA, 0x36, 0x0A, 0x00, 0xD4, 0x36, 0x27, 0x00, 0xFB, 0x36, 0x0A, 0x00, 0x05, 0x37, 0x03, 0x00,
    0x08, 0x37, 0x0A, 0x00, 0x12, 0x37, 0x0C, 0x00, 0x1E, 0x37, 0x07, 0x00, 0x25, 0x37, 0x0F, 0x00,
    0x34, 0x37, 0x07, 0x00, 0x3B, 0x37, 0x09, 0x00, 0x44, 0x37, 0x07, 0x00, 0x4B, 0x37, 0x03, 0x00,
    0x4E, 0x37, 0x0A, 0x00, 0x58, 0x37, 0x12, 0x00, 0x6A, 0x37, 0x0A, 0x00, 0x74, 0x37, 0x03, 0x00,
    0x77, 0x37, 0x0A, 0x00, 0x81, 0x37, 0x1B, 0x00, 0x9C, 0x37, 0x0A, 0x00, 0xA6, 0x37, 0x0C, 0x00,
    0xB2, 0x37, 0x0A, 0x00, 0xBC, 0x37, 0x1E, 0x00, 0xDA, 0x37, 0x0A, 0x00, 0xE4, 0x37, 0x03, 0x00,
    0xE7, 0x37, 0x07, 0x00, 0xEE, 0x37, 0x09, 0x00, 0xF7, 0x37, 0x07, 0x00, 0xFE, 0x37, 0x0C, 0x00,
    0x0A, 0x38, 0x0A, 0x00, 0x14, 0x38, 0x09, 0x00, 0x1D, 0x38, 0x04, 0x00, 0x21, 0x38, 0x03, 0x00,
    0x24, 0x38, 0x07, 0x00, 0x2B, 0x38, 0x15, 0x00, 0x40, 0x38, 0x07, 0x00, 0x47, 0x38, 0x09, 0x00,
    0x50, 0x38, 0x07, 0x00, 0x57, 0x38, 0x06, 0x00, 0x5D, 0x38, 0x07, 0x00, 0x64, 0x38, 0x24, 0x00,
    0x88, 0x38, 0x07, 0x00, 0x8F, 0x38, 0x03, 0x00, 0x92, 0x38, 0x07, 0x00, 0x99, 0x38, 0x30, 0x00,
    0xC9, 0x38, 0x07, 0x00, 0xD0, 0x38, 0x03, 0x00, 0xD3, 0x38, 0x07, 0x00, 0xDA, 0x38, 0x2A, 0x00,
    0x04, 0x39, 0x07, 0x00, 0x0B, 0x39, 0x1B, 0x00, 0x26, 0x39, 0x07, 0x00, 0x2D, 0x39, 0x03, 0x00,
    0x30, 0x39, 0x07, 0x00, 0x37, 0x39, 0x33, 0x00, 0x6A, 0x39, 0x07, 0x00, 0x71, 0x39, 0x4E, 0x00,
    0xBF, 0x39, 0x07, 0x00, 0xC6, 0x39, 0x21, 0x00, 0xE7, 0x39, 0x07, 0x00, 0xEE, 0x39, 0x03, 0x00,
    0xF1, 0x39, 0x07, 0x00, 0xF8, 0x39, 0x21, 0x00, 0x19, 0x3A, 0x07, 0x00, 0x20, 0x3A, 0x21, 0x00,
    0x41, 0x3A, 0x07, 0x00, 0x48, 0x3A, 0x1B, 0x00, 0x63, 0x3A, 0x07, 0x00, 0x6A, 0x3A, 0x03, 0x00,
    0x6D, 0x3A, 0x07, 0x00, 0x74, 0x3A, 0x03, 0x00, 0x77, 0x3A, 0x07, 0x00, 0x7E, 0x3A, 0x30, 0x00,
    0xAE, 0x3A, 0x07, 0x00, 0xB5, 0x3A, 0x0C, 0x00, 0xC1, 0x3A, 0x07, 0x00, 0xC8, 0x3A, 0x0F, 0x00,
    0xD7, 0x3A, 0x07, 0x00, 0xDE, 0x3A, 0x03, 0x00, 0xE1, 0x3A, 0x07, 0x00, 0xE8, 0x3A, 0x3C, 0x00,
    0x24, 0x3B, 0x07, 0x00, 0x2B, 0x3B, 0x24, 0x00, 0x4F, 0x3B, 0x07, 0x00, 0x56, 0x3B, 0x15, 0x00,
    0x6B, 0x3B, 0x07, 0x00, 0x72, 0x3B, 0x03, 0x00, 0x75, 0x3B, 0x07, 0x00, 0x7C, 0x3B, 0x30, 0x00,
    0xAC, 0x3B, 0x07, 0x00, 0xB3, 0x3B, 0x18, 0x00, 0xCB, 0x3B, 0x07, 0x00, 0xD2, 0x3B, 0x09, 0x00,
    0xDB, 0x3B, 0x07, 0x00, 0xE2, 0x3B, 0x15, 0x00, 0xF7, 0x3B, 0x07, 0x00, 0xFE, 0x3B, 0x03, 0x00,
    0x01, 0x3C, 0x07, 0x00, 0x08, 0x3C, 0x09, 0x00, 0x11, 0x3C, 0x07, 0x00, 0x18, 0x3C, 0x03, 0x00,
    0x1B, 0x3C, 0x07, 0x00, 0x22, 0x3C, 0x93, 0x00, 0xB5, 0x3C, 0x07, 0x00, 0xBC, 0x3C, 0x3F, 0x00,
    0xFB, 0x3C, 0x07, 0x00, 0x02, 0x3D, 0x1A, 0x01, 0x1C, 0x3E, 0x07, 0x00, 0x23, 0x3E, 0x03, 0x00,
    0x26, 0x3E, 0x0A, 0x00, 0x30, 0x3E, 0x03, 0x00, 0x33, 0x3E, 0x0A, 0x00, 0x3D, 0x3E, 0x03, 0x00,
    0x40, 0x3E, 0x0A, 0x00, 0x4A, 0x3E, 0x03, 0x00, 0x4D, 0x3E, 0x0A, 0x00, 0x57, 0x3E, 0x48, 0x00,
    0x9F, 0x3E, 0x0A, 0x00, 0xA9, 0x3E, 0x03, 0x00, 0xAC, 0x3E, 0x0A, 0x00, 0xB6, 0x3E, 0x60, 0x00,
    0x16, 0x3F, 0x0A, 0x00, 0x20, 0x3F, 0x18, 0x00, 0x38, 0x3F, 0x0A, 0x00, 0x42, 0x3F, 0x1B, 0x00,
    0x5D, 0x3F, 0x0A, 0x00, 0x67, 0x3F, 0x06, 0x00, 0x6D, 0x3F, 0x0A, 0x00, 0x77, 0x3F, 0x54, 0x00,
    0xCB, 0x3F, 0x0A, 0x00, 0xD5, 0x3F, 0x12, 0x00, 0xE7, 0x3F, 0x0A, 0x00, 0xF1, 0x3F, 0x21, 0x00,
    0x12, 0x40, 0x0A, 0x00, 0x1C, 0x40, 0x5A, 0x00, 0x76, 0x40, 0x0A, 0x00, 0x80, 0x40, 0x12, 0x00,
    0x92, 0x40, 0x0A, 0x00, 0x9C, 0x40, 0x33, 0x00, 0xCF, 0x40, 0x0A, 0x00, 0xD9, 0x40, 0x60, 0x00,
    0x39, 0x41, 0x0A, 0x00, 0x43, 0x41, 0x18, 0x00, 0x5B, 0x41, 0x0A, 0x00, 0x65, 0x41, 0x15, 0x00,
    0x7A, 0x41, 0x0A, 0x00, 0x84, 0x41, 0x24, 0x00, 0xA8, 0x41, 0x0A, 0x00, 0xB2, 0x41, 0x0F, 0x00,
    0xC1, 0x41, 0x0A, 0x00, 0xCB, 0x41, 0x21, 0x00, 0xEC, 0x41, 0x0A, 0x00, 0xF6, 0x41, 0x03, 0x00,
    0xF9, 0x41, 0x0A, 0x00, 0x03, 0x42, 0xA5, 0x00, 0xA8, 0x42, 0x0A, 0x00, 0xB2, 0x42, 0x09, 0x00,
    0xBB, 0x42, 0x0A, 0x00, 0xC5, 0x42, 0x09, 0x00, 0xCE, 0x42, 0x07, 0x00, 0xD5, 0x42, 0x06, 0x00,
    0xDB, 0x42, 0x07, 0x00, 0xE2, 0x42, 0x3F, 0x00, 0x21, 0x43, 0x07, 0x00, 0x28, 0x43, 0x27, 0x00,
    0x4F, 0x43, 0x07, 0x00, 0x56, 0x43, 0x99, 0x00, 0xEF, 0x43, 0x07, 0x00, 0xF6, 0x43, 0x03, 0x00,
    0xF9, 0x43, 0x0A, 0x00, 0x03, 0x44, 0x06, 0x00, 0x09, 0x44, 0x0A, 0x00, 0x13, 0x44, 0x33, 0x00,
    0x46, 0x44, 0x0A, 0x00, 0x50, 0x44, 0x12, 0x00, 0x62, 0x44, 0x0A, 0x00, 0x6C, 0x44, 0x33, 0x00,
    0x9F, 0x44, 0x0A, 0x00, 0xA9, 0x44, 0x21, 0x00, 0xCA, 0x44, 0x0A, 0x00, 0xD4, 0x44, 0x03, 0x00,
    0xD7, 0x44, 0x0A, 0x00, 0xE1, 0x44, 0x06, 0x00, 0xE7, 0x44, 0x0A, 0x00, 0xF1, 0x44, 0x03, 0x00,
    0xF4, 0x44, 0x0A, 0x00, 0xFE, 0x44, 0x33, 0x00, 0x31, 0x45, 0x0A, 0x00, 0x3B, 0x45, 0x03, 0x00,
    0x3E, 0x45, 0x0A, 0x00, 0x48, 0x45, 0x06, 0x00, 0x4E, 0x45, 0x0A, 0x00, 0x58, 0x45, 0x51, 0x00,
    0xA9, 0x45, 0x0A, 0x00, 0xB3, 0x45, 0x09, 0x00, 0xBC, 0x45, 0x0A, 0x00, 0xC6, 0x45, 0x0F, 0x00,
    0xD5, 0x45, 0x07, 0x00, 0xDC, 0x45, 0x15, 0x00, 0xF1, 0x45, 0x07, 0x00, 0xF8, 0x45, 0x39, 0x00,
    0x31, 0x46, 0x07, 0x00, 0x38, 0x46, 0x24, 0x00, 0x5C, 0x46, 0x0A, 0x00, 0x66, 0x46, 0x0F, 0x00,
    0x75, 0x46, 0x0A, 0x00, 0x7F, 0x46, 0x06, 0x00, 0x85, 0x46, 0x0A, 0x00, 0x8F, 0x46, 0x03, 0x00,
    0x92, 0x46, 0x04, 0x00, 0x96, 0x46, 0x03, 0x00, 0x99, 0x46, 0x07, 0x00, 0xA0, 0x46, 0x06, 0x00,
    0xA6, 0x46, 0x07, 0x00, 0xAD, 0x46, 0x09, 0x00, 0xB6, 0x46, 0x07, 0x00, 0xBD, 0x46, 0x03, 0x00,
    0xC0, 0x46, 0x07, 0x00, 0xC7, 0x46, 0x03, 0x00, 0xCA, 0x46, 0x07, 0x00, 0xD1, 0x46, 0x2A, 0x00,
    0xFB, 0x46, 0x07, 0x00, 0x02, 0x47, 0x57, 0x00, 0x59, 0x47, 0x07, 0x00, 0x60, 0x47, 0x15, 0x00,
    0x75, 0x47, 0x07, 0x00, 0x7C, 0x47, 0x0F, 0x00, 0x8B, 0x47, 0x07, 0x00, 0x92, 0x47, 0x03, 0x00,
    0x95, 0x47, 0x07, 0x00, 0x9C, 0x47, 0x27, 0x00, 0xC3, 0x47, 0x07, 0x00, 0xCA, 0x47, 0x03, 0x00,
    0xCD, 0x47, 0x07, 0x00, 0xD4, 0x47, 0x18, 0x00, 0xEC, 0x47, 0x07, 0x00, 0xF3, 0x47, 0x03, 0x00,
    0xF6, 0x47, 0x07, 0x00, 0xFD, 0x47, 0x27, 0x00, 0x24, 0x48, 0x07, 0x00, 0x2B, 0x48, 0x1E, 0x00,
    0x49, 0x48, 0x07, 0x00, 0x50, 0x48, 0x12, 0x00, 0x62, 0x48, 0x07, 0x00, 0x69, 0x48, 0x21, 0x00,
    0x8A, 0x48, 0x07, 0x00, 0x91, 0x48, 0x1B, 0x00, 0xAC, 0x48, 0x07, 0x00, 0xB3, 0x48, 0x36, 0x00,
    0xE9, 0x48, 0x07, 0x00, 0xF0, 0x48, 0x3F, 0x00, 0x2F, 0x49, 0x07, 0x00, 0x36, 0x49, 0x1E, 0x00,
    0x54, 0x49, 0x07, 0x00, 0x5B, 0x49, 0x27, 0x00, 0x82, 0x49, 0x07, 0x00, 0x89, 0x49, 0x06, 0x00,
    0x8F, 0x49, 0x07, 0x00, 0x96, 0x49, 0x03, 0x00, 0x99, 0x49, 0x07, 0x00, 0xA0, 0x49, 0x03, 0x00,
    0xA3, 0x49, 0x07, 0x00, 0xAA, 0x49, 0x09, 0x00, 0xB3, 0x49, 0x07, 0x00, 0xBA, 0x49, 0x39, 0x00,
    0xF3, 0x49, 0x07, 0x00, 0xFA, 0x49, 0x06, 0x00, 0x00, 0x4A, 0x07, 0x00, 0x07, 0x4A, 0x03, 0x00,
    0x0A, 0x4A, 0x07, 0x00, 0x11, 0x4A, 0x27, 0x00, 0x38, 0x4A, 0x07, 0x00, 0x3F, 0x4A, 0x1B, 0x00,
    0x5A, 0x4A, 0x07, 0x00, 0x61, 0x4A, 0x09, 0x00, 0x6A, 0x4A, 0x07, 0x00, 0x71, 0x4A, 0x51, 0x00,
    0xC2, 0x4A, 0x07, 0x00, 0xC9, 0x4A, 0x06, 0x00, 0xCF, 0x4A, 0x07, 0x00, 0xD6, 0x4A, 0x6C, 0x00,
    0x42, 0x4B, 0x07, 0x00, 0x49, 0x4B, 0x33, 0x00, 0x7C, 0x4B, 0x07, 0x00, 0x83, 0x4B, 0x06, 0x00,
    0x89, 0x4B, 0x0A, 0x00, 0x93, 0x4B, 0x3F, 0x00, 0xD2, 0x4B, 0x0A, 0x00, 0xDC, 0x4B, 0x06, 0x00,
    0xE2, 0x4B, 0x0A, 0x00, 0xEC, 0x4B, 0x1B, 0x00, 0x07, 0x4C, 0x0A, 0x00, 0x11, 0x4C, 0x1B, 0x00,
    0x2C, 0x4C, 0x0A, 0x00, 0x36, 0x4C, 0x1E, 0x00, 0x54, 0x4C, 0x0A, 0x00, 0x5E, 0x4C, 0x21, 0x00,
    0x7F, 0x4C, 0x0A, 0x00, 0x89, 0x4C, 0x03, 0x00, 0x8C, 0x4C, 0x0A, 0x00, 0x96, 0x4C, 0x03, 0x00,
    0x99, 0x4C, 0x0A, 0x00, 0xA3, 0x4C, 0x09, 0x00, 0xAC, 0x4C, 0x0A, 0x00, 0xB6, 0x4C, 0x0F, 0x00,
    0xC5, 0x4C, 0x0A, 0x00, 0xCF, 0x4C, 0x39, 0x00, 0x08, 0x4D, 0x0A, 0x00, 0x12, 0x4D, 0x36, 0x00,
    0x48, 0x4D, 0x0A, 0x00, 0x52, 0x4D, 0x2A, 0x00, 0x7C, 0x4D, 0x0A, 0x00, 0x86, 0x4D, 0x27, 0x00,
    0xAD, 0x4D, 0x0A, 0x00, 0xB7, 0x4D, 0x18, 0x00, 0xCF, 0x4D, 0x0A, 0x00, 0xD9, 0x4D, 0x3C, 0x00,
    0x15, 0x4E, 0x0A, 0x00, 0x1F, 0x4E, 0x15, 0x00, 0x34, 0x4E, 0x0A, 0x00, 0x3E, 0x4E, 0x06, 0x00,
    0x44, 0x4E, 0x0A, 0x00, 0x4E, 0x4E, 0x1E, 0x00, 0x6C, 0x4E, 0x0A, 0x00, 0x76, 0x4E, 0x06, 0x00,
    0x7C, 0x4E, 0x0A, 0x00, 0x86, 0x4E, 0x0F, 0x00, 0x95, 0x4E, 0x0A, 0x00, 0x9F, 0x4E, 0x42, 0x00,
    0xE1, 0x4E, 0x0A, 0x00, 0xEB, 0x4E, 0x21, 0x00, 0x0C, 0x4F, 0x0A, 0x00, 0x16, 0x4F, 0x0F, 0x00,
    0x25, 0x4F, 0x04, 0x00, 0x29, 0x4F, 0x03, 0x00, 0x2C, 0x4F, 0x07, 0x00, 0x33, 0x4F, 0x0F, 0x00,
    0x42, 0x4F, 0x07, 0x00, 0x49, 0x4F, 0x0C, 0x00, 0x55, 0x4F, 0x07, 0x00, 0x5C, 0x4F, 0x06, 0x00,
    0x62, 0x4F, 0x07, 0x00, 0x69, 0x4F, 0x42, 0x00, 0xAB, 0x4F, 0x07, 0x00, 0xB2, 0x4F, 0x06, 0x00,
    0xB8, 0x4F, 0x07, 0x00, 0xBF, 0x4F, 0x1B, 0x00, 0xDA, 0x4F, 0x07, 0x00, 0xE1, 0x4F, 0x36, 0x00,
    0x17, 0x50, 0x07, 0x00, 0x1E, 0x50, 0x0C, 0x00, 0x2A, 0x50, 0x07, 0x00, 0x31, 0x50, 0x27, 0x00,
    0x58, 0x50, 0x07, 0x00, 0x5F, 0x50, 0x18, 0x00, 0x77, 0x50, 0x07, 0x00, 0x7E, 0x50, 0x03, 0x00,
    0x81, 0x50, 0x07, 0x00, 0x88, 0x50, 0x15, 0x00, 0x9D, 0x50, 0x07, 0x00, 0xA4, 0x50, 0x09, 0x00,
    0xAD, 0x50, 0x07, 0x00, 0xB4, 0x50, 0x0F, 0x00, 0xC3, 0x50, 0x07, 0x00, 0xCA, 0x50, 0x03, 0x00,
    0xCD, 0x50, 0x07, 0x00, 0xD4, 0x50, 0x24, 0x00, 0xF8, 0x50, 0x07, 0x00, 0xFF, 0x50, 0x15, 0x00,
    0x14, 0x51, 0x07, 0x00, 0x1B, 0x51, 0x2A, 0x00, 0x45, 0x51, 0x07, 0x00, 0x4C, 0x51, 0x1E, 0x00,
    0x6A, 0x51, 0x07, 0x00, 0x71, 0x51, 0x18, 0x00, 0x89, 0x51, 0x07, 0x00, 0x90, 0x51, 0x09, 0x00,
    0x99, 0x51, 0x07, 0x00, 0xA0, 0x51, 0x15, 0x00, 0xB5, 0x51, 0x07, 0x00, 0xBC, 0x51, 0x03, 0x00,
    0xBF, 0x51, 0x07, 0x00, 0xC6, 0x51, 0x03, 0x00, 0xC9, 0x51, 0x07, 0x00, 0xD0, 0x51, 0x1E, 0x00,
    0xEE, 0x51, 0x07, 0x00, 0xF5, 0x51, 0x24, 0x00, 0x19, 0x52, 0x07, 0x00, 0x20, 0x52, 0x03, 0x00,
    0x23, 0x52, 0x07, 0x00, 0x2A, 0x52, 0x21, 0x00, 0x4B, 0x52, 0x07, 0x00, 0x52, 0x52, 0x06, 0x00,
    0x58, 0x52, 0x07, 0x00, 0x5F, 0x52, 0x18, 0x00, 0x77, 0x52, 0x0A, 0x00, 0x81, 0x52, 0x15, 0x00,
    0x96, 0x52, 0x0A, 0x00, 0xA0, 0x52, 0x09, 0x00, 0xA9, 0x52, 0x0A, 0x00, 0xB3, 0x52, 0x09, 0x00,
    0xBC, 0x52, 0x0A, 0x00, 0xC6, 0x52, 0x03, 0x00, 0xC9, 0x52, 0x0A, 0x00, 0xD3, 0x52, 0x21, 0x00,
    0xF4, 0x52, 0x0A, 0x00, 0xFE, 0x52, 0x06, 0x00, 0x04, 0x53, 0x0A, 0x00, 0x0E, 0x53, 0x03, 0x00,
    0x11, 0x53, 0x0A, 0x00, 0x1B, 0x53, 0x30, 0x00, 0x4B, 0x53, 0x0A, 0x00, 0x55, 0x53, 0x27, 0x00,
    0x7C, 0x53, 0x0A, 0x00, 0x86, 0x53, 0x3C, 0x00, 0xC2, 0x53, 0x0A, 0x00, 0xCC, 0x53, 0x12, 0x00,
    0xDE, 0x53, 0x0A, 0x00, 0xE8, 0x53, 0x3F, 0x00, 0x27, 0x54, 0x0A, 0x00, 0x31, 0x54, 0x09, 0x00,
    0x3A, 0x54, 0x0A, 0x00, 0x44, 0x54, 0x09, 0x00, 0x4D, 0x54, 0x0A, 0x00, 0x57, 0x54, 0x2D, 0x00,
    0x84, 0x54, 0x0A, 0x00, 0x8E, 0x54, 0x1E, 0x00, 0xAC, 0x54, 0x0A, 0x00, 0xB6, 0x54, 0x09, 0x00,
    0xBF, 0x54, 0x0A, 0x00, 0xC9, 0x54, 0x15, 0x00, 0xDE, 0x54, 0x0A, 0x00, 0xE8, 0x54, 0x09, 0x00,
    0xF1, 0x54, 0x0A, 0x00, 0xFB, 0x54, 0x03, 0x00, 0xFE, 0x54, 0x0A, 0x00, 0x08, 0x55, 0x2A, 0x00,
    0x32, 0x55, 0x0A, 0x00, 0x3C, 0x55, 0x18, 0x00, 0x54, 0x55, 0x0A, 0x00, 0x5E, 0x55, 0x09, 0x00,
    0x67, 0x55, 0x0A, 0x00, 0x71, 0x55, 0x09, 0x00, 0x7A, 0x55, 0x04, 0x00, 0x7E, 0x55, 0x03, 0x00,
    0x81, 0x55, 0x07, 0x00, 0x88, 0x55, 0x03, 0x00, 0x8B, 0x55, 0x07, 0x00, 0x92, 0x55, 0x06, 0x00,
    0x98, 0x55, 0x07, 0x00, 0x9F, 0x55, 0x03, 0x00, 0xA2, 0x55, 0x07, 0x00, 0xA9, 0x55, 0x0C, 0x00,
    0xB5, 0x55, 0x07, 0x00, 0xBC, 0x55, 0x87, 0x00, 0x43, 0x56, 0x07, 0x00, 0x4A, 0x56, 0x2D, 0x00,
    0x77, 0x56, 0x07, 0x00, 0x7E, 0x56, 0x09, 0x00, 0x87, 0x56, 0x07, 0x00, 0x8E, 0x56, 0x0C, 0x00,
    0x9A, 0x56, 0x07, 0x00, 0xA1, 0x56, 0x09, 0x00, 0xAA, 0x56, 0x07, 0x00, 0xB1, 0x56, 0x18, 0x00,
    0xC9, 0x56, 0x07, 0x00, 0xD0, 0x56, 0x0C, 0x00, 0xDC, 0x56, 0x07, 0x00, 0xE3, 0x56, 0x03, 0x00,
    0xE6, 0x56, 0x07, 0x00, 0xED, 0x56, 0x09, 0x00, 0xF6, 0x56, 0x07, 0x00, 0xFD, 0x56, 0x2A, 0x00,
    0x27, 0x57, 0x07, 0x00, 0x2E, 0x57, 0x06, 0x00, 0x34, 0x57, 0x07, 0x00, 0x3B, 0x57, 0x45, 0x00,
    0x80, 0x57, 0x07, 0x00, 0x87, 0x57, 0x06, 0x00, 0x8D, 0x57, 0x07, 0x00, 0x94, 0x57, 0x21, 0x00,
    0xB5, 0x57, 0x07, 0x00, 0xBC, 0x57, 0x03, 0x00, 0xBF, 0x57, 0x07, 0x00, 0xC6, 0x57, 0x24, 0x00,
    0xEA, 0x57, 0x07, 0x00, 0xF1, 0x57, 0x1E, 0x00, 0x0F, 0x58, 0x07, 0x00, 0x16, 0x58, 0x27, 0x00,
    0x3D, 0x58, 0x07, 0x00, 0x44, 0x58, 0x12, 0x00, 0x56, 0x58, 0x07, 0x00, 0x5D, 0x58, 0x6F, 0x00,
    0xCC, 0x58, 0x07, 0x00, 0xD3, 0x58, 0x09, 0x00, 0xDC, 0x58, 0x07, 0x00, 0xE3, 0x58, 0x06, 0x00,
    0xE9, 0x58, 0x07, 0x00, 0xF0, 0x58, 0x03, 0x00, 0xF3, 0x58, 0x07, 0x00, 0xFA, 0x58, 0x03, 0x00,
    0xFD, 0x58, 0x07, 0x00, 0x04, 0x59, 0x2A, 0x00, 0x2E, 0x59, 0x07, 0x00, 0x35, 0x59, 0x03, 0x00,
    0x38, 0x59, 0x07, 0x00, 0x3F, 0x59, 0x06, 0x00, 0x45, 0x59, 0x07, 0x00, 0x4C, 0x59, 0x0C, 0x00,
    0x58, 0x59, 0x07, 0x00, 0x5F, 0x59, 0x2D, 0x00, 0x8C, 0x59, 0x07, 0x00, 0x93, 0x59, 0x0C, 0x00,
    0x9F, 0x59, 0x07, 0x00, 0xA6, 0x59, 0x51, 0x00, 0xF7, 0x59, 0x07, 0x00, 0xFE, 0x59, 0x63, 0x00,
    0x61, 0x5A, 0x07, 0x00, 0x68, 0x5A, 0x12, 0x00, 0x7A, 0x5A, 0x07, 0x00, 0x81, 0x5A, 0x57, 0x00,
    0xD8, 0x5A, 0x0A, 0x00, 0xE2, 0x5A, 0x12, 0x00, 0xF4, 0x5A, 0x0A, 0x00, 0xFE, 0x5A, 0x2A, 0x00,
    0x28, 0x5B, 0x0A, 0x00, 0x32, 0x5B, 0x2D, 0x00, 0x5F, 0x5B, 0x0A, 0x00, 0x69, 0x5B, 0x03, 0x00,
    0x6C, 0x5B, 0x0A, 0x00, 0x76, 0x5B, 0x0C, 0x00, 0x82, 0x5B, 0x0A, 0x00, 0x8C, 0x5B, 0x0C, 0x00,
    0x98, 0x5B, 0x0A, 0x00, 0xA2, 0x5B, 0x72, 0x00, 0x14, 0x5C, 0x0A, 0x00, 0x1E, 0x5C, 0x03, 0x00,
    0x21, 0x5C, 0x0A, 0x00, 0x2B, 0x5C, 0x21, 0x00, 0x4C, 0x5C, 0x0A, 0x00, 0x56, 0x5C, 0x12, 0x00,
    0x68, 0x5C, 0x0A, 0x00, 0x72, 0x5C, 0x45, 0x00, 0xB7, 0x5C, 0x0A, 0x00, 0xC1, 0x5C, 0x1B, 0x00,
    0xDC, 0x5C, 0x0A, 0x00, 0xE6, 0x5C, 0x24, 0x00, 0x0A, 0x5D, 0x0A, 0x00, 0x14, 0x5D, 0x90, 0x00,
    0xA4, 0x5D, 0x0A, 0x00, 0xAE, 0x5D, 0x18, 0x00, 0xC6, 0x5D, 0x0A, 0x00, 0xD0, 0x5D, 0x4B, 0x00,
    0x1B, 0x5E, 0x0A, 0x00, 0x25, 0x5E, 0x12, 0x00, 0x37, 0x5E, 0x0A, 0x00, 0x41, 0x5E, 0x3C, 0x00,
    0x7D, 0x5E, 0x0A, 0x00, 0x87, 0x5E, 0x21, 0x00, 0xA8, 0x5E, 0x0A, 0x00, 0xB2, 0x5E, 0x24, 0x00,
    0xD6, 0x5E, 0x0A, 0x00, 0xE0, 0x5E, 0x06, 0x00, 0xE6, 0x5E, 0x0A, 0x00, 0xF0, 0x5E, 0x1B, 0x00,
    0x0B, 0x5F, 0x0A, 0x00, 0x15, 0x5F, 0x12, 0x00, 0x27, 0x5F, 0x0A, 0x00, 0x31, 0x5F, 0x66, 0x00,
    0x97, 0x5F, 0x0A, 0x00, 0xA1, 0x5F, 0x21, 0x00, 0xC2, 0x5F, 0x0A, 0x00, 0xCC, 0x5F, 0x06, 0x00,
    0xD2, 0x5F, 0x0A, 0x00, 0xDC, 0x5F, 0x2A, 0x00, 0x06, 0x60, 0x0A, 0x00, 0x10, 0x60, 0x69, 0x00,
    0x79, 0x60, 0x0A, 0x00, 0x83, 0x60, 0x06, 0x00, 0x89, 0x60, 0x0A, 0x00, 0x93, 0x60, 0x0F, 0x00,
    0xA2, 0x60, 0x04, 0x00, 0xA6, 0x60, 0x03, 0x00, 0xA9, 0x60, 0x07, 0x00, 0xB0, 0x60, 0xCC, 0x00,
    0x7C, 0x61, 0x07, 0x00, 0x83, 0x61, 0xDB, 0x00, 0x5E, 0x62, 0x07, 0x00, 0x65, 0x62, 0x3C, 0x00,
    0xA1, 0x62, 0x07, 0x00, 0xA8, 0x62, 0xC0, 0x00, 0x68, 0x63, 0x0A, 0x00, 0x72, 0x63, 0x51, 0x00,
    0xC3, 0x63, 0x0A, 0x00, 0xCD, 0x63, 0x45, 0x00, 0x12, 0x64, 0x0A, 0x00, 0x1C, 0x64, 0x30, 0x00,
    0x4C, 0x64, 0x0A, 0x00, 0x56, 0x64, 0x1B, 0x00, 0x71, 0x64, 0x0A, 0x00, 0x7B, 0x64, 0x36, 0x00,
    0xB1, 0x64, 0x0A, 0x00, 0xBB, 0x64, 0xA8, 0x00, 0x63, 0x65, 0x0A, 0x00, 0x6D, 0x65, 0x0F, 0x00,
    0x7C, 0x65, 0x0A, 0x00, 0x86, 0x65, 0x4B, 0x00, 0xD1, 0x65, 0x0A, 0x00, 0xDB, 0x65, 0x03, 0x00,
    0xDE, 0x65, 0x0A, 0x00, 0xE8, 0x65, 0x69, 0x00, 0x51, 0x66, 0x0A, 0x00, 0x5B, 0x66, 0x03, 0x00,
    0x5E, 0x66, 0x0A, 0x00, 0x68, 0x66, 0x5A, 0x00, 0xC2, 0x66, 0x0A, 0x00, 0xCC, 0x66, 0x42, 0x00,
    0x0E, 0x67, 0x0A, 0x00, 0x18, 0x67, 0x30, 0x00, 0x48, 0x67, 0x0A, 0x00, 0x52, 0x67, 0x18, 0x00,
    0x6A, 0x67, 0x0A, 0x00, 0x74, 0x67, 0x30, 0x00, 0xA4, 0x67, 0x0A, 0x00, 0xAE, 0x67, 0x03, 0x00,
    0xB1, 0x67, 0x0A, 0x00, 0xBB, 0x67, 0xA2, 0x00, 0x5D, 0x68, 0x0A, 0x00, 0x67, 0x68, 0x57, 0x00,
    0xBE, 0x68, 0x0A, 0x00, 0xC8, 0x68, 0x84, 0x00, 0x4C, 0x69, 0x0A, 0x00, 0x56, 0x69, 0x3C, 0x00,
    0x92, 0x69, 0x0A, 0x00, 0x9C, 0x69, 0x2D, 0x00, 0xC9, 0x69, 0x0A, 0x00, 0xD3, 0x69, 0x63, 0x00,
    0x36, 0x6A, 0x0A, 0x00, 0x40, 0x6A, 0x33, 0x00, 0x73, 0x6A, 0x0A, 0x00, 0x7D, 0x6A, 0x12, 0x00,
    0x8F, 0x6A, 0x0A, 0x00, 0x99, 0x6A, 0x2D, 0x00, 0xC6, 0x6A, 0x0A, 0x00, 0xD0, 0x6A, 0x54, 0x00,
    0x24, 0x6B, 0x0A, 0x00, 0x2E, 0x6B, 0x2D, 0x00, 0x5B, 0x6B, 0x0A, 0x00, 0x65, 0x6B, 0x4E, 0x00,
    0xB3, 0x6B, 0x07, 0x00, 0xBA, 0x6B, 0x60, 0x00, 0x1A, 0x6C, 0x07, 0x00, 0x21, 0x6C, 0x60, 0x00,
    0x81, 0x6C, 0x07, 0x00, 0x88, 0x6C, 0x33, 0x00, 0xBB, 0x6C, 0x07, 0x00, 0xC2, 0x6C, 0x90, 0x00,
    0x52, 0x6D, 0x0A, 0x00, 0x5C, 0x6D, 0x09, 0x00, 0x65, 0x6D, 0x0A, 0x00, 0x6F, 0x6D, 0xBD, 0x00,
    0x2C, 0x6E, 0x0A, 0x00, 0x36, 0x6E, 0x03, 0x00, 0x39, 0x6E, 0x0A, 0x00, 0x43, 0x6E, 0x03, 0x00,
    0x46, 0x6E, 0x0A, 0x00, 0x50, 0x6E, 0x21, 0x00, 0x71, 0x6E, 0x0A, 0x00, 0x7B, 0x6E, 0x0F, 0x00,
    0x8A, 0x6E, 0x0A, 0x00, 0x94, 0x6E, 0x36, 0x00, 0xCA, 0x6E, 0x0A, 0x00, 0xD4, 0x6E, 0x2D, 0x00,
    0x01, 0x6F, 0x0A, 0x00, 0x0B, 0x6F, 0x06, 0x00, 0x11, 0x6F, 0x0A, 0x00, 0x1B, 0x6F, 0x42, 0x00,
    0x5D, 0x6F, 0x0A, 0x00, 0x67, 0x6F, 0x09, 0x00, 0x70, 0x6F, 0x0A, 0x00, 0x7A, 0x6F, 0x2A, 0x00,
    0xA4, 0x6F, 0x04, 0x00, 0xA8, 0x6F, 0x03, 0x00, 0xAB, 0x6F, 0x07, 0x00, 0xB2, 0x6F, 0x72, 0x00,
    0x24, 0x70, 0x07, 0x00, 0x2B, 0x70, 0xC0, 0x00, 0xEB, 0x70, 0x07, 0x00, 0xF2, 0x70, 0x33, 0x00,
    0x25, 0x71, 0x07, 0x00, 0x2C, 0x71, 0x5A, 0x00, 0x86, 0x71, 0x0A, 0x00, 0x90, 0x71, 0x03, 0x00,
    0x93, 0x71, 0x0A, 0x00, 0x9D, 0x71, 0x06, 0x00, 0xA3, 0x71, 0x0A, 0x00, 0xAD, 0x71, 0x0F, 0x00,
    0xBC, 0x71, 0x0A, 0x00, 0xC6, 0x71, 0x06, 0x00, 0xCC, 0x71, 0x0A, 0x00, 0xD6, 0x71, 0x09, 0x00,
    0xDF, 0x71, 0x0A, 0x00, 0xE9, 0x71, 0x03, 0x00, 0xEC, 0x71, 0x0A, 0x00, 0xF6, 0x71, 0x30, 0x00,
    0x26, 0x72, 0x0A, 0x00, 0x30, 0x72, 0x3C, 0x00, 0x6C, 0x72, 0x0A, 0x00, 0x76, 0x72, 0x36, 0x00,
    0xAC, 0x72, 0x0A, 0x00, 0xB6, 0x72, 0x15, 0x00, 0xCB, 0x72, 0x0A, 0x00, 0xD5, 0x72, 0x24, 0x00,
    0xF9, 0x72, 0x0A, 0x00, 0x03, 0x73, 0x3C, 0x00, 0x3F, 0x73, 0x0A, 0x00, 0x49, 0x73, 0x78, 0x00,
    0xC1, 0x73, 0x0A, 0x00, 0xCB, 0x73, 0x03, 0x00, 0xCE, 0x73, 0x0A, 0x00, 0xD8, 0x73, 0x6C, 0x00,
    0x44, 0x74, 0x0A, 0x00, 0x4E, 0x74, 0x5A, 0x00, 0xA8, 0x74, 0x0A, 0x00, 0xB2, 0x74, 0x1E, 0x00,
    0xD0, 0x74, 0x0A, 0x00, 0xDA, 0x74, 0x33, 0x00, 0x0D, 0x75, 0x0A, 0x00, 0x17, 0x75, 0x1B, 0x00,
    0x32, 0x75, 0x0A, 0x00, 0x3C, 0x75, 0x42, 0x00, 0x7E, 0x75, 0x0A, 0x00, 0x88, 0x75, 0x15, 0x00,
    0x9D, 0x75, 0x0A, 0x00, 0xA7, 0x75, 0x0F, 0x00, 0xB6, 0x75, 0x0A, 0x00, 0xC0, 0x75, 0x3C, 0x00,
    0xFC, 0x75, 0x0A, 0x00, 0x06, 0x76, 0x27, 0x00, 0x2D, 0x76, 0x0A, 0x00, 0x37, 0x76, 0x1B, 0x00,
    0x52, 0x76, 0x0A, 0x00, 0x5C, 0x76, 0x0F, 0x00, 0x6B, 0x76, 0x0A, 0x00, 0x75, 0x76, 0x27, 0x00,
    0x9C, 0x76, 0x0A, 0x00, 0xA6, 0x76, 0x1B, 0x00, 0xC1, 0x76, 0x0A, 0x00, 0xCB, 0x76, 0x09, 0x00,
    0xD4, 0x76, 0x0A, 0x00, 0xDE, 0x76, 0x2A, 0x00, 0x08, 0x77, 0x07, 0x00, 0x0F, 0x77, 0x51, 0x00,
    0x60, 0x77, 0x07, 0x00, 0x67, 0x77, 0x60, 0x00, 0xC7, 0x77, 0x07, 0x00, 0xCE, 0x77, 0x12, 0x00,
    0xE0, 0x77, 0x07, 0x00, 0xE7, 0x77, 0x1E, 0x00, 0x05, 0x78, 0x0A, 0x00, 0x0F, 0x78, 0x09, 0x00,
    0x18, 0x78, 0x0A, 0x00, 0x22, 0x78, 0x03, 0x00, 0x25, 0x78, 0x0A, 0x00, 0x2F, 0x78, 0x42, 0x00,
    0x71, 0x78, 0x0A, 0x00, 0x7B, 0x78, 0x12, 0x00, 0x8D, 0x78, 0x0A, 0x00, 0x97, 0x78, 0x60, 0x00,
    0xF7, 0x78, 0x0A, 0x00, 0x01, 0x79, 0x18, 0x00, 0x19, 0x79, 0x0A, 0x00, 0x23, 0x79, 0x0F, 0x00,
    0x32, 0x79, 0x0A, 0x00, 0x3C, 0x79, 0x09, 0x00, 0x45, 0x79, 0x0A, 0x00, 0x4F, 0x79, 0x0F, 0x00,
    0x5E, 0x79, 0x0A, 0x00, 0x68, 0x79, 0x09, 0x00, 0x71, 0x79, 0x0A, 0x00, 0x7B, 0x79, 0x3C, 0x00,
    0xB7, 0x79, 0x04, 0x00, 0xBB, 0x79, 0x03, 0x00, 0xBE, 0x79, 0x07, 0x00, 0xC5, 0x79, 0x11, 0x01,
    0xD6, 0x7A, 0x07, 0x00, 0xDD, 0x7A, 0x63, 0x00, 0x40, 0x7B, 0x07, 0x00, 0x47, 0x7B, 0x3F, 0x00,
    0x86, 0x7B, 0x07, 0x00, 0x8D, 0x7B, 0x84, 0x00, 0x11, 0x7C, 0x07, 0x00, 0x18, 0x7C, 0x06, 0x00,
    0x1E, 0x7C, 0x0A, 0x00, 0x28, 0x7C, 0x0F, 0x00, 0x37, 0x7C, 0x0A, 0x00, 0x41, 0x7C, 0x60, 0x00,
    0xA1, 0x7C, 0x0A, 0x00, 0xAB, 0x7C, 0x1E, 0x00, 0xC9, 0x7C, 0x0A, 0x00, 0xD3, 0x7C, 0x03, 0x00,
    0xD6, 0x7C, 0x0A, 0x00, 0xE0, 0x7C, 0x15, 0x00, 0xF5, 0x7C, 0x0A, 0x00, 0xFF, 0x7C, 0x57, 0x00,
    0x56, 0x7D, 0x0A, 0x00, 0x60, 0x7D, 0x06, 0x00, 0x66, 0x7D, 0x0A, 0x00, 0x70, 0x7D, 0x90, 0x00,
    0x00, 0x7E, 0x0A, 0x00, 0x0A, 0x7E, 0x03, 0x00, 0x0D, 0x7E, 0x0A, 0x00, 0x17, 0x7E, 0x90, 0x00,
    0xA7, 0x7E, 0x0A, 0x00, 0xB1, 0x7E, 0x0C, 0x00, 0xBD, 0x7E, 0x0A, 0x00, 0xC7, 0x7E, 0x0F, 0x00,
    0xD6, 0x7E, 0x0A, 0x00, 0xE0, 0x7E, 0x21, 0x00, 0x01, 0x7F, 0x0A, 0x00, 0x0B, 0x7F, 0x36, 0x00,
    0x41, 0x7F, 0x0A, 0x00, 0x4B, 0x7F, 0x09, 0x00, 0x54, 0x7F, 0x0A, 0x00, 0x5E, 0x7F, 0x33, 0x00,
    0x91, 0x7F, 0x0A, 0x00, 0x9B, 0x7F, 0x60, 0x00, 0xFB, 0x7F, 0x0A, 0x00, 0x05, 0x80, 0x54, 0x00,
    0x59, 0x80, 0x0A, 0x00, 0x63, 0x80, 0x54, 0x00, 0xB7, 0x80, 0x0A, 0x00, 0xC1, 0x80, 0x5A, 0x00,
    0x1B, 0x81, 0x0A, 0x00, 0x25, 0x81, 0x3F, 0x00, 0x64, 0x81, 0x0A, 0x00, 0x6E, 0x81, 0x0F, 0x00,
    0x7D, 0x81, 0x0A, 0x00, 0x87, 0x81, 0x03, 0x00, 0x8A, 0x81, 0x0A, 0x00, 0x94, 0x81, 0x21, 0x00,
    0xB5, 0x81, 0x0A, 0x00, 0xBF, 0x81, 0x30, 0x00, 0xEF, 0x81, 0x0A, 0x00, 0xF9, 0x81, 0x0F, 0x00,
    0x08, 0x82, 0x0A, 0x00, 0x12, 0x82, 0x18, 0x00, 0x2A, 0x82, 0x0A, 0x00, 0x34, 0x82, 0x39, 0x00,
    0x6D, 0x82, 0x0A, 0x00, 0x77, 0x82, 0x2A, 0x00, 0xA1, 0x82, 0x0A, 0x00, 0xAB, 0x82, 0x2D, 0x00,
    0xD8, 0x82, 0x0A, 0x00, 0xE2, 0x82, 0x0C, 0x00, 0xEE, 0x82, 0x0A, 0x00, 0xF8, 0x82, 0x24, 0x00,
    0x1C, 0x83, 0x07, 0x00, 0x23, 0x83, 0x5D, 0x00, 0x80, 0x83, 0x07, 0x00, 0x87, 0x83, 0x03, 0x00,
    0x8A, 0x83, 0x07, 0x00, 0x91, 0x83, 0x2D, 0x00, 0xBE, 0x83, 0x07, 0x00, 0xC5, 0x83, 0x6C, 0x00,
    0x31, 0x84, 0x0A, 0x00, 0x3B, 0x84, 0x0F, 0x00, 0x4A, 0x84, 0x0A, 0x00, 0x54, 0x84, 0x18, 0x00,
    0x6C, 0x84, 0x0A, 0x00, 0x76, 0x84, 0x06, 0x00, 0x7C, 0x84, 0x0A, 0x00, 0x86, 0x84, 0x1E, 0x00,
    0xA4, 0x84, 0x0A, 0x00, 0xAE, 0x84, 0x5D, 0x00, 0x0B, 0x85, 0x0A, 0x00, 0x15, 0x85, 0x2D, 0x00,
    0x42, 0x85, 0x0A, 0x00, 0x4C, 0x85, 0x0C, 0x00, 0x58, 0x85, 0x0A, 0x00, 0x62, 0x85, 0x42, 0x00,
    0xA4, 0x85, 0x0A, 0x00, 0xAE, 0x85, 0x2A, 0x00, 0xD8, 0x85, 0x0A, 0x00, 0xE2, 0x85, 0x54, 0x00,
    0x36, 0x86, 0x0A, 0x00, 0x40, 0x86, 0x30, 0x00, 0x70, 0x86, 0x0A, 0x00, 0x7A, 0x86, 0x1B, 0x00,
    0x95, 0x86, 0x0A, 0x00, 0x9F, 0x86, 0x09, 0x00, 0xA8, 0x86, 0x0A, 0x00, 0xB2, 0x86, 0x06, 0x00,
    0xB8, 0x86, 0x04, 0x00, 0xBC, 0x86, 0x63, 0x00, 0x1F, 0x87, 0x04, 0x00, 0x23, 0x87, 0x63, 0x00,
    0x86, 0x87, 0x04, 0x00, 0x8A, 0x87, 0x51, 0x00, 0xDB, 0x87, 0x04, 0x00, 0xDF, 0x87, 0xDB, 0x00,
    0xBA, 0x88, 0x07, 0x00, 0xC1, 0x88, 0x24, 0x00, 0xE5, 0x88, 0x07, 0x00, 0xEC, 0x88, 0x24, 0x00,
    0x10, 0x89, 0x07, 0x00, 0x17, 0x89, 0x0F, 0x00, 0x26, 0x89, 0x07, 0x00, 0x2D, 0x89, 0x33, 0x00,
    0x60, 0x89, 0x07, 0x00, 0x67, 0x89, 0x0C, 0x00, 0x73, 0x89, 0x07, 0x00, 0x7A, 0x89, 0x4B, 0x00,
    0xC5, 0x89, 0x07, 0x00, 0xCC, 0x89, 0x09, 0x00, 0xD5, 0x89, 0x07, 0x00, 0xDC, 0x89, 0x1B, 0x00,
    0xF7, 0x89, 0x07, 0x00, 0xFE, 0x89, 0x0F, 0x00, 0x0D, 0x8A, 0x07, 0x00, 0x14, 0x8A, 0x0C, 0x00,
    0x20, 0x8A, 0x07, 0x00, 0x27, 0x8A, 0x06, 0x00, 0x2D, 0x8A, 0x07, 0x00, 0x34, 0x8A, 0x06, 0x00,
    0x3A, 0x8A, 0x07, 0x00, 0x41, 0x8A, 0x12, 0x00, 0x53, 0x8A, 0x07, 0x00, 0x5A, 0x8A, 0x2A, 0x00,
    0x84, 0x8A, 0x07, 0x00, 0x8B, 0x8A, 0x06, 0x00, 0x91, 0x8A, 0x07, 0x00, 0x98, 0x8A, 0x0F, 0x00,
    0xA7, 0x8A, 0x07, 0x00, 0xAE, 0x8A, 0x39, 0x00, 0xE7, 0x8A, 0x07, 0x00, 0xEE, 0x8A, 0x42, 0x00,
    0x30, 0x8B, 0x07, 0x00, 0x37, 0x8B, 0x06, 0x00, 0x3D, 0x8B, 0x07, 0x00, 0x44, 0x8B, 0x0C, 0x00,
    0x50, 0x8B, 0x07, 0x00, 0x57, 0x8B, 0x36, 0x00, 0x8D, 0x8B, 0x07, 0x00, 0x94, 0x8B, 0x3C, 0x00,
    0xD0, 0x8B, 0x07, 0x00, 0xD7, 0x8B, 0x30, 0x00, 0x07, 0x8C, 0x07, 0x00, 0x0E, 0x8C, 0x2D, 0x00,
    0x3B, 0x8C, 0x07, 0x00, 0x42, 0x8C, 0x73, 0x00, 0xB5, 0x8C, 0x07, 0x00, 0xBC, 0x8C, 0x3F, 0x00,
    0xFB, 0x8C, 0x07, 0x00, 0x02, 0x8D, 0x3C, 0x00, 0x3E, 0x8D, 0x07, 0x00, 0x45, 0x8D, 0x33, 0x00,
    0x78, 0x8D, 0x07, 0x00, 0x7F, 0x8D, 0x0F, 0x00, 0x8E, 0x8D, 0x07, 0x00, 0x95, 0x8D, 0x2D, 0x00,
    0xC2, 0x8D, 0x07, 0x00, 0xC9, 0x8D, 0x45, 0x00, 0x0E, 0x8E, 0x07, 0x00, 0x15, 0x8E, 0x0F, 0x00,
    0x24, 0x8E, 0x07, 0x00, 0x2B, 0x8E, 0x18, 0x00, 0x43, 0x8E, 0x07, 0x00, 0x4A, 0x8E, 0x4E, 0x00,
    0x98, 0x8E, 0x07, 0x00, 0x9F, 0x8E, 0x3C, 0x00, 0xDB, 0x8E, 0x07, 0x00, 0xE2, 0x8E, 0x3C, 0x00,
    0x1E, 0x8F, 0x07, 0x00, 0x25, 0x8F, 0x66, 0x00, 0x8B, 0x8F, 0x0A, 0x00, 0x95, 0x8F, 0x0C, 0x00,
    0xA1, 0x8F, 0x0A, 0x00, 0xAB, 0x8F, 0x03, 0x00, 0xAE, 0x8F, 0x0A, 0x00, 0xB8, 0x8F, 0x0F, 0x00,
    0xC7, 0x8F, 0x0A, 0x00, 0xD1, 0x8F, 0x75, 0x00, 0x46, 0x90, 0x0A, 0x00, 0x50, 0x90, 0x03, 0x00,
    0x53, 0x90, 0x0A, 0x00, 0x5D, 0x90, 0x03, 0x00, 0x60, 0x90, 0x0A, 0x00, 0x6A, 0x90, 0x03, 0x00,
    0x6D, 0x90, 0x0A, 0x00, 0x77, 0x90, 0x18, 0x00, 0x8F, 0x90, 0x0A, 0x00, 0x99, 0x90, 0x03, 0x00,
    0x9C, 0x90, 0x0A, 0x00, 0xA6, 0x90, 0x1B, 0x00, 0xC1, 0x90, 0x0A, 0x00, 0xCB, 0x90, 0x2A, 0x00,
    0xF5, 0x90, 0x0A, 0x00, 0xFF, 0x90, 0x06, 0x00, 0x05, 0x91, 0x0A, 0x00, 0x0F, 0x91, 0x21, 0x00,
    0x30, 0x91, 0x0A, 0x00, 0x3A, 0x91, 0x15, 0x00, 0x4F, 0x91, 0x0A, 0x00, 0x59, 0x91, 0x0F, 0x00,
    0x68, 0x91, 0x0A, 0x00, 0x72, 0x91, 0x03, 0x00, 0x75, 0x91, 0x0A, 0x00, 0x7F, 0x91, 0x15, 0x00,
    0x94, 0x91, 0x0A, 0x00, 0x9E, 0x91, 0x03, 0x00, 0xA1, 0x91, 0x0A, 0x00, 0xAB, 0x91, 0x0F, 0x00,
    0xBA, 0x91, 0x0A, 0x00, 0xC4, 0x91, 0x36, 0x00, 0xFA, 0x91, 0x0A, 0x00, 0x04, 0x92, 0x0F, 0x00,
    0x13, 0x92, 0x0A, 0x00, 0x1D, 0x92, 0x24, 0x00, 0x41, 0x92, 0x04, 0x00, 0x45, 0x92, 0x4B, 0x00,
    0x90, 0x92, 0x04, 0x00, 0x94, 0x92, 0x54, 0x00, 0xE8, 0x92, 0x04, 0x00, 0xEC, 0x92, 0x36, 0x00,
    0x22, 0x93, 0x04, 0x00, 0x26, 0x93, 0x4E, 0x00, 0x74, 0x93, 0x07, 0x00, 0x7B, 0x93, 0x21, 0x00,
    0x9C, 0x93, 0x07, 0x00, 0xA3, 0x93, 0x21, 0x00, 0xC4, 0x93, 0x07, 0x00, 0xCB, 0x93, 0x03, 0x00,
    0xCE, 0x93, 0x07, 0x00, 0xD5, 0x93, 0x1E, 0x00, 0xF3, 0x93, 0x07, 0x00, 0xFA, 0x93, 0x09, 0x00,
    0x03, 0x94, 0x07, 0x00, 0x0A, 0x94, 0x09, 0x00, 0x13, 0x94, 0x07, 0x00, 0x1A, 0x94, 0x1B, 0x00,
    0x35, 0x94, 0x07, 0x00, 0x3C, 0x94, 0x0C, 0x00, 0x48, 0x94, 0x07, 0x00, 0x4F, 0x94, 0x0F, 0x00,
    0x5E, 0x94, 0x07, 0x00, 0x65, 0x94, 0x09, 0x00, 0x6E, 0x94, 0x07, 0x00, 0x75, 0x94, 0x1B, 0x00,
    0x90, 0x94, 0x07, 0x00, 0x97, 0x94, 0x18, 0x00, 0xAF, 0x94, 0x07, 0x00, 0xB6, 0x94, 0x09, 0x00,
    0xBF, 0x94, 0x07, 0x00, 0xC6, 0x94, 0x03, 0x00, 0xC9, 0x94, 0x07, 0x00, 0xD0, 0x94, 0x12, 0x00,
    0xE2, 0x94, 0x07, 0x00, 0xE9, 0x94, 0x4B, 0x00, 0x34, 0x95, 0x07, 0x00, 0x3B, 0x95, 0x15, 0x00,
    0x50, 0x95, 0x07, 0x00, 0x57, 0x95, 0x0F, 0x00, 0x66, 0x95, 0x07, 0x00, 0x6D, 0x95, 0x1B, 0x00,
    0x88, 0x95, 0x07, 0x00, 0x8F, 0x95, 0x5A, 0x00, 0xE9, 0x95, 0x07, 0x00, 0xF0, 0x95, 0x39, 0x00,
    0x29, 0x96, 0x07, 0x00, 0x30, 0x96, 0x09, 0x00, 0x39, 0x96, 0x07, 0x00, 0x40, 0x96, 0x1E, 0x00,
    0x5E, 0x96, 0x07, 0x00, 0x65, 0x96, 0x45, 0x00, 0xAA, 0x96, 0x07, 0x00, 0xB1, 0x96, 0x15, 0x00,
    0xC6, 0x96, 0x07, 0x00, 0xCD, 0x96, 0x1E, 0x00, 0xEB, 0x96, 0x07, 0x00, 0xF2, 0x96, 0x27, 0x00,
    0x19, 0x97, 0x07, 0x00, 0x20, 0x97, 0x2D, 0x00, 0x4D, 0x97, 0x07, 0x00, 0x54, 0x97, 0x12, 0x00,
    0x66, 0x97, 0x07, 0x00, 0x6D, 0x97, 0x12, 0x00, 0x7F, 0x97, 0x07, 0x00, 0x86, 0x97, 0x33, 0x00,
    0xB9, 0x97, 0x07, 0x00, 0xC0, 0x97, 0x5D, 0x00, 0x1D, 0x98, 0x07, 0x00, 0x24, 0x98, 0x0F, 0x00,
    0x33, 0x98, 0x07, 0x00, 0x3A, 0x98, 0x0C, 0x00, 0x46, 0x98, 0x07, 0x00, 0x4D, 0x98, 0x0C, 0x00,
    0x59, 0x98, 0x07, 0x00, 0x60, 0x98, 0x3F, 0x00, 0x9F, 0x98, 0x07, 0x00, 0xA6, 0x98, 0x1B, 0x00,
    0xC1, 0x98, 0x07, 0x00, 0xC8, 0x98, 0x42, 0x00, 0x0A, 0x99, 0x0A, 0x00, 0x14, 0x99, 0x03, 0x00,
    0x17, 0x99, 0x0A, 0x00, 0x21, 0x99, 0x03, 0x00, 0x24, 0x99, 0x0A, 0x00, 0x2E, 0x99, 0x39, 0x00,
    0x67, 0x99, 0x0A, 0x00, 0x71, 0x99, 0x03, 0x00, 0x74, 0x99, 0x0A, 0x00, 0x7E, 0x99, 0x03, 0x00,
    0x81, 0x99, 0x0A, 0x00, 0x8B, 0x99, 0x06, 0x00, 0x91, 0x99, 0x0A, 0x00, 0x9B, 0x99, 0x06, 0x00,
    0xA1, 0x99, 0x0A, 0x00, 0xAB, 0x99, 0x36, 0x00, 0xE1, 0x99, 0x0A, 0x00, 0xEB, 0x99, 0x09, 0x00,
    0xF4, 0x99, 0x0A, 0x00, 0xFE, 0x99, 0x0F, 0x00, 0x0D, 0x9A, 0x0A, 0x00, 0x17, 0x9A, 0x18, 0x00,
    0x2F, 0x9A, 0x0A, 0x00, 0x39, 0x9A, 0x09, 0x00, 0x42, 0x9A, 0x0A, 0x00, 0x4C, 0x9A, 0x12, 0x00,
    0x5E, 0x9A, 0x0A, 0x00, 0x68, 0x9A, 0x1B, 0x00, 0x83, 0x9A, 0x0A, 0x00, 0x8D, 0x9A, 0x24, 0x00,
    0xB1, 0x9A, 0x0A, 0x00, 0xBB, 0x9A, 0x0F, 0x00, 0xCA, 0x9A, 0x0A, 0x00, 0xD4, 0x9A, 0x15, 0x00,
    0xE9, 0x9A, 0x0A, 0x00, 0xF3, 0x9A, 0x0F, 0x00, 0x02, 0x9B, 0x0A, 0x00, 0x0C, 0x9B, 0x09, 0x00,
    0x15, 0x9B, 0x0A, 0x00, 0x1F, 0x9B, 0x0F, 0x00, 0x2E, 0x9B, 0x0A, 0x00, 0x38, 0x9B, 0x21, 0x00,
    0x59, 0x9B, 0x0A, 0x00, 0x63, 0x9B, 0x1E, 0x00, 0x81, 0x9B, 0x0A, 0x00, 0x8B, 0x9B, 0x03, 0x00,
    0x8E, 0x9B, 0x0A, 0x00, 0x98, 0x9B, 0x09, 0x00, 0xA1, 0x9B, 0x04, 0x00, 0xA5, 0x9B, 0x4E, 0x00,
    0xF3, 0x9B, 0x04, 0x00, 0xF7, 0x9B, 0x48, 0x00, 0x3F, 0x9C, 0x04, 0x00, 0x43, 0x9C, 0x18, 0x00,
    0x5B, 0x9C, 0x04, 0x00, 0x5F, 0x9C, 0xB1, 0x00, 0x10, 0x9D, 0x04, 0x00, 0x14, 0x9D, 0x03, 0x00,
    0x17, 0x9D, 0x07, 0x00, 0x1E, 0x9D, 0x36, 0x00, 0x54, 0x9D, 0x07, 0x00, 0x5B, 0x9D, 0x03, 0x00,
    0x5E, 0x9D, 0x07, 0x00, 0x65, 0x9D, 0x06, 0x00, 0x6B, 0x9D, 0x07, 0x00, 0x72, 0x9D, 0x1B, 0x00,
    0x8D, 0x9D, 0x07, 0x00, 0x94, 0x9D, 0x0F, 0x00, 0xA3, 0x9D, 0x07, 0x00, 0xAA, 0x9D, 0x15, 0x00,
    0xBF, 0x9D, 0x07, 0x00, 0xC6, 0x9D, 0x06, 0x00, 0xCC, 0x9D, 0x07, 0x00, 0xD3, 0x9D, 0x39, 0x00,
    0x0C, 0x9E, 0x07, 0x00, 0x13, 0x9E, 0x03, 0x00, 0x16, 0x9E, 0x07, 0x00, 0x1D, 0x9E, 0x06, 0x00,
    0x23, 0x9E, 0x07, 0x00, 0x2A, 0x9E, 0x0C, 0x00, 0x36, 0x9E, 0x07, 0x00, 0x3D, 0x9E, 0x03, 0x00,
    0x40, 0x9E, 0x07, 0x00, 0x47, 0x9E, 0x2A, 0x00, 0x71, 0x9E, 0x07, 0x00, 0x78, 0x9E, 0x15, 0x00,
    0x8D, 0x9E, 0x07, 0x00, 0x94, 0x9E, 0x03, 0x00, 0x97, 0x9E, 0x07, 0x00, 0x9E, 0x9E, 0x1E, 0x00,
    0xBC, 0x9E, 0x07, 0x00, 0xC3, 0x9E, 0x06, 0x00, 0xC9, 0x9E, 0x07, 0x00, 0xD0, 0x9E, 0x03, 0x00,
    0xD3, 0x9E, 0x07, 0x00, 0xDA, 0x9E, 0x0F, 0x00, 0xE9, 0x9E, 0x07, 0x00, 0xF0, 0x9E, 0x18, 0x00,
    0x08, 0x9F, 0x07, 0x00, 0x0F, 0x9F, 0x42, 0x00, 0x51, 0x9F, 0x07, 0x00, 0x58, 0x9F, 0x0F, 0x00,
    0x67, 0x9F, 0x07, 0x00, 0x6E, 0x9F, 0x4B, 0x00, 0xB9, 0x9F, 0x07, 0x00, 0xC0, 0x9F, 0x5A, 0x00,
    0x1A, 0xA0, 0x07, 0x00, 0x21, 0xA0, 0x09, 0x00, 0x2A, 0xA0, 0x07, 0x00, 0x31, 0xA0, 0x24, 0x00,
    0x55, 0xA0, 0x07, 0x00, 0x5C, 0xA0, 0x27, 0x00, 0x83, 0xA0, 0x07, 0x00, 0x8A, 0xA0, 0x03, 0x00,
    0x8D, 0xA0, 0x07, 0x00, 0x94, 0xA0, 0x24, 0x00, 0xB8, 0xA0, 0x07, 0x00, 0xBF, 0xA0, 0x09, 0x00,
    0xC8, 0xA0, 0x07, 0x00, 0xCF, 0xA0, 0x0F, 0x00, 0xDE, 0xA0, 0x07, 0x00, 0xE5, 0xA0, 0x03, 0x00,
    0xE8, 0xA0, 0x07, 0x00, 0xEF, 0xA0, 0x33, 0x00, 0x22, 0xA1, 0x07, 0x00, 0x29, 0xA1, 0x12, 0x00,
    0x3B, 0xA1, 0x07, 0x00, 0x42, 0xA1, 0x0F, 0x00, 0x51, 0xA1, 0x07, 0x00, 0x58, 0xA1, 0x1B, 0x00,
    0x73, 0xA1, 0x07, 0x00, 0x7A, 0xA1, 0x48, 0x00, 0xC2, 0xA1, 0x07, 0x00, 0xC9, 0xA1, 0x2A, 0x00,
    0xF3, 0xA1, 0x07, 0x00, 0xFA, 0xA1, 0x30, 0x00, 0x2A, 0xA2, 0x07, 0x00, 0x31, 0xA2, 0x48, 0x00,
    0x79, 0xA2, 0x07, 0x00, 0x80, 0xA2, 0x03, 0x00, 0x83, 0xA2, 0x0A, 0x00, 0x8D, 0xA2, 0x09, 0x00,
    0x96, 0xA2, 0x0A, 0x00, 0xA0, 0xA2, 0x03, 0x00, 0xA3, 0xA2, 0x0A, 0x00, 0xAD, 0xA2, 0x03, 0x00,
    0xB0, 0xA2, 0x0A, 0x00, 0xBA, 0xA2, 0x39, 0x00, 0xF3, 0xA2, 0x0A, 0x00, 0xFD, 0xA2, 0x09, 0x00,
    0x06, 0xA3, 0x0A, 0x00, 0x10, 0xA3, 0x03, 0x00, 0x13, 0xA3, 0x0A, 0x00, 0x1D, 0xA3, 0x0F, 0x00,
    0x2C, 0xA3, 0x0A, 0x00, 0x36, 0xA3, 0x06, 0x00, 0x3C, 0xA3, 0x0A, 0x00, 0x46, 0xA3, 0x03, 0x00,
    0x49, 0xA3, 0x0A, 0x00, 0x53, 0xA3, 0x15, 0x00, 0x68, 0xA3, 0x0A, 0x00, 0x72, 0xA3, 0x03, 0x00,
    0x75, 0xA3, 0x0A, 0x00, 0x7F, 0xA3, 0x09, 0x00, 0x88, 0xA3, 0x0A, 0x00, 0x92, 0xA3, 0x03, 0x00,
    0x95, 0xA3, 0x0A, 0x00, 0x9F, 0xA3, 0x0F, 0x00, 0xAE, 0xA3, 0x0A, 0x00, 0xB8, 0xA3, 0x12, 0x00,
    0xCA, 0xA3, 0x0A, 0x00, 0xD4, 0xA3, 0x1B, 0x00, 0xEF, 0xA3, 0x0A, 0x00, 0xF9, 0xA3, 0x12, 0x00,
    0x0B, 0xA4, 0x0A, 0x00, 0x15, 0xA4, 0x06, 0x00, 0x1B, 0xA4, 0x04, 0x00, 0x1F, 0xA4, 0x03, 0x00,
    0x22, 0xA4, 0x04, 0x00, 0x26, 0xA4, 0x0C, 0x00, 0x32, 0xA4, 0x07, 0x00, 0x39, 0xA4, 0x09, 0x00,
    0x42, 0xA4, 0x07, 0x00, 0x49, 0xA4, 0x09, 0x00, 0x52, 0xA4, 0x07, 0x00, 0x59, 0xA4, 0x12, 0x00,
    0x6B, 0xA4, 0x07, 0x00, 0x72, 0xA4, 0x03, 0x00, 0x75, 0xA4, 0x07, 0x00, 0x7C, 0xA4, 0x09, 0x00,
    0x85, 0xA4, 0x07, 0x00, 0x8C, 0xA4, 0x2D, 0x00, 0xB9, 0xA4, 0x07, 0x00, 0xC0, 0xA4, 0x0C, 0x00,
    0xCC, 0xA4, 0x07, 0x00, 0xD3, 0xA4, 0x03, 0x00, 0xD6, 0xA4, 0x07, 0x00, 0xDD, 0xA4, 0x12, 0x00,
    0xEF, 0xA4, 0x07, 0x00, 0xF6, 0xA4, 0x1B, 0x00, 0x11, 0xA5, 0x07, 0x00, 0x18, 0xA5, 0x18, 0x00,
    0x30, 0xA5, 0x07, 0x00, 0x37, 0xA5, 0x15, 0x00, 0x4C, 0xA5, 0x07, 0x00, 0x53, 0xA5, 0x36, 0x00,
    0x89, 0xA5, 0x07, 0x00, 0x90, 0xA5, 0x24, 0x00, 0xB4, 0xA5, 0x07, 0x00, 0xBB, 0xA5, 0x0C, 0x00,
    0xC7, 0xA5, 0x07, 0x00, 0xCE, 0xA5, 0x06, 0x00, 0xD4, 0xA5, 0x07, 0x00, 0xDB, 0xA5, 0x03, 0x00,
    0xDE, 0xA5, 0x07, 0x00, 0xE5, 0xA5, 0x09, 0x00, 0xEE, 0xA5, 0x07, 0x00, 0xF5, 0xA5, 0x03, 0x00,
    0xF8, 0xA5, 0x07, 0x00, 0xFF, 0xA5, 0x3C, 0x00, 0x3B, 0xA6, 0x07, 0x00, 0x42, 0xA6, 0x12, 0x00,
    0x54, 0xA6, 0x07, 0x00, 0x5B, 0xA6, 0x27, 0x00, 0x82, 0xA6, 0x0A, 0x00, 0x8C, 0xA6, 0x1E, 0x00,
    0xAA, 0xA6, 0x0A, 0x00, 0xB4, 0xA6, 0x09, 0x00, 0xBD, 0xA6, 0x0A, 0x00, 0xC7, 0xA6, 0x0F, 0x00,
    0xD6, 0xA6, 0x0A, 0x00, 0xE0, 0xA6, 0x18, 0x00, 0xF8, 0xA6, 0x0A, 0x00, 0x02, 0xA7, 0x09, 0x00,
    0x0B, 0xA7, 0x0A, 0x00, 0x15, 0xA7, 0x1B, 0x00, 0x30, 0xA7, 0x0A, 0x00, 0x3A, 0xA7, 0x03, 0x00,
    0x3D, 0xA7, 0x0A, 0x00, 0x47, 0xA7, 0x09, 0x00, 0x50, 0xA7, 0x0A, 0x00, 0x5A, 0xA7, 0x57, 0x00,
    0xB1, 0xA7, 0x0A, 0x00, 0xBB, 0xA7, 0x0F, 0x00, 0xCA, 0xA7, 0x04, 0x00, 0xCE, 0xA7, 0x78, 0x00,
    0x46, 0xA8, 0x04, 0x00, 0x4A, 0xA8, 0x3C, 0x00, 0x86, 0xA8, 0x04, 0x00, 0x8A, 0xA8, 0x24, 0x00,
    0xAE, 0xA8, 0x04, 0x00, 0xB2, 0xA8, 0x03, 0x00, 0xB5, 0xA8, 0x07, 0x00, 0xBC, 0xA8, 0x15, 0x00,
    0xD1, 0xA8, 0x07, 0x00, 0xD8, 0xA8, 0x12, 0x00, 0xEA, 0xA8, 0x07, 0x00, 0xF1, 0xA8, 0x36, 0x00,
    0x27, 0xA9, 0x07, 0x00, 0x2E, 0xA9, 0x06, 0x00, 0x34, 0xA9, 0x07, 0x00, 0x3B, 0xA9, 0x0F, 0x00,
    0x4A, 0xA9, 0x07, 0x00, 0x51, 0xA9, 0x0F, 0x00, 0x60, 0xA9, 0x07, 0x00, 0x67, 0xA9, 0x0F, 0x00,
    0x76, 0xA9, 0x07, 0x00, 0x7D, 0xA9, 0x09, 0x00, 0x86, 0xA9, 0x07, 0x00, 0x8D, 0xA9, 0x03, 0x00,
    0x90, 0xA9, 0x07, 0x00, 0x97, 0xA9, 0x0F, 0x00, 0xA6, 0xA9, 0x07, 0x00, 0xAD, 0xA9, 0x03, 0x00,
    0xB0, 0xA9, 0x07, 0x00, 0xB7, 0xA9, 0x15, 0x00, 0xCC, 0xA9, 0x07, 0x00, 0xD3, 0xA9, 0x24, 0x00,
    0xF7, 0xA9, 0x07, 0x00, 0xFE, 0xA9, 0x36, 0x00, 0x34, 0xAA, 0x07, 0x00, 0x3B, 0xAA, 0x03, 0x00,
    0x3E, 0xAA, 0x07, 0x00, 0x45, 0xAA, 0x09, 0x00, 0x4E, 0xAA, 0x07, 0x00, 0x55, 0xAA, 0x06, 0x00,
    0x5B, 0xAA, 0x07, 0x00, 0x62, 0xAA, 0x09, 0x00, 0x6B, 0xAA, 0x07, 0x00, 0x72, 0xAA, 0x1B, 0x00,
    0x8D, 0xAA, 0x07, 0x00, 0x94, 0xAA, 0x21, 0x00, 0xB5, 0xAA, 0x07, 0x00, 0xBC, 0xAA, 0x03, 0x00,
    0xBF, 0xAA, 0x07, 0x00, 0xC6, 0xAA, 0x03, 0x00, 0xC9, 0xAA, 0x07, 0x00, 0xD0, 0xAA, 0x0F, 0x00,
    0xDF, 0xAA, 0x07, 0x00, 0xE6, 0xAA, 0x03, 0x00, 0xE9, 0xAA, 0x07, 0x00, 0xF0, 0xAA, 0x0C, 0x00,
    0xFC, 0xAA, 0x07, 0x00, 0x03, 0xAB, 0x1E, 0x00, 0x21, 0xAB, 0x07, 0x00, 0x28, 0xAB, 0x06, 0x00,
    0x2E, 0xAB, 0x07, 0x00, 0x35, 0xAB, 0x06, 0x00, 0x3B, 0xAB, 0x07, 0x00, 0x42, 0xAB, 0x1E, 0x00,
    0x60, 0xAB, 0x07, 0x00, 0x67, 0xAB, 0x15, 0x00, 0x7C, 0xAB, 0x0A, 0x00, 0x86, 0xAB, 0x03, 0x00,
    0x89, 0xAB, 0x0A, 0x00, 0x93, 0xAB, 0x15, 0x00, 0xA8, 0xAB, 0x0A, 0x00, 0xB2, 0xAB, 0x09, 0x00,
    0xBB, 0xAB, 0x0A, 0x00, 0xC5, 0xAB, 0x27, 0x00, 0xEC, 0xAB, 0x0A, 0x00, 0xF6, 0xAB, 0x0F, 0x00,
    0x05, 0xAC, 0x0A, 0x00, 0x0F, 0xAC, 0x12, 0x00, 0x21, 0xAC, 0x0A, 0x00, 0x2B, 0xAC, 0x24, 0x00,
    0x4F, 0xAC, 0x0A, 0x00, 0x59, 0xAC, 0x06, 0x00, 0x5F, 0xAC, 0x0A, 0x00, 0x69, 0xAC, 0x0F, 0x00,
    0x78, 0xAC, 0x0A, 0x00, 0x82, 0xAC, 0x0C, 0x00, 0x8E, 0xAC, 0x0A, 0x00, 0x98, 0xAC, 0x21, 0x00,
    0xB9, 0xAC, 0x0A, 0x00, 0xC3, 0xAC, 0x0F, 0x00, 0xD2, 0xAC, 0x0A, 0x00, 0xDC, 0xAC, 0x12, 0x00,
    0xEE, 0xAC, 0x0A, 0x00, 0xF8, 0xAC, 0x39, 0x00, 0x31, 0xAD, 0x0A, 0x00, 0x3B, 0xAD, 0x12, 0x00,
    0x4D, 0xAD, 0x0A, 0x00, 0x57, 0xAD, 0x12, 0x00, 0x69, 0xAD, 0x04, 0x00, 0x6D, 0xAD, 0x15, 0x00,
    0x82, 0xAD, 0x04, 0x00, 0x86, 0xAD, 0x36, 0x00, 0xBC, 0xAD, 0x04, 0x00, 0xC0, 0xAD, 0x12, 0x00,
    0xD2, 0xAD, 0x04, 0x00, 0xD6, 0xAD, 0x24, 0x00, 0xFA, 0xAD, 0x07, 0x00, 0x01, 0xAE, 0x09, 0x00,
    0x0A, 0xAE, 0x07, 0x00, 0x11, 0xAE, 0x03, 0x00, 0x14, 0xAE, 0x07, 0x00, 0x1B, 0xAE, 0x03, 0x00,
    0x1E, 0xAE, 0x07, 0x00, 0x25, 0xAE, 0x2A, 0x00, 0x4F, 0xAE, 0x07, 0x00, 0x56, 0xAE, 0x03, 0x00,
    0x59, 0xAE, 0x07, 0x00, 0x60, 0xAE, 0x0F, 0x00, 0x6F, 0xAE, 0x07, 0x00, 0x76, 0xAE, 0x1E, 0x00,
    0x94, 0xAE, 0x07, 0x00, 0x9B, 0xAE, 0x0F, 0x00, 0xAA, 0xAE, 0x07, 0x00, 0xB1, 0xAE, 0x0C, 0x00,
    0xBD, 0xAE, 0x07, 0x00, 0xC4, 0xAE, 0x15, 0x00, 0xD9, 0xAE, 0x07, 0x00, 0xE0, 0xAE, 0x0C, 0x00,
    0xEC, 0xAE, 0x07, 0x00, 0xF3, 0xAE, 0x0C, 0x00, 0xFF, 0xAE, 0x07, 0x00, 0x06, 0xAF, 0x0C, 0x00,
    0x12, 0xAF, 0x07, 0x00, 0x19, 0xAF, 0x09, 0x00, 0x22, 0xAF, 0x07, 0x00, 0x29, 0xAF, 0x0C, 0x00,
    0x35, 0xAF, 0x07, 0x00, 0x3C, 0xAF, 0x0F, 0x00, 0x4B, 0xAF, 0x07, 0x00, 0x52, 0xAF, 0x0F, 0x00,
    0x61, 0xAF, 0x07, 0x00, 0x68, 0xAF, 0x09, 0x00, 0x71, 0xAF, 0x07, 0x00, 0x78, 0xAF, 0x0F, 0x00,
    0x87, 0xAF, 0x07, 0x00, 0x8E, 0xAF, 0x18, 0x00, 0xA6, 0xAF, 0x07, 0x00, 0xAD, 0xAF, 0x06, 0x00,
    0xB3, 0xAF, 0x07, 0x00, 0xBA, 0xAF, 0x03, 0x00, 0xBD, 0xAF, 0x07, 0x00, 0xC4, 0xAF, 0x0F, 0x00,
    0xD3, 0xAF, 0x07, 0x00, 0xDA, 0xAF, 0x03, 0x00, 0xDD, 0xAF, 0x07, 0x00, 0xE4, 0xAF, 0x09, 0x00,
    0xED, 0xAF, 0x07, 0x00, 0xF4, 0xAF, 0x06, 0x00, 0xFA, 0xAF, 0x07, 0x00, 0x01, 0xB0, 0x39, 0x00,
    0x3A, 0xB0, 0x0A, 0x00, 0x44, 0xB0, 0x18, 0x00, 0x5C, 0xB0, 0x0A, 0x00, 0x66, 0xB0, 0x15, 0x00,
    0x7B, 0xB0, 0x0A, 0x00, 0x85, 0xB0, 0x0C, 0x00, 0x91, 0xB0, 0x0A, 0x00, 0x9B, 0xB0, 0x24, 0x00,
    0xBF, 0xB0, 0x0A, 0x00, 0xC9, 0xB0, 0x1E, 0x00, 0xE7, 0xB0, 0x0A, 0x00, 0xF1, 0xB0, 0x06, 0x00,
    0xF7, 0xB0, 0x0A, 0x00, 0x01, 0xB1, 0x09, 0x00, 0x0A, 0xB1, 0x0A, 0x00, 0x14, 0xB1, 0x36, 0x00,
    0x4A, 0xB1, 0x0A, 0x00, 0x54, 0xB1, 0x0C, 0x00, 0x60, 0xB1, 0x0A, 0x00, 0x6A, 0xB1, 0x09, 0x00,
    0x73, 0xB1, 0x0A, 0x00, 0x7D, 0xB1, 0x0C, 0x00, 0x89, 0xB1, 0x0A, 0x00, 0x93, 0xB1, 0x06, 0x00,
    0x99, 0xB1, 0x0A, 0x00, 0xA3, 0xB1, 0x06, 0x00, 0xA9, 0xB1, 0x0A, 0x00, 0xB3, 0xB1, 0x06, 0x00,
    0xB9, 0xB1, 0x0A, 0x00, 0xC3, 0xB1, 0x09, 0x00, 0xCC, 0xB1, 0x0A, 0x00, 0xD6, 0xB1, 0x33, 0x00,
    0x09, 0xB2, 0x0A, 0x00, 0x13, 0xB2, 0x27, 0x00, 0x3A, 0xB2, 0x0A, 0x00, 0x44, 0xB2, 0x09, 0x00,
    0x4D, 0xB2, 0x04, 0x00, 0x51, 0xB2, 0x66, 0x00, 0xB7, 0xB2, 0x04, 0x00, 0xBB, 0xB2, 0x03, 0x00,
    0xBE, 0xB2, 0x04, 0x00, 0xC2, 0xB2, 0x51, 0x00, 0x13, 0xB3, 0x04, 0x00, 0x17, 0xB3, 0x03, 0x00,
    0x1A, 0xB3, 0x07, 0x00, 0x21, 0xB3, 0x06, 0x00, 0x27, 0xB3, 0x07, 0x00, 0x2E, 0xB3, 0x0C, 0x00,
    0x3A, 0xB3, 0x07, 0x00, 0x41, 0xB3, 0x15, 0x00, 0x56, 0xB3, 0x07, 0x00, 0x5D, 0xB3, 0x30, 0x00,
    0x8D, 0xB3, 0x07, 0x00, 0x94, 0xB3, 0x0F, 0x00, 0xA3, 0xB3, 0x07, 0x00, 0xAA, 0xB3, 0x09, 0x00,
    0xB3, 0xB3, 0x07, 0x00, 0xBA, 0xB3, 0x1B, 0x00, 0xD5, 0xB3, 0x07, 0x00, 0xDC, 0xB3, 0x09, 0x00,
    0xE5, 0xB3, 0x07, 0x00, 0xEC, 0xB3, 0x0C, 0x00, 0xF8, 0xB3, 0x07, 0x00, 0xFF, 0xB3, 0x03, 0x00,
    0x02, 0xB4, 0x07, 0x00, 0x09, 0xB4, 0x24, 0x00, 0x2D, 0xB4, 0x07, 0x00, 0x34, 0xB4, 0x15, 0x00,
    0x49, 0xB4, 0x07, 0x00, 0x50, 0xB4, 0x03, 0x00, 0x53, 0xB4, 0x07, 0x00, 0x5A, 0xB4, 0x18, 0x00,
    0x72, 0xB4, 0x07, 0x00, 0x79, 0xB4, 0x0F, 0x00, 0x88, 0xB4, 0x07, 0x00, 0x8F, 0xB4, 0x09, 0x00,
    0x98, 0xB4, 0x07, 0x00, 0x9F, 0xB4, 0x12, 0x00, 0xB1, 0xB4, 0x07, 0x00, 0xB8, 0xB4, 0x06, 0x00,
    0xBE, 0xB4, 0x07, 0x00, 0xC5, 0xB4, 0x12, 0x00, 0xD7, 0xB4, 0x07, 0x00, 0xDE, 0xB4, 0x03, 0x00,
    0xE1, 0xB4, 0x07, 0x00, 0xE8, 0xB4, 0x06, 0x00, 0xEE, 0xB4, 0x07, 0x00, 0xF5, 0xB4, 0x12, 0x00,
    0x07, 0xB5, 0x07, 0x00, 0x0E, 0xB5, 0x03, 0x00, 0x11, 0xB5, 0x07, 0x00, 0x18, 0xB5, 0x7E, 0x00,
    0x96, 0xB5, 0x0A, 0x00, 0xA0, 0xB5, 0x30, 0x00, 0xD0, 0xB5, 0x0A, 0x00, 0xDA, 0xB5, 0x1B, 0x00,
    0xF5, 0xB5, 0x0A, 0x00, 0xFF, 0xB5, 0x03, 0x00, 0x02, 0xB6, 0x0A, 0x00, 0x0C, 0xB6, 0x03, 0x00,
    0x0F, 0xB6, 0x0A, 0x00, 0x19, 0xB6, 0x24, 0x00, 0x3D, 0xB6, 0x0A, 0x00, 0x47, 0xB6, 0x09, 0x00,
    0x50, 0xB6, 0x0A, 0x00, 0x5A, 0xB6, 0x0F, 0x00, 0x69, 0xB6, 0x0A, 0x00, 0x73, 0xB6, 0x48, 0x00,
    0xBB, 0xB6, 0x0A, 0x00, 0xC5, 0xB6, 0x09, 0x00, 0xCE, 0xB6, 0x0A, 0x00, 0xD8, 0xB6, 0x03, 0x00,
    0xDB, 0xB6, 0x0A, 0x00, 0xE5, 0xB6, 0x09, 0x00, 0xEE, 0xB6, 0x0A, 0x00, 0xF8, 0xB6, 0x18, 0x00,
    0x10, 0xB7, 0x0A, 0x00, 0x1A, 0xB7, 0x0F, 0x00, 0x29, 0xB7, 0x0A, 0x00, 0x33, 0xB7, 0x06, 0x00,
    0x39, 0xB7, 0x0A, 0x00, 0x43, 0xB7, 0x24, 0x00, 0x67, 0xB7, 0x0A, 0x00, 0x71, 0xB7, 0x18, 0x00,
    0x89, 0xB7, 0x0A, 0x00, 0x93, 0xB7, 0x0F, 0x00, 0xA2, 0xB7, 0x04, 0x00, 0xA6, 0xB7, 0x09, 0x00,
    0xAF, 0xB7, 0x04, 0x00, 0xB3, 0xB7, 0x03, 0x00, 0xB6, 0xB7, 0x04, 0x00, 0xBA, 0xB7, 0x06, 0x00,
    0xC0, 0xB7, 0x04, 0x00, 0xC4, 0xB7, 0x06, 0x00, 0xCA, 0xB7, 0x04, 0x00, 0xCE, 0xB7, 0x03, 0x00,
    0xD1, 0xB7, 0x04, 0x00, 0xD5, 0xB7, 0x15, 0x00, 0xEA, 0xB7, 0x04, 0x00, 0xEE, 0xB7, 0x3C, 0x00,
    0x2A, 0xB8, 0x04, 0x00, 0x2E, 0xB8, 0x03, 0x00, 0x31, 0xB8, 0x04, 0x00, 0x35, 0xB8, 0x87, 0x00,
    0xBC, 0xB8, 0x04, 0x00, 0xC0, 0xB8, 0x03, 0x00, 0xC3, 0xB8, 0x04, 0x00, 0xC7, 0xB8, 0x03, 0x00,
    0xCA, 0xB8, 0x04, 0x00, 0xCE, 0xB8, 0x18, 0x00, 0xE6, 0xB8, 0x04, 0x00, 0xEA, 0xB8, 0x12, 0x00,
    0xFC, 0xB8, 0x04, 0x00, 0x00, 0xB9, 0x15, 0x00, 0x15, 0xB9, 0x04, 0x00, 0x19, 0xB9, 0x39, 0x00,
    0x52, 0xB9, 0x04, 0x00, 0x56, 0xB9, 0x03, 0x00, 0x59, 0xB9, 0x04, 0x00, 0x5D, 0xB9, 0x03, 0x00,
    0x60, 0xB9, 0x04, 0x00, 0x64, 0xB9, 0x0C, 0x00, 0x70, 0xB9, 0x04, 0x00, 0x74, 0xB9, 0x45, 0x00,
    0xB9, 0xB9, 0x04, 0x00, 0xBD, 0xB9, 0x0C, 0x00, 0xC9, 0xB9, 0x04, 0x00, 0xCD, 0xB9, 0x27, 0x00,
    0xF4, 0xB9, 0x04, 0x00, 0xF8, 0xB9, 0x24, 0x00, 0x1C, 0xBA, 0x04, 0x00, 0x20, 0xBA, 0x03, 0x00,
    0x23, 0xBA, 0x04, 0x00, 0x27, 0xBA, 0x18, 0x00, 0x3F, 0xBA, 0x04, 0x00, 0x43, 0xBA, 0x09, 0x00,
    0x4C, 0xBA, 0x04, 0x00, 0x50, 0xBA, 0x39, 0x00, 0x89, 0xBA, 0x04, 0x00, 0x8D, 0xBA, 0x09, 0x00,
    0x96, 0xBA, 0x04, 0x00, 0x9A, 0xBA, 0x0C, 0x00, 0xA6, 0xBA, 0x04, 0x00, 0xAA, 0xBA, 0x33, 0x00,
    0xDD, 0xBA, 0x04, 0x00, 0xE1, 0xBA, 0x09, 0x00, 0xEA, 0xBA, 0x04, 0x00, 0xEE, 0xBA, 0x03, 0x00,
    0xF1, 0xBA, 0x04, 0x00, 0xF5, 0xBA, 0x03, 0x00, 0xF8, 0xBA, 0x04, 0x00, 0xFC, 0xBA, 0x09, 0x00,
    0x05, 0xBB, 0x04, 0x00, 0x09, 0xBB, 0x06, 0x00, 0x0F, 0xBB, 0x04, 0x00, 0x13, 0xBB, 0x03, 0x00,
    0x16, 0xBB, 0x04, 0x00, 0x1A, 0xBB, 0x06, 0x00, 0x20, 0xBB, 0x04, 0x00, 0x24, 0xBB, 0x06, 0x00,
    0x2A, 0xBB, 0x04, 0x00, 0x2E, 0xBB, 0x06, 0x00, 0x34, 0xBB, 0x04, 0x00, 0x38, 0xBB, 0x2D, 0x00,
    0x65, 0xBB, 0x04, 0x00, 0x69, 0xBB, 0x24, 0x00, 0x8D, 0xBB, 0x04, 0x00, 0x91, 0xBB, 0x21, 0x00,
    0xB2, 0xBB, 0x04, 0x00, 0xB6, 0xBB, 0x69, 0x00, 0x1F, 0xBC, 0x04, 0x00, 0x23, 0xBC, 0xC0, 0x00,
    0xE3, 0xBC, 0x04, 0x00, 0xE7, 0xBC, 0x5D, 0x00, 0x44, 0xBD, 0x04, 0x00, 0x48, 0xBD, 0x8C, 0x01,
    0xD4, 0xBE, 0x04, 0x00, 0xD8, 0xBE, 0x03, 0x00, 0xDB, 0xBE, 0x07, 0x00, 0xE2, 0xBE, 0x1B, 0x00,
    0xFD, 0xBE, 0x07, 0x00, 0x04, 0xBF, 0x21, 0x00, 0x25, 0xBF, 0x07, 0x00, 0x2C, 0xBF, 0x1B, 0x00,
    0x47, 0xBF, 0x07, 0x00, 0x4E, 0xBF, 0x30, 0x00, 0x7E, 0xBF, 0x07, 0x00, 0x85, 0xBF, 0x03, 0x00,
    0x88, 0xBF, 0x07, 0x00, 0x8F, 0xBF, 0x03, 0x00, 0x92, 0xBF, 0x07, 0x00, 0x99, 0xBF, 0x09, 0x00,
    0xA2, 0xBF, 0x07, 0x00, 0xA9, 0xBF, 0x12, 0x00, 0xBB, 0xBF, 0x07, 0x00, 0xC2, 0xBF, 0x0F, 0x00,
    0xD1, 0xBF, 0x07, 0x00, 0xD8, 0xBF, 0x4E, 0x00, 0x26, 0xC0, 0x07, 0x00, 0x2D, 0xC0, 0x0C, 0x00,
    0x39, 0xC0, 0x07, 0x00, 0x40, 0xC0, 0x24, 0x00, 0x64, 0xC0, 0x07, 0x00, 0x6B, 0xC0, 0x66, 0x00,
    0xD1, 0xC0, 0x07, 0x00, 0xD8, 0xC0, 0x3C, 0x00, 0x14, 0xC1, 0x07, 0x00, 0x1B, 0xC1, 0x36, 0x00,
    0x51, 0xC1, 0x07, 0x00, 0x58, 0xC1, 0x30, 0x00, 0x88, 0xC1, 0x07, 0x00, 0x8F, 0xC1, 0x4B, 0x00,
    0xDA, 0xC1, 0x07, 0x00, 0xE1, 0xC1, 0x2D, 0x00, 0x0E, 0xC2, 0x07, 0x00, 0x15, 0xC2, 0x48, 0x00,
    0x5D, 0xC2, 0x07, 0x00, 0x64, 0xC2, 0x4E, 0x00, 0xB2, 0xC2, 0x07, 0x00, 0xB9, 0xC2, 0x6F, 0x00,
    0x28, 0xC3, 0x07, 0x00, 0x2F, 0xC3, 0x8A, 0x00, 0xB9, 0xC3, 0x07, 0x00, 0xC0, 0xC3, 0x93, 0x00,
    0x53, 0xC4, 0x07, 0x00, 0x5A, 0xC4, 0x5D, 0x00, 0xB7, 0xC4, 0x07, 0x00, 0xBE, 0xC4, 0x54, 0x00,
    0x12, 0xC5, 0x07, 0x00, 0x19, 0xC5, 0x39, 0x00, 0x52, 0xC5, 0x07, 0x00, 0x59, 0xC5, 0x27, 0x00,
    0x80, 0xC5, 0x07, 0x00, 0x87, 0xC5, 0x2A, 0x00, 0xB1, 0xC5, 0x07, 0x00, 0xB8, 0xC5, 0x48, 0x00,
    0x00, 0xC6, 0x07, 0x00, 0x07, 0xC6, 0x27, 0x00, 0x2E, 0xC6, 0x07, 0x00, 0x35, 0xC6, 0x18, 0x00,
    0x4D, 0xC6, 0x07, 0x00, 0x54, 0xC6, 0x63, 0x00, 0xB7, 0xC6, 0x07, 0x00, 0xBE, 0xC6, 0x45, 0x00,
    0x03, 0xC7, 0x07, 0x00, 0x0A, 0xC7, 0x1E, 0x00, 0x28, 0xC7, 0x07, 0x00, 0x2F, 0xC7, 0x18, 0x00,
    0x47, 0xC7, 0x04, 0x00, 0x4B, 0xC7, 0x42, 0x00, 0x8D, 0xC7, 0x04, 0x00, 0x91, 0xC7, 0x57, 0x00,
    0xE8, 0xC7, 0x04, 0x00, 0xEC, 0xC7, 0x48, 0x00, 0x34, 0xC8, 0x04, 0x00, 0x38, 0xC8, 0x7E, 0x00,
    0xB6, 0xC8, 0x07, 0x00, 0xBD, 0xC8, 0x24, 0x00, 0xE1, 0xC8, 0x07, 0x00, 0xE8, 0xC8, 0x03, 0x00,
    0xEB, 0xC8, 0x07, 0x00, 0xF2, 0xC8, 0x06, 0x00, 0xF8, 0xC8, 0x07, 0x00, 0xFF, 0xC8, 0x09, 0x00,
    0x08, 0xC9, 0x07, 0x00, 0x0F, 0xC9, 0x03, 0x00, 0x12, 0xC9, 0x07, 0x00, 0x19, 0xC9, 0x12, 0x00,
    0x2B, 0xC9, 0x07, 0x00, 0x32, 0xC9, 0x09, 0x00, 0x3B, 0xC9, 0x07, 0x00, 0x42, 0xC9, 0x21, 0x00,
    0x63, 0xC9, 0x07, 0x00, 0x6A, 0xC9, 0x03, 0x00, 0x6D, 0xC9, 0x07, 0x00, 0x74, 0xC9, 0x03, 0x00,
    0x77, 0xC9, 0x07, 0x00, 0x7E, 0xC9, 0x03, 0x00, 0x81, 0xC9, 0x07, 0x00, 0x88, 0xC9, 0x42, 0x00,
    0xCA, 0xC9, 0x07, 0x00, 0xD1, 0xC9, 0x60, 0x00, 0x31, 0xCA, 0x07, 0x00, 0x38, 0xCA, 0x87, 0x00,
    0xBF, 0xCA, 0x07, 0x00, 0xC6, 0xCA, 0x75, 0x00, 0x3B, 0xCB, 0x07, 0x00, 0x42, 0xCB, 0x18, 0x00,
    0x5A, 0xCB, 0x07, 0x00, 0x61, 0xCB, 0x21, 0x00, 0x82, 0xCB, 0x07, 0x00, 0x89, 0xCB, 0x4B, 0x00,
    0xD4, 0xCB, 0x07, 0x00, 0xDB, 0xCB, 0x27, 0x00, 0x02, 0xCC, 0x07, 0x00, 0x09, 0xCC, 0x1B, 0x00,
    0x24, 0xCC, 0x07, 0x00, 0x2B, 0xCC, 0x33, 0x00, 0x5E, 0xCC, 0x07, 0x00, 0x65, 0xCC, 0x0F, 0x00,
    0x74, 0xCC, 0x07, 0x00, 0x7B, 0xCC, 0x21, 0x00, 0x9C, 0xCC, 0x07, 0x00, 0xA3, 0xCC, 0x09, 0x00,
    0xAC, 0xCC, 0x07, 0x00, 0xB3, 0xCC, 0x06, 0x00, 0xB9, 0xCC, 0x07, 0x00, 0xC0, 0xCC, 0x24, 0x00,
    0xE4, 0xCC, 0x07, 0x00, 0xEB, 0xCC, 0x18, 0x00, 0x03, 0xCD, 0x07, 0x00, 0x0A, 0xCD, 0x0F, 0x00,
    0x19, 0xCD, 0x07, 0x00, 0x20, 0xCD, 0x15, 0x00, 0x35, 0xCD, 0x07, 0x00, 0x3C, 0xCD, 0x0C, 0x00,
    0x48, 0xCD, 0x04, 0x00, 0x4C, 0xCD, 0x1E, 0x00, 0x6A, 0xCD, 0x04, 0x00, 0x6E, 0xCD, 0xED, 0x00,
    0x5B, 0xCE, 0x04, 0x00, 0x5F, 0xCE, 0x60, 0x00, 0xBF, 0xCE, 0x04, 0x00, 0xC3, 0xCE, 0x08, 0x01,
    0xCB, 0xCF, 0x07, 0x00, 0xD2, 0xCF, 0x0F, 0x00, 0xE1, 0xCF, 0x07, 0x00, 0xE8, 0xCF, 0x66, 0x00,
    0x4E, 0xD0, 0x07, 0x00, 0x55, 0xD0, 0x3F, 0x00, 0x94, 0xD0, 0x07, 0x00, 0x9B, 0xD0, 0x81, 0x00,
    0x1C, 0xD1, 0x07, 0x00, 0x23, 0xD1, 0x06, 0x00, 0x29, 0xD1, 0x07, 0x00, 0x30, 0xD1, 0x2A, 0x00,
    0x5A, 0xD1, 0x07, 0x00, 0x61, 0xD1, 0x12, 0x00, 0x73, 0xD1, 0x07, 0x00, 0x7A, 0xD1, 0x48, 0x00,
    0xC2, 0xD1, 0x07, 0x00, 0xC9, 0xD1, 0x21, 0x00, 0xEA, 0xD1, 0x07, 0x00, 0xF1, 0xD1, 0x30, 0x00,
    0x21, 0xD2, 0x07, 0x00, 0x28, 0xD2, 0x42, 0x00, 0x6A, 0xD2, 0x07, 0x00, 0x71, 0xD2, 0x18, 0x00,
    0x89, 0xD2, 0x07, 0x00, 0x90, 0xD2, 0x3F, 0x00, 0xCF, 0xD2, 0x07, 0x00, 0xD6, 0xD2, 0x09, 0x00,
};

static const uint8_t IME_POOL[53983] = {
    0x32, 0xCB, 0x8A, 0x33, 0xCB, 0x87, 0x34, 0xCB, 0x8B, 0x35, 0xCB, 0x99, 0xE3, 0x84, 0x85, 0x31,
    0xE3, 0x84, 0x85, 0xE3, 0x84, 0x85, 0xE3, 0x84, 0x9A, 0x31, 0xE5, 0x85, 0xAB, 0xE6, 0x8D, 0x8C,
    0xE5, 0xB7, 0xB4, 0xE7, 0x96, 0xA4, 0xE8, 0x8A, 0xAD, 0xE7, 0xAC, 0x86, 0xE7, 0xB2, 0x91, 0xE5,
    0x8F, 0xAD, 0xE6, 0x89, 0x92, 0xE8, 0xB1, 0x9D, 0xE5, 0x90, 0xA7, 0xE4, 0xBB, 0x88, 0xE6, 0x9C,
    0xB3, 0xE5, 0xB3, 0x87, 0xE3, 0x84, 0x85, 0xE3, 0x84, 0x9A, 0x32, 0xE6, 0x8B, 0x94, 0xE8, 0xB7,
    0x8B, 0xE9, 0x88, 0xB8, 0xE9, 0xAD, 0x83, 0xE8, 0x8C, 0x87, 0xE9, 0xBC, 0xA5, 0xE8, 0xBB, 0xB7,
    0xE7, 0x8A, 0xAE, 0xE8, 0x8F, 0x9D, 0xE8, 0x83, 0x88, 0xE8, 0xA9, 0x99, 0xE3, 0x84, 0x85, 0xE3,
    0x84, 0x9A, 0x33, 0xE6, 0x8A, 0x8A, 0xE9, 0x9D, 0xB6, 0xE9, 0x88, 0x80, 0xE3, 0x84, 0x85, 0xE3,
    0x84, 0x9A, 0x34, 0xE7, 0xBD, 0xB7, 0xE7, 0x88, 0xB8, 0xE9, 0x9C, 0xB8, 0xE5, 0xA3, 0xA9, 0xE8,
    0x80, 0x99, 0xE5, 0xBC, 0x9D, 0xE7, 0x81, 0x9E, 0xE4, 0xBC, 0xAF, 0xE7, 0x8C, 0x88, 0xE3, 0x84,
    0x85, 0xE3, 0x84, 0x9A, 0x35, 0xE5, 0x90, 0xA7, 0xE7, 0xBD, 0xB7, 0xE7, 0x90, 0xB6, 0xE6, 0x9D,
    0xB7, 0xE7, 0x88, 0xB8, 0xE5, 0xB7, 0xB4, 0xE3, 0x84, 0x85, 0xE3, 0x84, 0x9B, 0x31, 0xE7, 0x8E,
    0xBB, 0xE6, 0x92, 0xA5, 0xE5, 0x89, 0x9D, 0xE8, 0x8F, 0xA0, 0xE7, 0xBC, 0xBD, 0xE5, 0xB6, 0x93,
    0xE7, 0xA0, 0xB5, 0xE6, 0x92, 0xAD, 0xE8, 0x88, 0xAC, 0xE7, 0xA2, 0x86, 0xE8, 0xA2, 0x9A, 0xE8,
    0xA5, 0x8F, 0xE9, 0xB1, 0x8D, 0xE5, 0x95, 0xB5, 0xE6, 0x9F, 0xAD, 0xE8, 0xB9, 0xB3, 0xE5, 0xB2,
    0xA5, 0xE8, 0x94, 0x94, 0xE6, 0xB3, 0xA2, 0xE9, 0x89, 0xA2, 0xE3, 0x84, 0x85, 0xE3, 0x84, 0x9B,
    0x32, 0xE4, 0xBC, 0xAF, 0xE5, 0x8D, 0x9A, 0xE6, 0x9F, 0x8F, 0xE6, 0xB3, 0x8A, 0xE5, 0x8B, 0x83,
    0xE6, 0x90, 0x8F, 0xE6, 0xB8, 0xA4, 0xE9, 0xA7, 0x81, 0xE7, 0x99, 0xBD, 0xE8, 0x96, 0x84, 0xE8,
    0x84, 0x96, 0xE5, 0xB8, 0x9B, 0xE8, 0x88, 0xB6, 0xE7, 0xAE, 0x94, 0xE8, 0x8D, 0xB8, 0xE8, 0x94,
    0x94, 0xE8, 0x86, 0x8A, 0xE9, 0x88, 0xB8, 0xE9, 0xA4, 0x91, 0xE9, 0x89, 0x91, 0xE6, 0xAC, 0x82,
    0xE9, 0xB5, 0x93, 0xE8, 0xB8, 0xA3, 0xE6, 0xB5, 0xA1, 0xE8, 0xA5, 0xAE, 0xE8, 0xB8, 0x84, 0xE9,
    0x8E, 0x9B, 0xE9, 0xA7, 0xAE, 0xE5, 0x83, 0xB0, 0xE9, 0xA4, 0xBA, 0xE9, 0xAB, 0x86, 0xE6, 0xA1,
    0xB2, 0xE8, 0xAC, 0x88, 0xE6, 0xAA, 0x97, 0xE9, 0xA6, 0x9E, 0xE8, 0x83, 0x89, 0xE6, 0x8C, 0xAC,
    0xE7, 0x8C, 0xBC, 0xE8, 0x91, 0xA7, 0xE9, 0x8B, 0x8D, 0xE6, 0x87, 0xAA, 0xE7, 0xB0, 0x99, 0xE7,
    0xA4, 0xB4, 0xE7, 0xA4, 0xA1, 0xE9, 0x91, 0xAE, 0xE9, 0x83, 0xA3, 0xE9, 0xB8, 0x94, 0xE7, 0xB3,
    0xAA, 0xE3, 0x84, 0x85, 0xE3, 0x84, 0x9B, 0x33, 0xE8, 0xB7, 0x9B, 0xE7, 0xB0, 0xB8, 0xE8, 0x9A,
    0xBE, 0xE3, 0x84, 0x85, 0xE3, 0x84, 0x9B, 0x34, 0xE6, 0x92, 0xAD, 0xE6, 0x93, 0x98, 0xE7, 0xB0,
    0xB8, 0xE4, 0xBA, 0xB3, 0xE8, 0x96, 0x9C, 0xE8, 0xAD, 0x92, 0xE8, 0x96, 0x84, 0xE6, 0xAA, 0x97,
    0xE8, 0x98, 0x97, 0xE7, 0xB9, 0xB4, 0xE6, 0x8C, 0x80, 0xE3, 0x84, 0x85, 0xE3, 0x84, 0x9B, 0x35,
    0xE8, 0x94, 0x94, 0xE3, 0x84, 0x85, 0xE3, 0x84, 0x9E, 0x31, 0xE6, 0x8E, 0xB0, 0xE3, 0x84, 0x85,
    0xE3, 0x84, 0x9E, 0x32, 0xE7, 0x99, 0xBD, 0xE3, 0x84, 0x85, 0xE3, 0x84, 0x9E, 0x33, 0xE7, 0x99,
    0xBE, 0xE6, 0x93, 0xBA, 0xE4, 0xBD, 0xB0, 0xE8, 0xA5, 0xAC, 0xE7, 0xB2, 0xA8, 0xE6, 0x8D, 0xAD,
    0xE7, 0x9F, 0xB2, 0xE7, 0xB5, 0x94, 0xE3, 0x84, 0x85, 0xE3, 0x84, 0x9E, 0x34, 0xE6, 0x95, 0x97,
    0xE6, 0x8B, 0x9C, 0xE5, 0x94, 0x84, 0xE7, 0xB2, 0xBA, 0xE6, 0xA4, 0x91, 0xE7, 0xA8, 0x97, 0xE7,
    0x9F, 0xB2, 0xE5, 0xBA, 0x8D, 0xE3, 0x84, 0x85, 0xE3, 0x84, 0x9F, 0x31, 0xE8, 0x83, 0x8C, 0xE6,
    0x9D, 0xAF, 0xE6, 0x82, 0xB2, 0xE5, 0x8D, 0x91, 0xE7, 0xA2, 0x91, 0xE4, 0xBF, 0xBE, 0xE6, 0x8F,
    0xB9, 0xE5, 0x81, 0x9D, 0xE7, 0x9B, 0x83, 0xE8, 0xA3, 0xA8, 0xE8, 0x90, 0x86, 0xE6, 0xA1, 0xAE,
    0xE6, 0xA4, 0x91, 0xE4, 0xBC, 0x93, 0xE7, 0xB6, 0xBC, 0xE9, 0xB5, 0xAF, 0xE8, 0x97, 0xA3, 0xE5,
    0x9F, 0xA4, 0xE3, 0x84, 0x85, 0xE3, 0x84, 0x9F, 0x33, 0xE5, 0x8C, 0x97, 0xE3, 0x84, 0x85, 0xE3,
    0x84, 0x9F, 0x34, 0xE8, 0xA2, 0xAB, 0xE5, 0x82, 0x99, 0xE8, 0x83, 0x8C, 0xE8, 0xB2, 0x9D, 0xE8,
    0xBC, 0xA9, 0xE5, 0x80, 0x8D, 0xE8, 0x87, 0x82, 0xE7, 0x8B, 0xBD, 0xE6, 0x86, 0x8A, 0xE6, 0x82,
    0x96, 0xE5, 0xAD, 0x9B, 0xE7, 0x84, 0x99, 0xE8, 0x93, 0x93, 0xE8, 0xA4, 0x99, 0xE9, 0x82, 0xB6,
    0xE7, 0x90, 0xB2, 0xE8, 0xAA, 0x96, 0xE9, 0x8B, 0x87, 0xE5, 0x93, 0xB1, 0xE7, 0xB3, 0x92, 0xE6,
    0xA2, 0x96, 0xE7, 0x8F, 0xBC, 0xE9, 0x84, 0x81, 0xE7, 0x89, 0xAC, 0xE9, 0x83, 0xA5, 0xE7, 0x8A,
    0x95, 0xE5, 0xA5, 0xB0, 0xE3, 0x84, 0x85, 0xE3, 0x84, 0x9F, 0x35, 0xE5, 0x94, 0x84, 0xE3, 0x84,
    0x85, 0xE3, 0x84, 0xA0, 0x31, 0xE5, 0x8C, 0x85, 0xE8, 0x83, 0x9E, 0xE8, 0x8B, 0x9E, 0xE8, 0xA4,
    0x92, 0xE6, 0x9E, 0xB9, 0xE7, 0xAC, 0xA3, 0xE8, 0x95, 0x94, 0xE5, 0xAD, 0xA2, 0xE7, 0x85, 0xB2,
    0xE3, 0x84, 0x85, 0xE3, 0x84, 0xA0, 0x32, 0xE9, 0x9B, 0xB9, 0xE8, 0x96, 0x84, 0xE7, 0xAA, 0x87,
    0xE7, 0x93, 0x9D, 0xE3, 0x84, 0x85, 0xE3, 0x84, 0xA0, 0x33, 0xE4, 0xBF, 0x9D, 0xE5, 0xAF, 0xB6,
    0xE9, 0xA3, 0xBD, 0xE5, 0xA0, 0xA1, 0xE8, 0xA4, 0x93, 0xE8, 0x91, 0x86, 0xE9, 0xB4, 0x87, 0xE6,
    0x80, 0x89, 0xE9, 0xA7, 0x82, 0xE9, 0xB3, 0xB5, 0xE5, 0xAA, 0xAC, 0xE3, 0x84, 0x85, 0xE3, 0x84,
    0xA0, 0x34, 0xE5, 0xA0, 0xB1, 0xE6, 0x8A, 0xB1, 0xE6, 0x9A, 0xB4, 0xE7, 0x88, 0x86, 0xE8, 0xB1,
    0xB9, 0xE9, 0xAE, 0x91, 0xE5, 0x88, 0xA8, 0xE8, 0xB6, 0xB5, 0xE9, 0x89, 0x8B, 0xE8, 0x99, 0xA3,
    0xE9, 0x91, 0xA4, 0xE5, 0x84, 0xA4, 0xE8, 0x8F, 0xA2, 0xE8, 0xA2, 0x8C, 0xE5, 0x9A, 0x97, 0xE7,
    0x8A, 0xA6, 0xE5, 0xBF, 0x81, 0xE3, 0x84, 0x85, 0xE3, 0x84, 0xA0, 0x35, 0xE5, 0xAF, 0xB6, 0xE3,
    0x84, 0x85, 0xE3, 0x84, 0xA2, 0x31, 0xE7, 0x8F, 0xAD, 0xE8, 0x88, 0xAC, 0xE6, 0x90, 0xAC, 0xE6,
    0x96, 0x91, 0xE9, 0xA0, 0x92, 0xE6, 0x89, 0xB3, 0xE7, 0x98, 0xA2, 0xE8, 0x99, 0xA8, 0xE6, 0x96,
    0x92, 0xE6, 0x94, 0xBD, 0xE8, 0xA4, 0xA9, 0xE3, 0x84, 0x85, 0xE3, 0x84, 0xA2, 0x33, 0xE6, 0x9D,
    0xBF, 0xE7, 0x89, 0x88, 0xE9, 0x97, 0x86, 0xE9, 0x98, 0xAA, 0xE8, 0x88, 0xA8, 0xE6, 0x98, 0x84,
    0xE9, 0x88, 0x91, 0xE7, 0xB2, 0x84, 0xE8, 0x9D, 0x82, 0xE5, 0x9D, 0x82, 0xE3, 0x84, 0x85, 0xE3,
    0x84, 0xA2, 0x34, 0xE5, 0x8D, 0x8A, 0xE8, 0xBE, 0xA6, 0xE4, 0xBC, 0xB4, 0xE6, 0x89, 0xAE, 0xE6,
    0x8B, 0x8C, 0xE7, 0xB5, 0x86, 0xE5, 0xA7, 0x85, 0xE7, 0x93, 0xA3, 0xE7, 0x88, 0xBF, 0xE6, 0x80,
    0x91, 0xE6, 0xB9, 0xB4, 0xE9, 0x89, 0xA1, 0xE9, 0x9D, 0xBD, 0xE3, 0x84, 0x85, 0xE3, 0x84, 0xA3,
    0x31, 0xE5, 0xA5, 0x94, 0xE8, 0xB3, 0x81, 0xE9, 0x8C, 0x9B, 0xE6, 0xB3, 0x8D, 0xE6, 0xB8, 0x80,
    0xE7, 0x8A, 0x87, 0xE3, 0x84, 0x85, 0xE3, 0x84, 0xA3, 0x33, 0xE6, 0x9C, 0xAC, 0xE7, 0x95, 0x9A,
    0xE8, 0x8B, 0xAF, 0xE3, 0x84, 0x85, 0xE3, 0x84, 0xA3, 0x34, 0xE7, 0xAC, 0xA8, 0xE4, 0xBD, 0x93,
    0xE5, 0x9D, 0x8C, 0xE3, 0x84, 0x85, 0xE3, 0x84, 0xA4, 0x31, 0xE5, 0xB9, 0xAB, 0xE9, 0x82, 0xA6,
    0xE5, 0x82, 0x8D, 0xE6, 0xA2, 0x86, 0xE9, 0x9E, 0xA4, 0xE7, 0xB8, 0x8D, 0xE5, 0x9E, 0xB9, 0xE3,
    0x84, 0x85, 0xE3, 0x84, 0xA4, 0x33, 0xE6, 0xA6, 0x9C, 0xE7, 0xB6, 0x81, 0xE7, 0x89, 0x93, 0xE8,
    0x86, 0x80, 0xE6, 0xB0, 0x86, 0xE3, 0x84, 0x85, 0xE3, 0x84, 0xA4, 0x34, 0xE6, 0xA3, 0x92, 0xE7,
    0xA3, 0x85, 0xE8, 0xAC, 0x97, 0xE8, 0x9A, 0x8C, 0xE5, 0x82, 0x8D, 0xE9, 0x8E, 0x8A, 0xE6, 0x97,
    0x81, 0xE7, 0x94, 0x8F, 0xE5, 0xA1, 0x9D, 0xE8, 0x89, 0x95, 0xE8, 0x92, 0xA1, 0xE3, 0x84, 0x85,
    0xE3, 0x84, 0xA5, 0x31, 0xE5, 0xB4, 0xA9, 0xE7, 0xB9, 0x83, 0xE4, 0xBC, 0xBB, 0xE5, 0xBC, 0xB8,
    0xE7, 0xA5, 0x8A, 0xE9, 0x96, 0x8D, 0xE5, 0xA1, 0xB4, 0xE7, 0xB5, 0xA3, 0xE3, 0x84, 0x85, 0xE3,
    0x84, 0xA5, 0x32, 0xE7, 0x94, 0xAD, 0xE7, 0x94, 0xAE, 0xE3, 0x84, 0x85, 0xE3, 0x84, 0xA5, 0x33,
    0xE8, 0x8F, 0xB6, 0xE7, 0x8E, 0xA4, 0xE7, 0x90, 0xAB, 0xE5, 0x9F, 0xB2, 0xE8, 0xAA, 0x81, 0xE3,
    0x84, 0x85, 0xE3, 0x84, 0xA5, 0x34, 0xE8, 0xB9, 0xA6, 0xE6, 0x90, 0x92, 0xE6, 0xB4, 0xB4, 0xE8,
    0xBF, 0xB8, 0xE8, 0xB7, 0xB0, 0xE6, 0xB3, 0xB5, 0xE3, 0x84, 0x85, 0xE3, 0x84, 0xA7, 0x31, 0xE9,
    0x80, 0xBC, 0xE5, 0xB1, 0x84, 0xE5, 0x81, 0xAA, 0xE7, 0xA8, 0xAB, 0xE8, 0xB1, 0x8D, 0xE3, 0x84,
    0x85, 0xE3, 0x84, 0xA7, 0x32, 0xE9, 0xBC, 0xBB, 0xE3, 0x84, 0x85, 0xE3, 0x84, 0xA7, 0x33, 0xE6,
    0xAF, 0x94, 0xE7, 0xAD, 0x86, 0xE5, 0xBD, 0xBC, 0xE9, 0x84, 0x99, 0xE5, 0x8C, 0x95, 0xE6, 0xB2,
    0x98, 0xE7, 0xA7, 0x95, 0xE5, 0xB1, 0x84, 0xE8, 0x9A, 0x8D, 0xE5, 0xA6, 0xA3, 0xE7, 0x96, 0x95,
    0xE6, 0xBD, 0xB7, 0xE6, 0x9F, 0x80, 0xE6, 0x9C, 0xBC, 0xE8, 0xB2, 0x8F, 0xE5, 0xA4, 0xB6, 0xE3,
    0x84, 0x85, 0xE3, 0x84, 0xA7, 0x34, 0xE5, 0xBF, 0x85, 0xE6, 0x95, 0x9D, 0xE7, 0x95, 0xA2, 0xE5,
    0xA3, 0x81, 0xE9, 0x81, 0xBF, 0xE7, 0x92, 0xA7, 0xE9, 0x96, 0x89, 0xE9, 0x84, 0x99, 0xE8, 0x87,
    0x82, 0xE5, 0xB9, 0xA3, 0xE5, 0xBC, 0x8A, 0xE5, 0xA9, 0xA2, 0xE6, 0x96, 0x83, 0xE7, 0xA2, 0xA7,
    0xE6, 0xB3, 0x8C, 0xE7, 0xA5, 0x95, 0xE4, 0xBF, 0xBE, 0xE8, 0x94, 0xBD, 0xE5, 0xBA, 0x87, 0xE5,
    0x97, 0xB6, 0xE6, 0x84, 0x8E, 0xE8, 0xBE, 0x9F, 0xE5, 0xBC, 0xBC, 0xE8, 0xA3, 0xA8, 0xE9, 0x99,
    0x9B, 0xE5, 0x9F, 0xA4, 0xE7, 0xAE, 0x84, 0xE7, 0xAF, 0xA6, 0xE7, 0x95, 0x80, 0xE6, 0xAF, 0x94,
    0xE5, 0xAC, 0x96, 0xE7, 0x9D, 0xA5, 0xE8, 0xB3, 0x81, 0xE8, 0xB4, 0x94, 0xE8, 0xA5, 0x9E, 0xE6,
    0xAF, 0x96, 0xE8, 0x93, 0xBD, 0xE8, 0xB9, 0x95, 0xE9, 0xAB, 0x80, 0xE6, 0x80, 0xAD, 0xE5, 0xBA,
    0xB3, 0xE6, 0x84, 0x8A, 0xE6, 0xA5, 0x85, 0xE6, 0xB9, 0xA2, 0xE7, 0x8B, 0xB4, 0xE7, 0x8D, 0x98,
    0xE7, 0xAF, 0xB3, 0xE8, 0x8B, 0xBE, 0xE8, 0x96, 0x9C, 0xE8, 0xA7, 0xB1, 0xE8, 0xA9, 0x96, 0xE8,
    0xBA, 0x84, 0xE9, 0x82, 0xB2, 0xE9, 0x96, 0x9F, 0xE6, 0x9F, 0xB2, 0xE6, 0xA2, 0x90, 0xE7, 0x8F,
    0x8C, 0xE7, 0x97, 0xBA, 0xE9, 0xA3, 0xB6, 0xE9, 0xA6, 0x9D, 0xE9, 0xA7, 0x9C, 0xE9, 0x8E, 0x9E,
    0xE9, 0xB7, 0xA9, 0xE7, 0x9A, 0x95, 0xE5, 0xA0, 0x9B, 0xE9, 0x89, 0x8D, 0xE7, 0x97, 0xB9, 0xE8,
    0x85, 0xB7, 0xE9, 0xAA, 0xB3, 0xE5, 0x9D, 0x92, 0xE6, 0xBB, 0xAD, 0xE7, 0x86, 0x9A, 0xE7, 0x96,
    0xAA, 0xE5, 0xA6, 0xBC, 0xE9, 0x8F, 0x8E, 0xE9, 0xB7, 0x9D, 0xE6, 0x9F, 0xAB, 0xE4, 0xBD, 0x96,
    0xE8, 0x9C, 0x8C, 0xE5, 0xBD, 0x83, 0xE7, 0xAE, 0x85, 0xE8, 0x93, 0x96, 0xE9, 0x84, 0xAA, 0xE7,
    0xBD, 0xBC, 0xE9, 0xAE, 0x85, 0xE8, 0xA5, 0x92, 0xE9, 0xB5, 0x96, 0xE8, 0xA5, 0xA3, 0xE9, 0xA9,
    0x86, 0xE9, 0xBC, 0x8A, 0xE8, 0x8A, 0x98, 0xE7, 0xB2, 0x8A, 0xE7, 0xA8, 0x97, 0xE5, 0xAB, 0xB3,
    0xE7, 0x8D, 0x99, 0xE5, 0xBB, 0xA6, 0xE9, 0x84, 0xA8, 0xE7, 0xB8, 0xAA, 0xE3, 0x84, 0x85, 0xE3,
    0x84, 0xA7, 0xE3, 0x84, 0x9D, 0x31, 0xE6, 0x86, 0x8B, 0xE9, 0xB1, 0x89, 0xE8, 0x99, 0x8C, 0xE3,
    0x84, 0x85, 0xE3, 0x84, 0xA7, 0xE3, 0x84, 0x9D, 0x32, 0xE5, 0x88, 0xA5, 0xE8, 0xB9, 0xA9, 0xE5,
    0x92, 0x87, 0xE5, 0xBE, 0xB6, 0xE8, 0xA5, 0x92, 0xE8, 0x9F, 0x9E, 0xE3, 0x84, 0x85, 0xE3, 0x84,
    0xA7, 0xE3, 0x84, 0x9D, 0x33, 0xE7, 0x99, 0x9F, 0xE8, 0x9B, 0x82, 0xE3, 0x84, 0x85, 0xE3, 0x84,
    0xA7, 0xE3, 0x84, 0x9D, 0x34, 0xE5, 0xBD, 0x86, 0xE7, 0xB8, 0xAA, 0xE3, 0x84, 0x85, 0xE3, 0x84,
    0xA7, 0xE3, 0x84, 0xA0, 0x31, 0xE6, 0xA8, 0x99, 0xE5, 0xBD, 0xAA, 0xE9, 0x91, 0xA3, 0xE9, 0x8F,
    0xA2, 0xE9, 0xA3, 0x86, 0xE8, 0x86, 0x98, 0xE7, 0x86, 0x9B, 0xE9, 0xBA, 0x83, 0xE7, 0xBE, 0x86,
    0xE5, 0x98, 0x8C, 0xE6, 0x9D, 0x93, 0xE6, 0xBB, 0xAE, 0xE7, 0x80, 0x8C, 0xE7, 0x8C, 0x8B, 0xE7,
    0x98, 0xAD, 0xE7, 0xA9, 0xAE, 0xE9, 0xA2, 0xAE, 0xE9, 0xA9, 0xAB, 0xE6, 0x91, 0xBD, 0xE5, 0x84,
    0xA6, 0xE8, 0x87, 0x95, 0xE9, 0xA2, 0xA9, 0xE9, 0xAB, 0x9F, 0xE8, 0xAC, 0xA4, 0xE5, 0xA2, 0x82,
    0xE8, 0xB4, 0x86, 0xE8, 0x94, 0x88, 0xE7, 0x88, 0x82, 0xE8, 0x97, 0xA8, 0xE3, 0x84, 0x85, 0xE3,
    0x84, 0xA7, 0xE3, 0x84, 0xA0, 0x33, 0xE8, 0xA1, 0xA8, 0xE9, 0x8C, 0xB6, 0xE5, 0xA9, 0x8A, 0xE8,
    0xA3, 0xB1, 0xE4, 0xBF, 0xB5, 0xE8, 0xA4, 0xBE, 0xE6, 0xAA, 0xA6, 0xE8, 0xAB, 0x98, 0xE3, 0x84,
    0x85, 0xE3, 0x84, 0xA7, 0xE3, 0x84, 0xA0, 0x34, 0xE9, 0xB0, 0xBE, 0xE3, 0x84, 0x85, 0xE3, 0x84,
    0xA7, 0xE3, 0x84, 0xA2, 0x31, 0xE9, 0x82, 0x8A, 0xE7, 0xB7, 0xA8, 0xE9, 0x9E, 0xAD, 0xE8, 0x9D,
    0x99, 0xE7, 0xA0, 0xAD, 0xE7, 0xB1, 0xA9, 0xE7, 0xAE, 0xAF, 0xE7, 0xA8, 0xA8, 0xE7, 0x8C, 0xB5,
    0xE7, 0x94, 0x82, 0xE6, 0x9F, 0x89, 0xE6, 0xA5, 0x84, 0xE7, 0x85, 0xB8, 0xE3, 0x84, 0x85, 0xE3,
    0x84, 0xA7, 0xE3, 0x84, 0xA2, 0x33, 0xE6, 0x89, 0x81, 0xE8, 0xB2, 0xB6, 0xE5, 0x8C, 0xBE, 0xE8,
    0xA4, 0x8A, 0xE7, 0xAA, 0x86, 0xE8, 0x90, 0xB9, 0xE6, 0x83, 0xBC, 0xE7, 0xA2, 0xA5, 0xE3, 0x84,
    0x85, 0xE3, 0x84, 0xA7, 0xE3, 0x84, 0xA2, 0x34, 0xE4, 0xBE, 0xBF, 0xE8, 0xAE, 0x8A, 0xE9, 0x81,
    0x8D, 0xE8, 0xBE, 0xA8, 0xE8, 0xBE, 0xAF, 0xE6, 0xB1, 0xB4, 0xE8, 0xBE, 0xAE, 0xE5, 0xBF, 0xAD,
    0xE5, 0xBC, 0x81, 0xE9, 0x87, 0x86, 0xE6, 0x8A, 0x83, 0xE7, 0xB7, 0xB6, 0xE8, 0x89, 0x91, 0xE5,
    0x8D, 0x9E, 0xE6, 0x8F, 0x99, 0xE6, 0xB1, 0xB3, 0xE9, 0xB4, 0x98, 0xE9, 0x96, 0x9E, 0xE3, 0x84,
    0x85, 0xE3, 0x84, 0xA7, 0xE3, 0x84, 0xA3, 0x31, 0xE8, 0xB3, 0x93, 0xE6, 0xBF, 0xB1, 0xE5, 0xBD,
    0xAC, 0xE6, 0xAA, 0xB3, 0xE5, 0x84, 0x90, 0xE6, 0x96, 0x8C, 0xE7, 0xB9, 0xBD, 0xE8, 0xB1, 0xB3,
    0xE7, 0x80, 0x95, 0xE9, 0x82, 0xA0, 0xE7, 0x92, 0xB8, 0xE8, 0xA0, 0x99, 0xE9, 0x91, 0x8C, 0xE8,
    0xB1, 0xA9, 0xE6, 0xB1, 0x83, 0xE6, 0xA4, 0x95, 0xE9, 0x9C, 0xA6, 0xE7, 0x9F, 0x89, 0xE9, 0xA9,
    0x9E, 0xE7, 0x8E, 0xA2, 0xE3, 0x84, 0x85, 0xE3, 0x84, 0xA7, 0xE3, 0x84, 0xA3, 0x34, 0xE6, 0xAE,
    0xAF, 0xE9, 0xAC, 0xA2, 0xE5, 0x84, 0x90, 0xE6, 0x93, 0xAF, 0xE8, 0x87, 0x8F, 0xE9, 0xAB, 0x95,
    0xE9, 0xB6, 0xA3, 0xE3, 0x84, 0x85, 0xE3, 0x84, 0xA7, 0xE3, 0x84, 0xA5, 0x31, 0xE5, 0x85, 0xB5,
    0xE5, 0x86, 0xB0, 0xE6, 0x8E, 0xA4, 0xE6, 0xA0, 0x9F, 0xE3, 0x84, 0x85, 0xE3, 0x84, 0xA7, 0xE3,
    0x84, 0xA5, 0x33, 0xE9, 0xA4, 0x85, 0xE4, 0xB8, 0x99, 0xE7, 0xA8, 0x9F, 0xE6, 0x9F, 0x84, 0xE7,
    0xA7, 0x89, 0xE7, 0x82, 0xB3, 0xE6, 0x98, 0xBA, 0xE9, 0x82, 0xB4, 0xE6, 0x80, 0xB2, 0xE9, 0x9E,
    0x9E, 0xE9, 0x89, 0xBC, 0xE8, 0x9B, 0x83, 0xE9, 0x99, 0x83, 0xE8, 0x8B, 0xAA, 0xE7, 0xAA, 0x89,
    0xE5, 0xB1, 0x8F, 0xE5, 0xBA, 0xB0, 0xE3, 0x84, 0x85, 0xE3, 0x84, 0xA7, 0xE3, 0x84, 0xA5, 0x34,
    0xE4, 0xB8, 0xA6, 0xE7, 0x97, 0x85, 0xE4, 0xBD, 0xB5, 0xE5, 0xB9, 0xB6, 0xE6, 0x91, 0x92, 0xE5,
    0xAF, 0x8E, 0xE9, 0xB5, 0xA7, 0xE5, 0x81, 0x8B, 0xE3, 0x84, 0x85, 0xE3, 0x84, 0xA8, 0x31, 0xE9,
    0x80, 0x8B, 0xE6, 0x99, 0xA1, 0xE9, 0xA4, 0x94, 0xE5, 0xB3, 0xAC, 0xE9, 0xB5, 0x8F, 0xE3, 0x84,
    0x85, 0xE3, 0x84, 0xA8, 0x32, 0xE4, 0xB8, 0x8D, 0xE3, 0x84, 0x85, 0xE3, 0x84, 0xA8, 0x33, 0xE8,
    0xA3, 0x9C, 0xE6, 0x8D, 0x95, 0xE5, 0x9F, 0x94, 0xE5, 0x93, 0xBA, 0xE5, 0x8D, 0x9C, 0xE9, 0xB3,
    0xAA, 0xE7, 0x8D, 0x9B, 0xE3, 0x84, 0x85, 0xE3, 0x84, 0xA8, 0x34, 0xE4, 0xB8, 0x8D, 0xE9, 0x83,
    0xA8, 0xE5, 0xB8, 0x83, 0xE6, 0xAD, 0xA5, 0xE6, 0x80, 0x96, 0xE4, 0xBD, 0x88, 0xE7, 0xB0, 0xBF,
    0xE5, 0x9F, 0xA0, 0xE9, 0x88, 0xBD, 0xE8, 0x94, 0x80, 0xE7, 0xAF, 0xB0, 0xE6, 0x8D, 0x97, 0xE5,
    0x92, 0x98, 0xE3, 0x84, 0x86, 0x31, 0xE3, 0x84, 0x86, 0xE3, 0x84, 0x86, 0xE3, 0x84, 0x9A, 0x31,
    0xE8, 0xB6, 0xB4, 0xE8, 0x91, 0xA9, 0xE5, 0x95, 0xAA, 0xE8, 0x9A, 0x86, 0xE8, 0x88, 0xA5, 0xE3,
    0x84, 0x86, 0xE3, 0x84, 0x9A, 0x32, 0xE7, 0x88, 0xAC, 0xE6, 0x89, 0x92, 0xE7, 0x90, 0xB6, 0xE8,
    0x80, 0x99, 0xE6, 0x9D, 0xB7, 0xE8, 0xB7, 0x81, 0xE3, 0x84, 0x86, 0xE3, 0x84, 0x9A, 0x34, 0xE6,
    0x80, 0x95, 0xE5, 0xB8, 0x95, 0xE5, 0xB8, 0x8A, 0xE8, 0xA2, 0x99, 0xE3, 0x84, 0x86, 0xE3, 0x84,
    0x9B, 0x31, 0xE6, 0xB3, 0xA2, 0xE6, 0xBD, 0x91, 0xE5, 0x9D, 0xA1, 0xE9, 0x99, 0x82, 0xE9, 0x8F,
    0xBA, 0xE7, 0x99, 0xB9, 0xE7, 0xBF, 0x8D, 0xE3, 0x84, 0x86, 0xE3, 0x84, 0x9B, 0x32, 0xE5, 0xA9,
    0x86, 0xE9, 0x84, 0xB1, 0xE7, 0x9A, 0xA4, 0xE6, 0xAB, 0x87, 0xE3, 0x84, 0x86, 0xE3, 0x84, 0x9B,
    0x33, 0xE9, 0xA0, 0x97, 0xE5, 0x89, 0x96, 0xE5, 0x8F, 0xB5, 0xE7, 0xAC, 0xB8, 0xE3, 0x84, 0x86,
    0xE3, 0x84, 0x9B, 0x34, 0xE7, 0xA0, 0xB4, 0xE8, 0xBF, 0xAB, 0xE9, 0xAD, 0x84, 0xE7, 0x8F, 0x80,
    0xE6, 0xB3, 0x8A, 0xE6, 0x9C, 0xB4, 0xE7, 0xB2, 0x95, 0xE9, 0x86, 0xB1, 0xE5, 0xB2, 0xB6, 0xE7,
    0x83, 0x9E, 0xE8, 0x92, 0xAA, 0xE9, 0x87, 0x99, 0xE3, 0x84, 0x86, 0xE3, 0x84, 0x9B, 0x35, 0xE5,
    0xA9, 0x86, 0xE3, 0x84, 0x86, 0xE3, 0x84, 0x9E, 0x31, 0xE6, 0x8B, 0x8D, 0xE5, 0x95, 0xAA, 0xE3,
    0x84, 0x86, 0xE3, 0x84, 0x9E, 0x32, 0xE6, 0x8E, 0x92, 0xE7, 0x89, 0x8C, 0xE5, 0xBE, 0x98, 0xE4,
    0xBF, 0xB3, 0xE7, 0xB0, 0xB0, 0xE6, 0xA3, 0x91, 0xE3, 0x84, 0x86, 0xE3, 0x84, 0x9E, 0x33, 0xE7,
    0x9F, 0xB2, 0xE4, 0xBF, 0x96, 0xE3, 0x84, 0x86, 0xE3, 0x84, 0x9E, 0x34, 0xE6, 0xB4, 0xBE, 0xE6,
    0xB9, 0x83, 0xE9, 0x8E, 0x83, 0xE8, 0x92, 0x8E, 0xE3, 0x84, 0x86, 0xE3, 0x84, 0x9F, 0x31, 0xE8,
    0x83, 0x9A, 0xE5, 0x91, 0xB8, 0xE5, 0x9D, 0x8F, 0xE9, 0x86, 0x85, 0xE6, 0x9F, 0xB8, 0xE5, 0xB2,
    0xAF, 0xE5, 0x9E, 0xBA, 0xE8, 0xA1, 0x83, 0xE3, 0x84, 0x86, 0xE3, 0x84, 0x9F, 0x32, 0xE5, 0x9F,
    0xB9, 0xE8, 0xB3, 0xA0, 0xE9, 0x99, 0xAA, 0xE8, 0xA3, 0xB4, 0xE9, 0x82, 0xB3, 0xE7, 0xA2, 0x9A,
    0xE6, 0xAF, 0xB0, 0xE9, 0x99, 0xAB, 0xE8, 0x8D, 0x96, 0xE3, 0x84, 0x86, 0xE3, 0x84, 0x9F, 0x33,
    0xE7, 0x90, 0xA3, 0xE6, 0x98, 0xA2, 0xE3, 0x84, 0x86, 0xE3, 0x84, 0x9F, 0x34, 0xE9, 0x85, 0x8D,
    0xE4, 0xBD, 0xA9, 0xE6, 0xB2, 0x9B, 0xE7, 0x8F, 0xAE, 0xE9, 0x9C, 0x88, 0xE5, 0xB8, 0x94, 0xE6,
    0x97, 0x86, 0xE6, 0xB5, 0xBF, 0xE8, 0xBD, 0xA1, 0xE5, 0xA7, 0xB5, 0xE7, 0xBF, 0x87, 0xE4, 0xBC,
    0x82, 0xE3, 0x84, 0x86, 0xE3, 0x84, 0xA0, 0x31, 0xE6, 0x8B, 0x8B, 0xE8, 0x84, 0xAC, 0xE3, 0x84,
    0x86, 0xE3, 0x84, 0xA0, 0x32, 0xE8, 0xA2, 0x8D, 0xE5, 0x92, 0x86, 0xE5, 0x88, 0xA8, 0xE5, 0x8C,
    0x8F, 0xE5, 0xBA, 0x96, 0xE9, 0xBA, 0x83, 0xE7, 0x82, 0xB0, 0xE9, 0xBD, 0x99, 0xE9, 0x9E, 0x84,
    0xE7, 0x82, 0xAE, 0xE7, 0x93, 0x9F, 0xE3, 0x84, 0x86, 0xE3, 0x84, 0xA0, 0x33, 0xE8, 0xB7, 0x91,
    0xE3, 0x84, 0x86, 0xE3, 0x84, 0xA0, 0x34, 0xE6, 0xB3, 0xA1, 0xE7, 0xA0, 0xB2, 0xE7, 0x82, 0xAE,
    0xE7, 0x9A, 0xB0, 0xE5, 0xA5, 0x85, 0xE9, 0xBA, 0xAD, 0xE9, 0xAB, 0xB1, 0xE7, 0x96, 0xB1, 0xE3,
    0x84, 0x86, 0xE3, 0x84, 0xA1, 0x31, 0xE5, 0x89, 0x96, 0xE5, 0x90, 0xA5, 0xE3, 0x84, 0x86, 0xE3,
    0x84, 0xA1, 0x32, 0xE6, 0x8E, 0x8A, 0xE8, 0xA3, 0x92, 0xE6, 0x8A, 0x94, 0xE6, 0x8D, 0x8A, 0xE3,
    0x84, 0x86, 0xE3, 0x84, 0xA1, 0x33, 0xE5, 0x89, 0x96, 0xE7, 0x93, 0xBF, 0xE6, 0xA3, 0x93, 0xE5,
    0xA9, 0x84, 0xE3, 0x84, 0x86, 0xE3, 0x84, 0xA2, 0x31, 0xE6, 0xBD, 0x98, 0xE6, 0x94, 0x80, 0xE7,
    0x9C, 0x85, 0xE3, 0x84, 0x86, 0xE3, 0x84, 0xA2, 0x32, 0xE7, 0x9B, 0xA4, 0xE7, 0xA3, 0x90, 0xE8,
    0x9F, 0xA0, 0xE8, 0x88, 0xAC, 0xE8, 0x83, 0x96, 0xE6, 0xA7, 0x83, 0xE8, 0xB9, 0xA3, 0xE7, 0xA3,
    0xBB, 0xE8, 0xB8, 0xAB, 0xE9, 0x9E, 0xB6, 0xE5, 0xB9, 0x8B, 0xE7, 0xB8, 0x8F, 0xE6, 0x9F, 0x88,
    0xE7, 0x80, 0x8A, 0xE8, 0x92, 0xB0, 0xE5, 0xAA, 0xBB, 0xE6, 0x90, 0xAB, 0xE8, 0xB7, 0x98, 0xE3,
    0x84, 0x86, 0xE3, 0x84, 0xA2, 0x33, 0xE5, 0x9D, 0xA2, 0xE3, 0x84, 0x86, 0xE3, 0x84, 0xA2, 0x34,
    0xE5, 0x88, 0xA4, 0xE5, 0x8F, 0x9B, 0xE7, 0x9B, 0xBC, 0xE7, 0x95, 0x94, 0xE6, 0x8B, 0x9A, 0xE8,
    0xA2, 0xA2, 0xE6, 0xB3, 0xAE, 0xE8, 0xA5, 0xBB, 0xE8, 0xA9, 0x8A, 0xE9, 0xA0, 0x84, 0xE6, 0xBA,
    0xBF, 0xE6, 0xB2, 0x9C, 0xE7, 0x89, 0x89, 0xE9, 0xA0, 0x96, 0xE3, 0x84, 0x86, 0xE3, 0x84, 0xA3,
    0x31, 0xE5, 0x99, 0xB4, 0xE6, 0xAD, 0x95, 0xE3, 0x84, 0x86, 0xE3, 0x84, 0xA3, 0x32, 0xE7, 0x9B,
    0x86, 0xE6, 0xB9, 0x93, 0xE8, 0x91, 0x90, 0xE3, 0x84, 0x86, 0xE3, 0x84, 0xA3, 0x33, 0xE5, 0x91,
    0xA0, 0xE7, 0xBF, 0xB8, 0xE7, 0xBF, 0x89, 0xE3, 0x84, 0x86, 0xE3, 0x84, 0xA4, 0x31, 0xE4, 0xB9,
    0x93, 0xE7, 0xA3, 0x85, 0xE6, 0xBB, 0x82, 0xE3, 0x84, 0x86, 0xE3, 0x84, 0xA4, 0x32, 0xE6, 0x97,
    0x81, 0xE9, 0xBE, 0x90, 0xE8, 0x86, 0x80, 0xE8, 0x9E, 0x83, 0xE5, 0xBE, 0xAC, 0xE5, 0x8E, 0x96,
    0xE5, 0xB0, 0xA8, 0xE9, 0x9B, 0xB1, 0xE9, 0x80, 0x84, 0xE5, 0xBA, 0xAC, 0xE7, 0xAF, 0xA3, 0xE8,
    0x88, 0xBD, 0xE5, 0x82, 0x8D, 0xE3, 0x84, 0x86, 0xE3, 0x84, 0xA4, 0x33, 0xE5, 0x97, 0x99, 0xE8,
    0x80, 0xAA, 0xE3, 0x84, 0x86, 0xE3, 0x84, 0xA4, 0x34, 0xE8, 0x83, 0x96, 0xE3, 0x84, 0x86, 0xE3,
    0x84, 0xA5, 0x31, 0xE7, 0xA0, 0xB0, 0xE7, 0x83, 0xB9, 0xE6, 0x8A, 0xA8, 0xE6, 0x80, 0xA6, 0xE6,
    0xBC, 0xB0, 0xE6, 0xBE, 0x8E, 0xE5, 0x8C, 0x89, 0xE9, 0x96, 0x9B, 0xE6, 0x81, 0xB2, 0xE8, 0xBB,
    0xAF, 0xE9, 0xA7, 0x8D, 0xE7, 0xA3, 0x9E, 0xE3, 0x84, 0x86, 0xE3, 0x84, 0xA5, 0x32, 0xE6, 0x9C,
    0x8B, 0xE5, 0xBD, 0xAD, 0xE6, 0xBE, 0x8E, 0xE8, 0x93, 0xAC, 0xE8, 0x86, 0xA8, 0xE7, 0xA1, 0xBC,
    0xE6, 0xA3, 0x9A, 0xE9, 0xB5, 0xAC, 0xE7, 0xAF, 0xB7, 0xE8, 0x9F, 0x9B, 0xE8, 0x8A, 0x83, 0xE6,
    0xB7, 0x9C, 0xE9, 0xAC, 0x85, 0xE7, 0x97, 0xAD, 0xE9, 0x8C, 0x8B, 0xE5, 0x80, 0x97, 0xE8, 0xBC,
    0xA3, 0xE5, 0x82, 0xB0, 0xE9, 0x9F, 0xB8, 0xE9, 0xAB, 0xBC, 0xE6, 0x86, 0x89, 0xE6, 0xA8, 0xA5,
    0xE9, 0x91, 0x9D, 0xE3, 0x84, 0x86, 0xE3, 0x84, 0xA5, 0x33, 0xE6, 0x8D, 0xA7, 0xE7, 0x9A, 0x8F,
    0xE3, 0x84, 0x86, 0xE3, 0x84, 0xA5, 0x34, 0xE7, 0xA2, 0xB0, 0xE5, 0xA0, 0x8B, 0xE6, 0x8E, 0xBD,
    0xE6, 0xA4, 0xAA, 0xE3, 0x84, 0x86, 0xE3, 0x84, 0xA7, 0x31, 0xE6, 0x89, 0xB9, 0xE6, 0x8A, 0xAB,
    0xE5, 0x8C, 0xB9, 0xE5, 0x8A, 0x88, 0xE9, 0x9C, 0xB9, 0xE7, 0xA0, 0x92, 0xE8, 0xA2, 0xAB, 0xE4,
    0xB8, 0x95, 0xE5, 0x9D, 0xAF, 0xE5, 0x9D, 0x8F, 0xE4, 0xBC, 0xBE, 0xE7, 0x8B, 0x89, 0xE7, 0xB4,
    0x95, 0xE7, 0xA7, 0xA0, 0xE9, 0x88, 0xB9, 0xE9, 0xB4, 0x84, 0xE6, 0x80, 0x8C, 0xE7, 0xBF, 0x8D,
    0xE9, 0x87, 0xBD, 0xE6, 0x86, 0xB5, 0xE9, 0x8A, 0x94, 0xE9, 0xA7, 0x93, 0xE9, 0xAB, 0xAC, 0xE3,
    0x84, 0x86, 0xE3, 0x84, 0xA7, 0x32, 0xE7, 0x9A, 0xAE, 0xE7, 0x96, 0xB2, 0xE8, 0x84, 0xBE, 0xE7,
    0x90, 0xB5, 0xE6, 0x9E, 0x87, 0xE8, 0xA3, 0xA8, 0xE5, 0x95, 0xA4, 0xE6, 0xAF, 0x97, 0xE5, 0x9F,
    0xA4, 0xE6, 0xB2, 0x98, 0xE8, 0xB2, 0x94, 0xE9, 0x99, 0x82, 0xE7, 0xBE, 0x86, 0xE7, 0xBD, 0xB7,
    0xE7, 0xB4, 0x95, 0xE9, 0x83, 0xAB, 0xE9, 0x99, 0xB4, 0xE9, 0xBC, 0x99, 0xE9, 0x88, 0xB9, 0xE8,
    0x86, 0x8D, 0xE6, 0xAF, 0x98, 0xE9, 0x98, 0xB0, 0xE8, 0x9A, 0xBD, 0xE8, 0x9C, 0xB1, 0xE7, 0x8E,
    0xAD, 0xE7, 0xAC, 0x93, 0xE9, 0x88, 0x9A, 0xE9, 0x8C, 0x8D, 0xE9, 0xAD, 0xBE, 0xE8, 0x9E, 0xB7,
    0xE7, 0x8A, 0xA4, 0xE6, 0xAF, 0x9E, 0xE7, 0x8C, 0x88, 0xE8, 0x97, 0xA3, 0xE8, 0xA0, 0xAF, 0xE8,
    0x9A, 0x8D, 0xE3, 0x84, 0x86, 0xE3, 0x84, 0xA7, 0x33, 0xE5, 0x90, 0xA6, 0xE5, 0x8C, 0xB9, 0xE7,
    0x96, 0x8B, 0xE7, 0x97, 0x9E, 0xE5, 0x9A, 0xAD, 0xE8, 0x8B, 0xA4, 0xE4, 0xBB, 0xB3, 0xE5, 0xBA,
    0x80, 0xE5, 0x9C, 0xAE, 0xE5, 0xB4, 0xA5, 0xE8, 0xAB, 0x80, 0xE3, 0x84, 0x86, 0xE3, 0x84, 0xA7,
    0x34, 0xE8, 0xAD, 0xAC, 0xE9, 0x97, 0xA2, 0xE5, 0x83, 0xBB, 0xE5, 0xAA, 0xB2, 0xE5, 0xB1, 0x81,
    0xE8, 0xBE, 0x9F, 0xE7, 0x99, 0x96, 0xE7, 0x94, 0x93, 0xE6, 0x93, 0x97, 0xE6, 0xBE, 0xBC, 0xE6,
    0xBF, 0x9E, 0xE6, 0xB7, 0xA0, 0xE6, 0x8F, 0x8A, 0xE6, 0xBD, 0x8E, 0xE9, 0xB7, 0xBF, 0xE9, 0xAB,
    0xB2, 0xE7, 0xA4, 0x94, 0xE5, 0x9F, 0xA4, 0xE3, 0x84, 0x86, 0xE3, 0x84, 0xA7, 0xE3, 0x84, 0x9D,
    0x31, 0xE7, 0x9E, 0xA5, 0xE6, 0x92, 0x87, 0xE6, 0xB0, 0x95, 0xE3, 0x84, 0x86, 0xE3, 0x84, 0xA7,
    0xE3, 0x84, 0x9D, 0x33, 0xE6, 0x92, 0x87, 0xE3, 0x84, 0x86, 0xE3, 0x84, 0xA7, 0xE3, 0x84, 0xA0,
    0x31, 0xE9, 0xA3, 0x84, 0xE6, 0xBC, 0x82, 0xE6, 0x85, 0x93, 0xE8, 0x9E, 0xB5, 0xE8, 0x96, 0xB8,
    0xE5, 0x83, 0x84, 0xE6, 0x97, 0x9A, 0xE7, 0xBF, 0xB2, 0xE9, 0xAD, 0x92, 0xE3, 0x84, 0x86, 0xE3,
    0x84, 0xA7, 0xE3, 0x84, 0xA0, 0x32, 0xE7, 0x93, 0xA2, 0xE5, 0xAB, 0x96, 0xE6, 0xB7, 0xB2, 0xE6,
    0x9C, 0xB4, 0xE3, 0x84, 0x86, 0xE3, 0x84, 0xA7, 0xE3, 0x84, 0xA0, 0x33, 0xE6, 0xBC, 0x82, 0xE8,
    0x8E, 0xA9, 0xE7, 0xB8, 0xB9, 0xE7, 0x9E, 0x9F, 0xE6, 0xAE, 0x8D, 0xE7, 0x9A, 0xAB, 0xE6, 0x91,
    0xBD, 0xE9, 0x86, 0xA5, 0xE7, 0x8A, 0xA5, 0xE9, 0xB7, 0x85, 0xE3, 0x84, 0x86, 0xE3, 0x84, 0xA7,
    0xE3, 0x84, 0xA0, 0x34, 0xE7, 0xA5, 0xA8, 0xE6, 0xBC, 0x82, 0xE5, 0x89, 0xBD, 0xE9, 0xA9, 0x83,
    0xE5, 0xBD, 0xAF, 0xE7, 0xAF, 0xBB, 0xE9, 0xA1, 0xA0, 0xE8, 0x94, 0x88, 0xE3, 0x84, 0x86, 0xE3,
    0x84, 0xA7, 0xE3, 0x84, 0xA2, 0x31, 0xE7, 0xAF, 0x87, 0xE5, 0x81, 0x8F, 0xE6, 0x89, 0x81, 0xE7,
    0xBF, 0xA9, 0xE8, 0x90, 0xB9, 0xE5, 0xAA, 0xA5, 0xE8, 0xB2, 0xB5, 0xE9, 0xA0, 0xA8, 0xE9, 0xB6,
    0xA3, 0xE3, 0x84, 0x86, 0xE3, 0x84, 0xA7, 0xE3, 0x84, 0xA2, 0x32, 0xE4, 0xBE, 0xBF, 0xE8, 0x83,
    0xBC, 0xE9, 0xA7, 0xA2, 0xE8, 0xAB, 0x9E, 0xE8, 0xB9, 0x81, 0xE6, 0xA5, 0xA9, 0xE9, 0xAA, 0xBF,
    0xE3, 0x84, 0x86, 0xE3, 0x84, 0xA7, 0xE3, 0x84, 0xA2, 0x34, 0xE7, 0x89, 0x87, 0xE9, 0xA8, 0x99,
    0xE9, 0x81, 0x8D, 0xE3, 0x84, 0x86, 0xE3, 0x84, 0xA7, 0xE3, 0x84, 0xA3, 0x31, 0xE6, 0x8B, 0xBC,
    0xE5, 0xA7, 0x98, 0xE7, 0xA4, 0x97, 0xE6, 0xB6, 0x84, 0xE3, 0x84, 0x86, 0xE3, 0x84, 0xA7, 0xE3,
    0x84, 0xA3, 0x32, 0xE8, 0xB2, 0xA7, 0xE7, 0x80, 0x95, 0xE9, 0xA0, 0xBB, 0xE9, 0xA1, 0xB0, 0xE5,
    0xAC, 0xAA, 0xE5, 0x9A, 0xAC, 0xE7, 0x9F, 0x89, 0xE8, 0x98, 0x8B, 0xE3, 0x84, 0x86, 0xE3, 0x84,
    0xA7, 0xE3, 0x84, 0xA3, 0x33, 0xE5, 0x93, 0x81, 0xE3, 0x84, 0x86, 0xE3, 0x84, 0xA7, 0xE3, 0x84,
    0xA3, 0x34, 0xE8, 0x81, 0x98, 0xE7, 0x89, 0x9D, 0xE3, 0x84, 0x86, 0xE3, 0x84, 0xA7, 0xE3, 0x84,
    0xA5, 0x31, 0xE4, 0xB9, 0x92, 0xE5, 0xA8, 0x89, 0xE7, 0xA0, 0xAF, 0xE9, 0xA0, 0xA9, 0xE8, 0xA6,
    0xAE, 0xE4, 0xBF, 0x9C, 0xE3, 0x84, 0x86, 0xE3, 0x84, 0xA7, 0xE3, 0x84, 0xA5, 0x32, 0xE5, 0xB9,
    0xB3, 0xE7, 0x93, 0xB6, 0xE6, 0x86, 0x91, 0xE8, 0xA9, 0x95, 0xE5, 0xB1, 0x8F, 0xE8, 0x98, 0x8B,
    0xE8, 0x90, 0x8D, 0xE5, 0x9D, 0xAA, 0xE6, 0x9E, 0xB0, 0xE6, 0xB3, 0x99, 0xE5, 0xB8, 0xA1, 0xE6,
    0xB4, 0xB4, 0xE7, 0xBC, 0xBE, 0xE8, 0xBB, 0xBF, 0xE4, 0xBF, 0x9C, 0xE7, 0x8E, 0xB6, 0xE7, 0x94,
    0xB9, 0xE8, 0x8B, 0xB9, 0xE9, 0x83, 0xB1, 0xE5, 0x91, 0xAF, 0xE7, 0xAB, 0xAE, 0xE8, 0x89, 0xB5,
    0xE8, 0x9B, 0xA2, 0xE9, 0xA6, 0xAE, 0xE8, 0x8D, 0x93, 0xE8, 0x93, 0xB1, 0xE7, 0x82, 0xBE, 0xE3,
    0x84, 0x86, 0xE3, 0x84, 0xA7, 0xE3, 0x84, 0xA5, 0x33, 0xE7, 0xB5, 0xA3, 0xE3, 0x84, 0x86, 0xE3,
    0x84, 0xA7, 0xE3, 0x84, 0xA5, 0x34, 0xE8, 0x81, 0x98, 0xE3, 0x84, 0x86, 0xE3, 0x84, 0xA8, 0x31,
    0xE6, 0x92, 0xB2, 0xE4, 0xBB, 0x86, 0xE9, 0x8B, 0xAA, 0xE5, 0x99, 0x97, 0xE6, 0x89, 0x91, 0xE7,
    0x97, 0xA1, 0xE9, 0x86, 0xAD, 0xE6, 0x8A, 0xAA, 0xE7, 0x9E, 0xA8, 0xE8, 0x88, 0x96, 0xE3, 0x84,
    0x86, 0xE3, 0x84, 0xA8, 0x32, 0xE5, 0x83, 0x95, 0xE6, 0xA8, 0xB8, 0xE8, 0x91, 0xA1, 0xE8, 0x92,
    0xB2, 0xE8, 0x8F, 0xA9, 0xE6, 0x9C, 0xB4, 0xE8, 0xB9, 0xBC, 0xE8, 0x84, 0xAF, 0xE6, 0xBF, 0xAE,
    0xE7, 0x92, 0x9E, 0xE5, 0x8C, 0x8D, 0xE8, 0x8E, 0x86, 0xE8, 0x92, 0xB1, 0xE8, 0xA5, 0x86, 0xE9,
    0x85, 0xBA, 0xE9, 0x8F, 0xB7, 0xE8, 0xBD, 0x90, 0xE7, 0xBA, 0x80, 0xE5, 0xA2, 0xA3, 0xE3, 0x84,
    0x86, 0xE3, 0x84, 0xA8, 0x33, 0xE6, 0x99, 0xAE, 0xE6, 0xB5, 0xA6, 0xE5, 0x9F, 0x94, 0xE8, 0xAD,
    0x9C, 0xE5, 0x9C, 0x83, 0xE6, 0xBA, 0xA5, 0xE7, 0x83, 0xB3, 0xE6, 0xB0, 0x86, 0xE9, 0x90, 0xA0,
    0xE6, 0xBD, 0xBD, 0xE8, 0xAA, 0xA7, 0xE3, 0x84, 0x86, 0xE3, 0x84, 0xA8, 0x34, 0xE6, 0x9A, 0xB4,
    0xE9, 0x8B, 0xAA, 0xE7, 0x80, 0x91, 0xE6, 0x9B, 0x9D, 0xE8, 0x88, 0x96, 0xE3, 0x84, 0x87, 0x31,
    0xE3, 0x84, 0x87, 0xE3, 0x84, 0x87, 0xE3, 0x84, 0x9A, 0x31, 0xE5, 0xAA, 0xBD, 0xE5, 0x97, 0x8E,
    0xE5, 0xAC, 0xA4, 0xE3, 0x84, 0x87, 0xE3, 0x84, 0x9A, 0x32, 0xE9, 0xBA, 0xBB, 0xE7, 0x97, 0xB2,
    0xE5, 0x98, 0x9B, 0xE9, 0xBA, 0xBC, 0xE8, 0x9F, 0x86, 0xE7, 0x8A, 0x98, 0xE5, 0xB0, 0x9B, 0xE8,
    0x94, 0xB4, 0xE3, 0x84, 0x87, 0xE3, 0x84, 0x9A, 0x33, 0xE9, 0xA6, 0xAC, 0xE8, 0x9E, 0x9E, 0xE7,
    0xA2, 0xBC, 0xE7, 0x91, 0xAA, 0xE6, 0xBA, 0xA4, 0xE5, 0x97, 0x8E, 0xE9, 0x8E, 0xB7, 0xE9, 0xB7,
    0x8C, 0xE5, 0x98, 0x9C, 0xE3, 0x84, 0x87, 0xE3, 0x84, 0x9A, 0x34, 0xE7, 0xBD, 0xB5, 0xE7, 0xA6,
    0xA1, 0xE5, 0x82, 0x8C, 0xE6, 0xA6, 0xAA, 0xE3, 0x84, 0x87, 0xE3, 0x84, 0x9A, 0x35, 0xE5, 0x98,
    0x9B, 0xE5, 0x97, 0x8E, 0xE8, 0x9F, 0x86, 0xE3, 0x84, 0x87, 0xE3, 0x84, 0x9B, 0x31, 0xE6, 0x91,
    0xB8, 0xE3, 0x84, 0x87, 0xE3, 0x84, 0x9B, 0x32, 0xE6, 0xA8, 0xA1, 0xE7, 0xA3, 0xA8, 0xE6, 0x91,
    0xA9, 0xE8, 0x86, 0x9C, 0xE7, 0xB3, 0xA2, 0xE9, 0xAD, 0x94, 0xE6, 0x91, 0xB9, 0xE8, 0xAC, 0xA8,
    0xE8, 0x98, 0x91, 0xE5, 0x8A, 0x98, 0xE5, 0xAB, 0xAB, 0xE8, 0x97, 0xA6, 0xE9, 0xAB, 0x8D, 0xE6,
    0x91, 0xB8, 0xE9, 0xBA, 0xBC, 0xE3, 0x84, 0x87, 0xE3, 0x84, 0x9B, 0x33, 0xE6, 0x8A, 0xB9, 0xE3,
    0x84, 0x87, 0xE3, 0x84, 0x9B, 0x34, 0xE6, 0x9C, 0xAB, 0xE8, 0x8E, 0xAB, 0xE9, 0xBB, 0x98, 0xE6,
    0xBC, 0xA0, 0xE6, 0xB2, 0x92, 0xE8, 0x86, 0x9C, 0xE5, 0xAF, 0x9E, 0xE9, 0x99, 0x8C, 0xE6, 0xAD,
    0xBF, 0xE8, 0x84, 0x88, 0xE6, 0xB2, 0xAB, 0xE7, 0xA7, 0xA3, 0xE8, 0x8C, 0x89, 0xE9, 0xA9, 0x80,
    0xE5, 0xA2, 0xA8, 0xE8, 0xB2, 0x8A, 0xE7, 0xA3, 0xA8, 0xE7, 0x98, 0xBC, 0xE9, 0x9D, 0xBA, 0xE6,
    0xAD, 0xBE, 0xE9, 0xA5, 0x83, 0xE9, 0x84, 0x9A, 0xE7, 0xBA, 0x86, 0xE9, 0x9C, 0xA2, 0xE5, 0x9A,
    0x9C, 0xE7, 0x9C, 0xBD, 0xE7, 0x9E, 0x99, 0xE8, 0x97, 0xA6, 0xE6, 0x9A, 0xAF, 0xE6, 0x9E, 0xBA,
    0xE7, 0x88, 0x85, 0xE5, 0xA6, 0xBA, 0xE4, 0xB8, 0x87, 0xE9, 0x8A, 0x86, 0xE9, 0x8F, 0x8C, 0xE8,
    0xB2, 0x98, 0xE7, 0xB2, 0x96, 0xE8, 0x9B, 0xA8, 0xE8, 0xA2, 0xB9, 0xE5, 0x97, 0xBC, 0xE5, 0xA1,
    0xBB, 0xE6, 0x85, 0x94, 0xE8, 0x9F, 0x94, 0xE9, 0xAC, 0x95, 0xE8, 0x8E, 0x88, 0xE8, 0xA6, 0x9B,
    0xE7, 0xB8, 0xB8, 0xE5, 0x98, 0x9C, 0xE9, 0xAD, 0xA9, 0xE8, 0x84, 0x89, 0xE3, 0x84, 0x87, 0xE3,
    0x84, 0x9B, 0x35, 0xE9, 0xBA, 0xBC, 0xE3, 0x84, 0x87, 0xE3, 0x84, 0x9C, 0x35, 0xE9, 0xBA, 0xBC,
    0xE3, 0x84, 0x87, 0xE3, 0x84, 0x9E, 0x32, 0xE5, 0x9F, 0x8B, 0xE9, 0x9C, 0xBE, 0xE8, 0x96, 0xB6,
    0xE3, 0x84, 0x87, 0xE3, 0x84, 0x9E, 0x33, 0xE8, 0xB2, 0xB7, 0xE5, 0x98, 0xAA, 0xE9, 0xB7, 0xB6,
    0xE3, 0x84, 0x87, 0xE3, 0x84, 0x9E, 0x34, 0xE8, 0xB3, 0xA3, 0xE9, 0xBA, 0xA5, 0xE9, 0x82, 0x81,
    0xE8, 0x84, 0x88, 0xE5, 0x8B, 0xB1, 0xE8, 0x9D, 0x90, 0xE8, 0x84, 0x89, 0xE3, 0x84, 0x87, 0xE3,
    0x84, 0x9F, 0x32, 0xE6, 0xB2, 0x92, 0xE7, 0x85, 0xA4, 0xE7, 0x9C, 0x89, 0xE6, 0x9E, 0x9A, 0xE6,
    0xA2, 0x85, 0xE5, 0xAA, 0x92, 0xE8, 0x8E, 0x93, 0xE9, 0x9C, 0x89, 0xE7, 0x8E, 0xAB, 0xE9, 0xBB,
    0xB4, 0xE9, 0x85, 0xB6, 0xE6, 0xA5, 0xA3, 0xE6, 0xB9, 0x84, 0xE5, 0xB5, 0x8B, 0xE8, 0x8B, 0xBA,
    0xE7, 0xA6, 0x96, 0xE9, 0x83, 0xBF, 0xE5, 0xA0, 0xB3, 0xE7, 0x91, 0x82, 0xE8, 0x84, 0xA2, 0xE9,
    0x8B, 0x82, 0xE5, 0x91, 0x85, 0xE8, 0x85, 0x9C, 0xE5, 0xA1, 0xBA, 0xE5, 0xBE, 0xBE, 0xE6, 0x94,
    0x97, 0xE6, 0xA7, 0x91, 0xE3, 0x84, 0x87, 0xE3, 0x84, 0x9F, 0x33, 0xE7, 0xBE, 0x8E, 0xE6, 0xAF,
    0x8F, 0xE9, 0x8E, 0x82, 0xE6, 0xB5, 0xBC, 0xE5, 0xAA, 0xBA, 0xE6, 0xB8, 0xBC, 0xE5, 0xAA, 0x84,
    0xE6, 0x8C, 0xB4, 0xE7, 0x87, 0x98, 0xE3, 0x84, 0x87, 0xE3, 0x84, 0x9F, 0x34, 0xE5, 0xA6, 0xB9,
    0xE5, 0xAA, 0x9A, 0xE5, 0xAF, 0x90, 0xE6, 0x98, 0xA7, 0xE7, 0x9C, 0x9B, 0xE9, 0xAD, 0x85, 0xE7,
    0x91, 0x81, 0xE6, 0xB2, 0xAC, 0xE8, 0xA2, 0x82, 0xE7, 0x97, 0x97, 0xE9, 0x9F, 0x8E, 0xE7, 0x85,
    0x9D, 0xE8, 0x9D, 0x9E, 0xE3, 0x84, 0x87, 0xE3, 0x84, 0x9F, 0x35, 0xE5, 0xA6, 0xB9, 0xE3, 0x84,
    0x87, 0xE3, 0x84, 0xA0, 0x31, 0xE8, 0xB2, 0x93, 0xE3, 0x84, 0x87, 0xE3, 0x84, 0xA0, 0x32, 0xE6,
    0xAF, 0x9B, 0xE8, 0x8C, 0x85, 0xE7, 0x9F, 0x9B, 0xE9, 0xAB, 0xA6, 0xE9, 0x8C, 0xA8, 0xE6, 0x97,
    0x84, 0xE8, 0x9F, 0x8A, 0xE8, 0x8A, 0xBC, 0xE8, 0x9D, 0xA5, 0xE9, 0xAB, 0xB3, 0xE5, 0xAA, 0x8C,
    0xE5, 0xA0, 0xA5, 0xE7, 0xBD, 0x9E, 0xE9, 0x85, 0x95, 0xE5, 0xAB, 0xB9, 0xE9, 0xB6, 0x9C, 0xE6,
    0x9E, 0x86, 0xE8, 0xBB, 0x9E, 0xE6, 0xB8, 0xB5, 0xE3, 0x84, 0x87, 0xE3, 0x84, 0xA0, 0x33, 0xE5,
    0x8D, 0xAF, 0xE6, 0x98, 0xB4, 0xE6, 0xB3, 0x96, 0xE8, 0x8C, 0x86, 0xE3, 0x84, 0x87, 0xE3, 0x84,
    0xA0, 0x34, 0xE5, 0xB8, 0xBD, 0xE5, 0x86, 0x92, 0xE8, 0xB2, 0x8C, 0xE8, 0xB2, 0xBF, 0xE8, 0x8C,
    0x82, 0xE7, 0x91, 0x81, 0xE6, 0x87, 0x8B, 0xE6, 0x97, 0x84, 0xE8, 0x80, 0x84, 0xE5, 0xAA, 0xA2,
    0xE6, 0xA5, 0x99, 0xE7, 0x9C, 0x8A, 0xE7, 0x9E, 0x80, 0xE8, 0x8A, 0xBC, 0xE8, 0xA2, 0xA4, 0xE6,
    0xAF, 0xB7, 0xE8, 0x89, 0x92, 0xE8, 0x90, 0xBA, 0xE9, 0x84, 0xAE, 0xE3, 0x84, 0x87, 0xE3, 0x84,
    0xA1, 0x32, 0xE8, 0xAC, 0x80, 0xE7, 0x9C, 0xB8, 0xE7, 0xB9, 0x86, 0xE7, 0x89, 0x9F, 0xE4, 0xBE,
    0x94, 0xE8, 0x9D, 0xA5, 0xE9, 0x8D, 0xAA, 0xE8, 0x9B, 0x91, 0xE9, 0xBA, 0xB0, 0xE6, 0xB4, 0xA0,
    0xE9, 0x89, 0xBE, 0xE9, 0xB4, 0xBE, 0xE5, 0x91, 0xA3, 0xE5, 0x93, 0x9E, 0xE3, 0x84, 0x87, 0xE3,
    0x84, 0xA1, 0x33, 0xE6, 0x9F, 0x90, 0xE5, 0x86, 0x87, 0xE8, 0xB8, 0x87, 0xE3, 0x84, 0x87, 0xE3,
    0x84, 0xA2, 0x32, 0xE8, 0xA0, 0xBB, 0xE9, 0xA5, 0x85, 0xE7, 0x9E, 0x9E, 0xE8, 0xB9, 0xA3, 0xE6,
    0xBC, 0xAB, 0xE9, 0xA1, 0xA2, 0xE8, 0xAC, 0xBE, 0xE9, 0xB0, 0xBB, 0xE7, 0x92, 0x8A, 0xE6, 0x82,
    0x97, 0xE6, 0x85, 0xB2, 0xE6, 0xA7, 0xBE, 0xE9, 0xAC, 0x98, 0xE9, 0xAC, 0x97, 0xE5, 0x9F, 0x8B,
    0xE3, 0x84, 0x87, 0xE3, 0x84, 0xA2, 0x33, 0xE6, 0xBB, 0xBF, 0xE5, 0xB1, 0x98, 0xE7, 0x9F, 0x95,
    0xE8, 0x9F, 0x8E, 0xE3, 0x84, 0x87, 0xE3, 0x84, 0xA2, 0x34, 0xE6, 0x85, 0xA2, 0xE6, 0xBC, 0xAB,
    0xE6, 0x9B, 0xBC, 0xE8, 0x94, 0x93, 0xE5, 0xB9, 0x94, 0xE5, 0xAB, 0x9A, 0xE9, 0x8F, 0x9D, 0xE7,
    0xB8, 0xB5, 0xE5, 0xA2, 0x81, 0xE7, 0x86, 0xB3, 0xE6, 0xBE, 0xAB, 0xE5, 0x83, 0x88, 0xE7, 0x8D,
    0x8C, 0xE9, 0xB0, 0xBB, 0xE3, 0x84, 0x87, 0xE3, 0x84, 0xA3, 0x31, 0xE6, 0x82, 0xB6, 0xE7, 0x87,
    0x9C, 0xE3, 0x84, 0x87, 0xE3, 0x84, 0xA3, 0x32, 0xE9, 0x96, 0x80, 0xE5, 0x80, 0x91, 0xE6, 0x8D,
    0xAB, 0xE6, 0xA8, 0xA0, 0xE9, 0x8D, 0x86, 0xE7, 0xA9, 0x88, 0xE8, 0x8F, 0x9B, 0xE8, 0x99, 0x8B,
    0xE3, 0x84, 0x87, 0xE3, 0x84, 0xA3, 0x33, 0xE6, 0x9A, 0xAA, 0xE3, 0x84, 0x87, 0xE3, 0x84, 0xA3,
    0x34, 0xE6, 0x82, 0xB6, 0xE7, 0x87, 0x9C, 0xE6, 0x87, 0xA3, 0xE3, 0x84, 0x87, 0xE3, 0x84, 0xA3,
    0x35, 0xE5, 0x80, 0x91, 0xE3, 0x84, 0x87, 0xE3, 0x84, 0xA4, 0x32, 0xE5, 0xBF, 0x99, 0xE8, 0x8A,
    0x92, 0xE8, 0x8C, 0xAB, 0xE7, 0x9B, 0xB2, 0xE6, 0xB0, 0x93, 0xE5, 0xB0, 0xA8, 0xE7, 0xA1, 0xAD,
    0xE9, 0x82, 0x99, 0xE5, 0x93, 0xA4, 0xE5, 0xA5, 0x80, 0xE6, 0x9D, 0x97, 0xE7, 0x9B, 0xB3, 0xE9,
    0x8B, 0xA9, 0xE5, 0xA8, 0x8F, 0xE7, 0x89, 0xBB, 0xE7, 0x97, 0x9D, 0xE8, 0x9B, 0x96, 0xE9, 0xA7,
    0xB9, 0xE8, 0x98, 0x89, 0xE9, 0xBC, 0x86, 0xE7, 0xAC, 0x80, 0xE3, 0x84, 0x87, 0xE3, 0x84, 0xA4,
    0x33, 0xE8, 0x8E, 0xBD, 0xE8, 0x9F, 0x92, 0xE6, 0xBC, 0xAD, 0xE6, 0xB1, 0x92, 0xE5, 0xBA, 0xAC,
    0xE7, 0xA1, 0xA5, 0xE8, 0x8C, 0xBB, 0xE5, 0xA3, 0xBE, 0xE3, 0x84, 0x87, 0xE3, 0x84, 0xA5, 0x32,
    0xE8, 0x92, 0x99, 0xE7, 0x9B, 0x9F, 0xE8, 0x90, 0x8C, 0xE7, 0x9F, 0x87, 0xE6, 0x9C, 0xA6, 0xE6,
    0xBF, 0x9B, 0xE6, 0xAA, 0xAC, 0xE6, 0x87, 0xB5, 0xE5, 0xB9, 0xAA, 0xE7, 0x94, 0x8D, 0xE7, 0x9E,
    0xA2, 0xE8, 0x89, 0xA8, 0xE8, 0x99, 0xBB, 0xE6, 0x9B, 0x9A, 0xE7, 0x94, 0xBF, 0xE7, 0xA4, 0x9E,
    0xE6, 0xB0, 0x8B, 0xE9, 0x9B, 0xBA, 0xE8, 0x8E, 0x94, 0xE5, 0x84, 0x9A, 0xE8, 0x95, 0x84, 0xE9,
    0x84, 0xB3, 0xE9, 0x84, 0xB8, 0xE9, 0xA5, 0x9B, 0xE9, 0xB8, 0x8F, 0xE3, 0x84, 0x87, 0xE3, 0x84,
    0xA5, 0x33, 0xE7, 0x8C, 0x9B, 0xE8, 0x9C, 0xA2, 0xE8, 0x89, 0x8B, 0xE9, 0x8C, 0xB3, 0xE6, 0x87,
    0xB5, 0xE8, 0xA0, 0x93, 0xE6, 0x87, 0x9E, 0xE7, 0x93, 0xBE, 0xE3, 0x84, 0x87, 0xE3, 0x84, 0xA5,
    0x34, 0xE5, 0xA4, 0xA2, 0xE5, 0xAD, 0x9F, 0xE9, 0x9C, 0xBF, 0xE9, 0x9C, 0xA5, 0xE3, 0x84, 0x87,
    0xE3, 0x84, 0xA7, 0x31, 0xE5, 0x92, 0xAA, 0xE7, 0x9E, 0x87, 0xE3, 0x84, 0x87, 0xE3, 0x84, 0xA7,
    0x32, 0xE8, 0xBF, 0xB7, 0xE5, 0xBD, 0x8C, 0xE8, 0xAC, 0x8E, 0xE7, 0x80, 0xB0, 0xE9, 0x9D, 0xA1,
    0xE7, 0xB3, 0x9C, 0xE9, 0xBA, 0x8B, 0xE7, 0xB8, 0xBB, 0xE7, 0x8D, 0xBC, 0xE8, 0x98, 0xBC, 0xE5,
    0x86, 0x9E, 0xE9, 0xBA, 0x9B, 0xE9, 0x86, 0x9A, 0xE9, 0x86, 0xBE, 0xE6, 0xAA, 0xB7, 0xE8, 0x98,
    0xAA, 0xE6, 0x94, 0xA0, 0xE7, 0x93, 0x95, 0xE7, 0x88, 0xA2, 0xE9, 0xBA, 0x8A, 0xE9, 0xB8, 0x8D,
    0xE7, 0xA6, 0xB0, 0xE7, 0xA5, 0xA2, 0xE3, 0x84, 0x87, 0xE3, 0x84, 0xA7, 0x33, 0xE7, 0xB1, 0xB3,
    0xE9, 0x9D, 0xA1, 0xE5, 0xBC, 0xAD, 0xE6, 0x95, 0x89, 0xE7, 0x9C, 0xAF, 0xE9, 0x8A, 0xA4, 0xE6,
    0xB8, 0xB3, 0xE8, 0x91, 0x9E, 0xE8, 0x94, 0x9D, 0xE6, 0xBF, 0x94, 0xE7, 0x81, 0x96, 0xE3, 0x84,
    0x87, 0xE3, 0x84, 0xA7, 0x34, 0xE5, 0xAF, 0x86, 0xE8, 0x9C, 0x9C, 0xE7, 0xA7, 0x98, 0xE7, 0xA5,
    0x95, 0xE8, 0xA6, 0x93, 0xE6, 0xB3, 0x8C, 0xE6, 0xB1, 0xA8, 0xE8, 0xAC, 0x90, 0xE5, 0xAE, 0x93,
    0xE5, 0x86, 0xAA, 0xE5, 0xA1, 0x93, 0xE5, 0xB9, 0xA6, 0xE9, 0xBC, 0x8F, 0xE7, 0xBE, 0x83, 0xE5,
    0xB9, 0x8E, 0xE6, 0xBC, 0x9E, 0xE7, 0xB3, 0xB8, 0xE5, 0xB3, 0x9A, 0xE6, 0xA6, 0x93, 0xE6, 0xBB,
    0xB5, 0xE8, 0x94, 0xA4, 0xE8, 0xA0, 0xA0, 0xE5, 0x98, 0xA7, 0xE3, 0x84, 0x87, 0xE3, 0x84, 0xA7,
    0xE3, 0x84, 0x9D, 0x31, 0xE5, 0x92, 0xA9, 0xE4, 0xB9, 0x9C, 0xE7, 0xBE, 0x8B, 0xE3, 0x84, 0x87,
    0xE3, 0x84, 0xA7, 0xE3, 0x84, 0x9D, 0x34, 0xE6, 0xBB, 0x85, 0xE8, 0x94, 0x91, 0xE8, 0xA1, 0x8A,
    0xE7, 0xAF, 0xBE, 0xE8, 0xA0, 0x9B, 0xE5, 0xB9, 0xAD, 0xE8, 0xA6, 0x95, 0xE6, 0x90, 0xA3, 0xE8,
    0x96, 0x8E, 0xE6, 0x87, 0xB1, 0xE7, 0x80, 0x8E, 0xE7, 0xA4, 0xA3, 0xE9, 0xB1, 0xB4, 0xE3, 0x84,
    0x87, 0xE3, 0x84, 0xA7, 0xE3, 0x84, 0xA0, 0x31, 0xE5, 0x96, 0xB5, 0xE3, 0x84, 0x87, 0xE3, 0x84,
    0xA7, 0xE3, 0x84, 0xA0, 0x32, 0xE8, 0x8B, 0x97, 0xE6, 0x8F, 0x8F, 0xE7, 0x9E, 0x84, 0xE9, 0xB1,
    0x99, 0xE3, 0x84, 0x87, 0xE3, 0x84, 0xA7, 0xE3, 0x84, 0xA0, 0x33, 0xE7, 0xA7, 0x92, 0xE6, 0xB8,
    0xBA, 0xE8, 0x97, 0x90, 0xE9, 0x82, 0x88, 0xE7, 0xB7, 0xB2, 0xE6, 0x9D, 0xB3, 0xE7, 0x9C, 0x87,
    0xE6, 0xB7, 0xBC, 0xE6, 0x9D, 0xAA, 0xE7, 0xAF, 0x8E, 0xE3, 0x84, 0x87, 0xE3, 0x84, 0xA7, 0xE3,
    0x84, 0xA0, 0x34, 0xE5, 0xA6, 0x99, 0xE5, 0xBB, 0x9F, 0xE7, 0xB9, 0x86, 0xE7, 0x8E, 0x85, 0xE3,
    0x84, 0x87, 0xE3, 0x84, 0xA7, 0xE3, 0x84, 0xA1, 0x31, 0xE5, 0x94, 0x92, 0xE3, 0x84, 0x87, 0xE3,
    0x84, 0xA7, 0xE3, 0x84, 0xA1, 0x34, 0xE8, 0xAC, 0xAC, 0xE7, 0xB9, 0x86, 0xE3, 0x84, 0x87, 0xE3,
    0x84, 0xA7, 0xE3, 0x84, 0xA2, 0x32, 0xE6, 0xA3, 0x89, 0xE7, 0xB6, 0xBF, 0xE7, 0x9C, 0xA0, 0xE5,
    0xAA, 0x94, 0xE5, 0xA9, 0x82, 0xE8, 0x9D, 0x92, 0xE6, 0xAB, 0x8B, 0xE7, 0x9F, 0x8A, 0xE7, 0x9F,
    0x8F, 0xE3, 0x84, 0x87, 0xE3, 0x84, 0xA7, 0xE3, 0x84, 0xA2, 0x33, 0xE5, 0x85, 0x8D, 0xE5, 0x8B,
    0x89, 0xE7, 0xB7, 0xAC, 0xE5, 0x86, 0x95, 0xE5, 0xA8, 0xA9, 0xE9, 0x9D, 0xA6, 0xE6, 0xB9, 0x8E,
    0xE6, 0xB2, 0x94, 0xE5, 0x81, 0xAD, 0xE7, 0x9C, 0x84, 0xE7, 0xB5, 0xBB, 0xE4, 0xB8, 0x8F, 0xE4,
    0xBF, 0x9B, 0xE6, 0x84, 0x90, 0xE5, 0x96, 0x95, 0xE9, 0xAE, 0xB8, 0xE3, 0x84, 0x87, 0xE3, 0x84,
    0xA7, 0xE3, 0x84, 0xA2, 0x34, 0xE9, 0x9D, 0xA2, 0xE9, 0xBA, 0xB5, 0xE9, 0xBA, 0xAA, 0xE3, 0x84,
    0x87, 0xE3, 0x84, 0xA7, 0xE3, 0x84, 0xA3, 0x32, 0xE6, 0xB0, 0x91, 0xE7, 0x8F, 0x89, 0xE5, 0xB2,
    0xB7, 0xE7, 0x8E, 0x9F, 0xE7, 0xB7, 0xA1, 0xE7, 0x97, 0xBB, 0xE8, 0x8B, 0xA0, 0xE5, 0xBF, 0x9E,
    0xE6, 0x97, 0xBB, 0xE9, 0x88, 0xB1, 0xE6, 0x97, 0xBC, 0xE9, 0x8C, 0x89, 0xE7, 0xBD, 0xA0, 0xE9,
    0x96, 0xBA, 0xE6, 0x80, 0x8B, 0xE5, 0xB4, 0x8F, 0xE6, 0x9A, 0x8B, 0xE3, 0x84, 0x87, 0xE3, 0x84,
    0xA7, 0xE3, 0x84, 0xA3, 0x33, 0xE6, 0x95, 0x8F, 0xE6, 0x86, 0xAB, 0xE9, 0x96, 0x94, 0xE9, 0x96,
    0xA9, 0xE6, 0x8A, 0xBF, 0xE6, 0xB3, 0xAF, 0xE7, 0x9A, 0xBF, 0xE6, 0xB9, 0xA3, 0xE6, 0x84, 0x8D,
    0xE9, 0xBB, 0xBD, 0xE6, 0xBE, 0xA0, 0xE7, 0xAC, 0xA2, 0xE6, 0x95, 0x83, 0xE5, 0x88, 0xA1, 0xE5,
    0x83, 0xB6, 0xE7, 0xB0, 0xA2, 0xE6, 0x95, 0xAF, 0xE6, 0xBD, 0xA3, 0xE3, 0x84, 0x87, 0xE3, 0x84,
    0xA7, 0xE3, 0x84, 0xA5, 0x32, 0xE6, 0x98, 0x8E, 0xE5, 0x90, 0x8D, 0xE9, 0xB3, 0xB4, 0xE9, 0x8A,
    0x98, 0xE8, 0x9E, 0x9F, 0xE5, 0x86, 0xA5, 0xE7, 0x9E, 0x91, 0xE6, 0x9A, 0x9D, 0xE8, 0x8C, 0x97,
    0xE9, 0x85, 0xA9, 0xE6, 0xBA, 0x9F, 0xE8, 0x93, 0x82, 0xE9, 0x84, 0x8D, 0xE6, 0xB4, 0xBA, 0xE6,
    0xA6, 0xA0, 0xE5, 0xAB, 0x87, 0xE8, 0xA6, 0xAD, 0xE8, 0xA9, 0xBA, 0xE7, 0x86, 0x90, 0xE3, 0x84,
    0x87, 0xE3, 0x84, 0xA7, 0xE3, 0x84, 0xA5, 0x33, 0xE7, 0x9C, 0xB3, 0xE5, 0xA7, 0xB3, 0xE6, 0x85,
    0x8F, 0xE3, 0x84, 0x87, 0xE3, 0x84, 0xA7, 0xE3, 0x84, 0xA5, 0x34, 0xE5, 0x91, 0xBD, 0xE6, 0x9A,
    0x9D, 0xE3, 0x84, 0x87, 0xE3, 0x84, 0xA8, 0x32, 0xE6, 0xA8, 0xA1, 0xE6, 0xB0, 0x81, 0xE3, 0x84,
    0x87, 0xE3, 0x84, 0xA8, 0x33, 0xE6, 0xAF, 0x8D, 0xE7, 0x95, 0x9D, 0xE7, 0x89, 0xA1, 0xE5, 0xA7,
    0x86, 0xE6, 0x8B, 0x87, 0xE7, 0x89, 0xB3, 0xE9, 0x89, 0xA7, 0xE5, 0xA7, 0xA5, 0xE5, 0xB3, 0x94,
    0xE7, 0xA0, 0xAA, 0xE3, 0x84, 0x87, 0xE3, 0x84, 0xA8, 0x34, 0xE6, 0x9C, 0xA8, 0xE7, 0x9B, 0xAE,
    0xE5, 0xB9, 0x95, 0xE7, 0x89, 0xA7, 0xE6, 0x85, 0x95, 0xE5, 0xA2, 0x93, 0xE5, 0x8B, 0x9F, 0xE7,
    0xA9, 0x86, 0xE7, 0x9D, 0xA6, 0xE6, 0x9A, 0xAE, 0xE6, 0xB2, 0x90, 0xE8, 0x8B, 0x9C, 0xE9, 0xB6,
    0xA9, 0xE6, 0xA5, 0x98, 0xE9, 0x9C, 0x82, 0xE9, 0x89, 0xAC, 0xE7, 0x82, 0x91, 0xE5, 0x9D, 0xB6,
    0xE6, 0xAF, 0xA3, 0xE8, 0x9A, 0x9E, 0xE5, 0xB9, 0x99, 0xE9, 0x9E, 0xAA, 0xE8, 0x8E, 0xAF, 0xE3,
    0x84, 0x88, 0x31, 0xE3, 0x84, 0x88, 0xE3, 0x84, 0x88, 0xE3, 0x84, 0x9A, 0x31, 0xE7, 0x99, 0xBC,
    0xE4, 0xBC, 0x90, 0xE7, 0x9E, 0x82, 0xE3, 0x84, 0x88, 0xE3, 0x84, 0x9A, 0x32, 0xE4, 0xB9, 0x8F,
    0xE4, 0xBC, 0x90, 0xE7, 0xBD, 0xB0, 0xE9, 0x96, 0xA5, 0xE7, 0xAD, 0x8F, 0xE7, 0xA0, 0x9D, 0xE8,
    0x8C, 0xB7, 0xE6, 0xB3, 0x95, 0xE7, 0x96, 0xBA, 0xE8, 0x97, 0x85, 0xE3, 0x84, 0x88, 0xE3, 0x84,
    0x9A, 0x33, 0xE6, 0xB3, 0x95, 0xE9, 0xAB, 0xAE, 0xE9, 0x8D, 0x85, 0xE3, 0x84, 0x88, 0xE3, 0x84,
    0x9A, 0x34, 0xE6, 0xB3, 0x95, 0xE7, 0x90, 0xBA, 0xE3, 0x84, 0x88, 0xE3, 0x84, 0x9B, 0x32, 0xE4,
    0xBD, 0x9B, 0xE5, 0x9D, 0xB2, 0xE3, 0x84, 0x88, 0xE3, 0x84, 0x9F, 0x31, 0xE9, 0x9D, 0x9E, 0xE9,
    0xA3, 0x9B, 0xE8, 0x8F, 0xB2, 0xE6, 0x89, 0x89, 0xE5, 0x95, 0xA1, 0xE5, 0xA6, 0x83, 0xE7, 0xB7,
    0x8B, 0xE9, 0x9C, 0x8F, 0xE9, 0xA6, 0xA1, 0xE9, 0xA8, 0x91, 0xE9, 0xAF, 0xA1, 0xE9, 0xA8, 0x9B,
    0xE5, 0xA9, 0x93, 0xE8, 0xA3, 0xB6, 0xE8, 0x9C, 0x9A, 0xE3, 0x84, 0x88, 0xE3, 0x84, 0x9F, 0x32,
    0xE8, 0x82, 0xA5, 0xE6, 0xB7, 0x9D, 0xE8, 0x85, 0x93, 0xE8, 0x90, 0x89, 0xE8, 0x9C, 0xB0, 0xE3,
    0x84, 0x88, 0xE3, 0x84, 0x9F, 0x33, 0xE5, 0x8C, 0xAA, 0xE7, 0xBF, 0xA1, 0xE6, 0x96, 0x90, 0xE8,
    0x9C, 0x9A, 0xE8, 0xAA, 0xB9, 0xE6, 0x82, 0xB1, 0xE8, 0x8F, 0xB2, 0xE6, 0x9C, 0x8F, 0xE6, 0xA3,
    0x90, 0xE6, 0xA6, 0xA7, 0xE7, 0xAF, 0x9A, 0xE5, 0xA5, 0x9C, 0xE9, 0xA4, 0xA5, 0xE3, 0x84, 0x88,
    0xE3, 0x84, 0x9F, 0x34, 0xE5, 0xBB, 0xA2, 0xE8, 0xB2, 0xBB, 0xE8, 0x82, 0xBA, 0xE6, 0xB2, 0xB8,
    0xE5, 0x90, 0xA0, 0xE7, 0x97, 0xB1, 0xE6, 0x80, 0xAB, 0xE7, 0x96, 0xBF, 0xE8, 0x8A, 0xBE, 0xE5,
    0xB1, 0x9D, 0xE5, 0x89, 0x95, 0xE7, 0x8B, 0x92, 0xE7, 0xA0, 0xA9, 0xE6, 0xBF, 0xB7, 0xE7, 0x99,
    0x88, 0xE6, 0x98, 0xB2, 0xE8, 0x83, 0x87, 0xE4, 0xBF, 0xB7, 0xE5, 0x8E, 0x9E, 0xE6, 0x9B, 0x8A,
    0xE9, 0xBC, 0xA3, 0xE6, 0xAB, 0xA0, 0xE8, 0x9F, 0xA6, 0xE9, 0x90, 0xA8, 0xE9, 0xAF, 0xA1, 0xE3,
    0x84, 0x88, 0xE3, 0x84, 0xA1, 0x32, 0xE7, 0xBD, 0x98, 0xE8, 0x8A, 0xA3, 0xE7, 0xB4, 0x91, 0xE5,
    0x89, 0xBB, 0xE3, 0x84, 0x88, 0xE3, 0x84, 0xA1, 0x33, 0xE5, 0x90, 0xA6, 0xE7, 0xBC, 0xB6, 0xE6,
    0xAE, 0x95, 0xE7, 0xBC, 0xB9, 0xE9, 0xB4, 0x80, 0xE3, 0x84, 0x88, 0xE3, 0x84, 0xA2, 0x31, 0xE7,
    0x95, 0xAA, 0xE7, 0xBF, 0xBB, 0xE8, 0x95, 0x83, 0xE7, 0xB9, 0x99, 0xE5, 0xB9, 0xA1, 0xE5, 0xB8,
    0x86, 0xE6, 0x97, 0x9B, 0xE7, 0xB1, 0x93, 0xE5, 0x83, 0xA0, 0xE5, 0xAC, 0x8F, 0xE8, 0xBD, 0x93,
    0xE9, 0xB1, 0x95, 0xE3, 0x84, 0x88, 0xE3, 0x84, 0xA2, 0x32, 0xE5, 0x87, 0xA1, 0xE7, 0x85, 0xA9,
    0xE7, 0xB9, 0x81, 0xE5, 0xB8, 0x86, 0xE8, 0x95, 0x83, 0xE7, 0xA4, 0xAC, 0xE8, 0x97, 0xA9, 0xE6,
    0xA8, 0x8A, 0xE8, 0x98, 0xA9, 0xE7, 0x92, 0xA0, 0xE7, 0xB1, 0xB5, 0xE5, 0xA2, 0xA6, 0xE7, 0x87,
    0x94, 0xE8, 0x86, 0xB0, 0xE8, 0xA0, 0x9C, 0xE8, 0xB9, 0xAF, 0xE9, 0xA2, 0xBF, 0xE7, 0xAC, 0xB2,
    0xE9, 0x87, 0xA9, 0xE7, 0x80, 0xBF, 0xE9, 0x90, 0x87, 0xE5, 0x8B, 0xAB, 0xE6, 0xA9, 0x8E, 0xE8,
    0x96, 0xA0, 0xE7, 0xBE, 0xB3, 0xE9, 0xB7, 0xAD, 0xE6, 0x9D, 0x8B, 0xE6, 0x9F, 0x89, 0xE7, 0x80,
    0xAA, 0xE3, 0x84, 0x88, 0xE3, 0x84, 0xA2, 0x33, 0xE5, 0x8F, 0x8D, 0xE8, 0xBF, 0x94, 0xE9, 0xAD,
    0xAC, 0xE3, 0x84, 0x88, 0xE3, 0x84, 0xA2, 0x34, 0xE7, 0xAF, 0x84, 0xE8, 0x8C, 0x83, 0xE7, 0x8A,
    0xAF, 0xE6, 0xB0, 0xBE, 0xE6, 0xB1, 0x8E, 0xE9, 0xA3, 0xAF, 0xE8, 0xB2, 0xA9, 0xE6, 0xB3, 0x9B,
    0xE6, 0xA2, 0xB5, 0xE7, 0x95, 0x88, 0xE7, 0xAC, 0xB5, 0xE9, 0x84, 0xA4, 0xE5, 0xA5, 0xBF, 0xE8,
    0xBB, 0x93, 0xE8, 0xBB, 0xAC, 0xE6, 0xBB, 0xBC, 0xE5, 0xAC, 0x94, 0xE3, 0x84, 0x88, 0xE3, 0x84,
    0xA3, 0x31, 0xE5, 0x88, 0x86, 0xE7, 0xB4, 0x9B, 0xE8, 0x8A, 0xAC, 0xE6, 0xB0, 0x9B, 0xE5, 0x90,
    0xA9, 0xE6, 0xA3, 0xBB, 0xE7, 0x8E, 0xA2, 0xE9, 0x85, 0x9A, 0xE9, 0x9B, 0xB0, 0xE6, 0x98, 0x90,
    0xE9, 0x88, 0x96, 0xE7, 0xA0, 0x8F, 0xE7, 0xBF, 0x82, 0xE8, 0xA1, 0xAF, 0xE9, 0xA5, 0x99, 0xE6,
    0xA2, 0xA4, 0xE9, 0xB3, 0xBB, 0xE3, 0x84, 0x88, 0xE3, 0x84, 0xA3, 0x32, 0xE5, 0xA2, 0xB3, 0xE7,
    0x84, 0x9A, 0xE6, 0xB1, 0xBE, 0xE6, 0x9E, 0x8C, 0xE6, 0xA3, 0xBC, 0xE8, 0x9A, 0xA1, 0xE8, 0xB1,
    0xB6, 0xE9, 0xBC, 0x96, 0xE5, 0xB9, 0xA9, 0xE6, 0xBF, 0x86, 0xE8, 0xBD, 0x92, 0xE9, 0xBC, 0xA2,
    0xE5, 0xA6, 0xA2, 0xE7, 0x82, 0x83, 0xE7, 0xBE, 0x92, 0xE8, 0x92, 0xB6, 0xE9, 0xBB, 0x82, 0xE5,
    0xBC, 0x85, 0xE8, 0x95, 0xA1, 0xE9, 0x90, 0xBC, 0xE3, 0x84, 0x88, 0xE3, 0x84, 0xA3, 0x33, 0xE7,
    0xB2, 0x89, 0xE9, 0xBB, 0xBA, 0xE3, 0x84, 0x88, 0xE3, 0x84, 0xA3, 0x34, 0xE4, 0xBB, 0xBD, 0xE5,
    0xBF, 0xBF, 0xE5, 0xA5, 0xAE, 0xE6, 0x86, 0xA4, 0xE5, 0x88, 0x86, 0xE7, 0xB3, 0x9E, 0xE5, 0x83,
    0xA8, 0xE7, 0x80, 0xB5, 0xE5, 0x9D, 0x8B, 0xE7, 0xA7, 0x8E, 0xE9, 0xAD, 0xB5, 0xE6, 0xA9, 0xA8,
    0xE8, 0x86, 0xB9, 0xE7, 0xBE, 0xB5, 0xE3, 0x84, 0x88, 0xE3, 0x84, 0xA4, 0x31, 0xE6, 0x96, 0xB9,
    0xE8, 0x8A, 0xB3, 0xE5, 0x9D, 0x8A, 0xE6, 0x9E, 0x8B, 0xE9, 0x82, 0xA1, 0xE6, 0xB7, 0x93, 0xE9,
    0x88, 0x81, 0xE5, 0x8C, 0x9A, 0xE6, 0xB1, 0xB8, 0xE3, 0x84, 0x88, 0xE3, 0x84, 0xA4, 0x32, 0xE6,
    0x88, 0xBF, 0xE9, 0x98, 0xB2, 0xE5, 0xA6, 0xA8, 0xE8, 0x82, 0xAA, 0xE5, 0x9D, 0x8A, 0xE9, 0xAD,
    0xB4, 0xE3, 0x84, 0x88, 0xE3, 0x84, 0xA4, 0x33, 0xE8, 0xA8, 0xAA, 0xE5, 0xBD, 0xB7, 0xE4, 0xBB,
    0xBF, 0xE7, 0xB4, 0xA1, 0xE5, 0x80, 0xA3, 0xE8, 0x88, 0xAB, 0xE6, 0x98, 0x89, 0xE7, 0x93, 0xAC,
    0xE9, 0xAB, 0xA3, 0xE9, 0xB6, 0xAD, 0xE6, 0x94, 0xBE, 0xE3, 0x84, 0x88, 0xE3, 0x84, 0xA4, 0x34,
    0xE6, 0x94, 0xBE, 0xE3, 0x84, 0x88, 0xE3, 0x84, 0xA5, 0x31, 0xE9, 0xA2, 0xA8, 0xE8, 0x9C, 0x82,
    0xE5, 0xB0, 0x81, 0xE8, 0xB1, 0x90, 0xE7, 0x98, 0x8B, 0xE5, 0xB3, 0xB0, 0xE9, 0x8B, 0x92, 0xE4,
    0xB8, 0xB0, 0xE7, 0x83, 0xBD, 0xE6, 0xA5, 0x93, 0xE8, 0xAB, 0xB7, 0xE9, 0x85, 0x86, 0xE8, 0x91,
    0x91, 0xE7, 0x81, 0x83, 0xE7, 0x8A, 0x8E, 0xE6, 0x8D, 0x80, 0xE6, 0xA1, 0xBB, 0xE5, 0xA6, 0xA6,
    0xE6, 0xAA, 0x92, 0xE5, 0x81, 0x91, 0xE5, 0xB4, 0xB6, 0xE8, 0x98, 0xB4, 0xE9, 0xA3, 0x8C, 0xE9,
    0xBA, 0xB7, 0xE7, 0x8C, 0xA6, 0xE5, 0xB3, 0xAF, 0xE3, 0x84, 0x88, 0xE3, 0x84, 0xA5, 0x32, 0xE9,
    0x80, 0xA2, 0xE7, 0xB8, 0xAB, 0xE9, 0xA6, 0xAE, 0xE5, 0xA4, 0x86, 0xE6, 0xB8, 0xA2, 0xE5, 0xA0,
    0xB8, 0xE8, 0x89, 0x82, 0xE6, 0x91, 0x93, 0xE3, 0x84, 0x88, 0xE3, 0x84, 0xA5, 0x33, 0xE5, 0x94,
    0xAA, 0xE8, 0xA6, 0x82, 0xE3, 0x84, 0x88, 0xE3, 0x84, 0xA5, 0x34, 0xE5, 0xA5, 0x89, 0xE9, 0xB3,
    0xB3, 0xE4, 0xBF, 0xB8, 0xE8, 0xAB, 0xB7, 0xE7, 0xB8, 0xAB, 0xE8, 0xB3, 0xB5, 0xE7, 0x84, 0xA8,
    0xE7, 0x94, 0xAE, 0xE3, 0x84, 0x88, 0xE3, 0x84, 0xA7, 0xE3, 0x84, 0xA0, 0x34, 0xE8, 0xA6, 0x85,
    0xE3, 0x84, 0x88, 0xE3, 0x84, 0xA8, 0x31, 0xE5, 0xA4, 0xAB, 0xE8, 0x86, 0x9A, 0xE6, 0x95, 0xB7,
    0xE5, 0xAD, 0xB5, 0xE4, 0xBC, 0x95, 0xE9, 0xBA, 0xA9, 0xE8, 0xB7, 0x97, 0xE8, 0xB6, 0xBA, 0xE6,
    0x9F, 0x8E, 0xE7, 0xA0, 0x86, 0xE9, 0x84, 0x9C, 0xE9, 0x88, 0x87, 0xE7, 0xAE, 0x99, 0xE7, 0xBD,
    0xA6, 0xE8, 0xA1, 0xAD, 0xE7, 0xA8, 0x83, 0xE9, 0x82, 0x9E, 0xE6, 0xB3, 0xAD, 0xE6, 0x80, 0xA4,
    0xE5, 0xB0, 0x83, 0xE8, 0x8D, 0xB4, 0xE7, 0xB6, 0x92, 0xE9, 0xB3, 0xBA, 0xE5, 0xA7, 0x87, 0xE7,
    0xB3, 0x90, 0xE7, 0x92, 0xB7, 0xE7, 0xB4, 0xA8, 0xE3, 0x84, 0x88, 0xE3, 0x84, 0xA8, 0x32, 0xE6,
    0x9C, 0x8D, 0xE7, 0xA6, 0x8F, 0xE6, 0x89, 0xB6, 0xE6, 0xB5, 0xAE, 0xE7, 0xAC, 0xA6, 0xE4, 0xBC,
    0x8F, 0xE5, 0xBD, 0xBF, 0xE7, 0xB8, 0x9B, 0xE5, 0xB9, 0x85, 0xE4, 0xBF, 0x98, 0xE6, 0x8B, 0x82,
    0xE8, 0x8B, 0xBB, 0xE5, 0xBC, 0x97, 0xE5, 0xAD, 0x9A, 0xE8, 0xA2, 0xB1, 0xE8, 0x8A, 0x99, 0xE8,
    0xBC, 0xBB, 0xE8, 0x9D, 0xA0, 0xE5, 0x8C, 0x90, 0xE8, 0x9C, 0x89, 0xE7, 0xBD, 0x98, 0xE6, 0xB6,
    0xAA, 0xE5, 0xA4, 0xAB, 0xE9, 0x83, 0x9B, 0xE8, 0x8E, 0xA9, 0xE6, 0x80, 0xAB, 0xE8, 0x9A, 0xA8,
    0xE6, 0xA1, 0xB4, 0xE7, 0xB4, 0xBC, 0xE8, 0x8C, 0xAF, 0xE8, 0x8F, 0x94, 0xE7, 0xB4, 0xB1, 0xE5,
    0x92, 0x88, 0xE6, 0xB4, 0x91, 0xE7, 0xB6, 0x8D, 0xE8, 0x89, 0xB4, 0xE8, 0x8A, 0xBE, 0xE8, 0x8C,
    0x80, 0xE8, 0x89, 0x80, 0xE5, 0x88, 0x9C, 0xE5, 0xB8, 0x97, 0xE7, 0xAC, 0xB0, 0xE8, 0x91, 0x8D,
    0xE8, 0xA2, 0x9A, 0xE6, 0xB0, 0x9F, 0xE6, 0xA3, 0xB4, 0xE6, 0xBE, 0x93, 0xE7, 0x83, 0xB0, 0xE6,
    0x9E, 0xB9, 0xE7, 0x8E, 0xB8, 0xE5, 0xB2, 0xAA, 0xE6, 0x9E, 0x8E, 0xE5, 0x9E, 0x98, 0xE6, 0x98,
    0xB2, 0xE6, 0x9F, 0xAB, 0xE7, 0x90, 0x88, 0xE8, 0x99, 0x99, 0xE8, 0xB8, 0xBE, 0xE9, 0xB3, 0xA7,
    0xE5, 0xB7, 0xBF, 0xE6, 0xB2, 0xB7, 0xE7, 0xA5, 0x93, 0xE7, 0xBF, 0x87, 0xE9, 0x9F, 0x8D, 0xE8,
    0xAB, 0xA8, 0xE9, 0xB4, 0x94, 0xE9, 0xBB, 0xBB, 0xE9, 0xB5, 0xA9, 0xE9, 0xB6, 0x9D, 0xE6, 0xB2,
    0xB8, 0xE3, 0x84, 0x88, 0xE3, 0x84, 0xA8, 0x33, 0xE5, 0xBA, 0x9C, 0xE8, 0x85, 0x90, 0xE6, 0x92,
    0xAB, 0xE8, 0xBC, 0x94, 0xE7, 0x94, 0xAB, 0xE6, 0x96, 0xA7, 0xE4, 0xBF, 0xAF, 0xE9, 0x87, 0x9C,
    0xE8, 0x84, 0xAF, 0xE8, 0x85, 0x91, 0xE8, 0x8E, 0x86, 0xE6, 0xBB, 0x8F, 0xE6, 0x8B, 0x8A, 0xE9,
    0xBB, 0xBC, 0xE7, 0xB0, 0xA0, 0xE9, 0xA0, 0xAB, 0xE9, 0x83, 0x99, 0xE5, 0xBC, 0xA3, 0xE9, 0xAF,
    0x86, 0xE6, 0x9A, 0x8A, 0xE5, 0x86, 0xB9, 0xE8, 0x9C, 0x85, 0xE8, 0x9A, 0xA5, 0xE8, 0xBB, 0xB5,
    0xE7, 0x88, 0xB6, 0xE3, 0x84, 0x88, 0xE3, 0x84, 0xA8, 0x34, 0xE7, 0x88, 0xB6, 0xE8, 0xB2, 0xA0,
    0xE5, 0xA9, 0xA6, 0xE4, 0xBB, 0x98, 0xE9, 0x99, 0x84, 0xE5, 0xAF, 0x8C, 0xE5, 0xBE, 0xA9, 0xE5,
    0x89, 0xAF, 0xE5, 0x82, 0x85, 0xE8, 0xA6, 0x86, 0xE8, 0xA4, 0x87, 0xE8, 0x85, 0xB9, 0xE5, 0x92,
    0x90, 0xE8, 0xB5, 0xB4, 0xE8, 0xB3, 0xA6, 0xE9, 0xA7, 0x99, 0xE9, 0x98, 0x9C, 0xE8, 0xA8, 0x83,
    0xE9, 0xA6, 0xA5, 0xE8, 0xB3, 0xBB, 0xE8, 0x9D, 0xAE, 0xE9, 0xAE, 0x92, 0xE7, 0xA5, 0x94, 0xE5,
    0x81, 0xA9, 0xE8, 0xBC, 0xB9, 0xE9, 0xB0, 0x92, 0xE9, 0x8D, 0x91, 0xE6, 0xA6, 0x91, 0xE5, 0xA4,
    0x8D, 0xE8, 0x83, 0x95, 0xE8, 0x9A, 0xB9, 0xE8, 0x90, 0xAF, 0xE8, 0x9D, 0x9C, 0xE8, 0xA4, 0x94,
    0xE5, 0xA7, 0x87, 0xE5, 0xB3, 0x8A, 0xE8, 0x9B, 0x97, 0xE7, 0xB7, 0xAE, 0xE8, 0x95, 0xA7, 0xE3,
    0x84, 0x89, 0x31, 0xE3, 0x84, 0x89, 0xE3, 0x84, 0x89, 0xE3, 0x84, 0x9A, 0x31, 0xE6, 0x90, 0xAD,
    0xE8, 0xA4, 0xA1, 0xE7, 0xAD, 0x94, 0xE6, 0x92, 0x98, 0xE7, 0x98, 0xA9, 0xE8, 0xBA, 0x82, 0xE5,
    0x92, 0x91, 0xE8, 0x80, 0xB7, 0xE3, 0x84, 0x89, 0xE3, 0x84, 0x9A, 0x32, 0xE7, 0xAD, 0x94, 0xE9,
    0x81, 0x94, 0xE9, 0x9F, 0x83, 0xE9, 0x9D, 0xBC, 0xE7, 0x98, 0xA9, 0xE6, 0x80, 0x9B, 0xE7, 0xB9,
    0xA8, 0xE5, 0x99, 0xA0, 0xE5, 0xA6, 0xB2, 0xE7, 0xAC, 0xAA, 0xE8, 0x8D, 0x85, 0xE8, 0x96, 0x98,
    0xE8, 0xA4, 0x9F, 0xE9, 0x90, 0xBD, 0xE5, 0x8C, 0x92, 0xE5, 0x91, 0xBE, 0xE7, 0x95, 0xA3, 0xE7,
    0x82, 0x9F, 0xE9, 0x8E, 0x9D, 0xE6, 0x89, 0x93, 0xE3, 0x84, 0x89, 0xE3, 0x84, 0x9A, 0x33, 0xE6,
    0x89, 0x93, 0xE3, 0x84, 0x89, 0xE3, 0x84, 0x9A, 0x34, 0xE5, 0xA4, 0xA7, 0xE3, 0x84, 0x89, 0xE3,
    0x84, 0x9C, 0x32, 0xE5, 0xBE, 0x97, 0xE5, 0xBE, 0xB7, 0xE6, 0xB7, 0x82, 0xE3, 0x84, 0x89, 0xE3,
    0x84, 0x9C, 0x35, 0xE7, 0x9A, 0x84, 0xE5, 0xBE, 0x97, 0xE5, 0x9C, 0xB0, 0xE3, 0x84, 0x89, 0xE3,
    0x84, 0x9E, 0x31, 0xE5, 0x91, 0x86, 0xE5, 0xBE, 0x85, 0xE7, 0x8D, 0x83, 0xE3, 0x84, 0x89, 0xE3,
    0x84, 0x9E, 0x33, 0xE6, 0xAD, 0xB9, 0xE9, 0x80, 0xAE, 0xE3, 0x84, 0x89, 0xE3, 0x84, 0x9E, 0x34,
    0xE4, 0xBB, 0xA3, 0xE5, 0xB8, 0xB6, 0xE5, 0xBE, 0x85, 0xE8, 0xA2, 0x8B, 0xE6, 0x88, 0xB4, 0xE6,
    0x80, 0xA0, 0xE6, 0xAE, 0x86, 0xE9, 0xBB, 0x9B, 0xE8, 0xB2, 0xB8, 0xE8, 0xBF, 0xA8, 0xE5, 0xA4,
    0xA7, 0xE7, 0x8E, 0xB3, 0xE5, 0xB2, 0xB1, 0xE9, 0x80, 0xAE, 0xE8, 0xA5, 0xB6, 0xE5, 0x9F, 0xAD,
    0xE9, 0x9D, 0x86, 0xE7, 0xB4, 0xBF, 0xE5, 0xBB, 0x97, 0xE6, 0xB1, 0x8F, 0xE5, 0xBF, 0x95, 0xE7,
    0x80, 0xBB, 0xE8, 0xBB, 0xA9, 0xE8, 0xB7, 0xA2, 0xE8, 0x89, 0x9C, 0xE8, 0xB9, 0x9B, 0xE6, 0x9F,
    0x8B, 0xE9, 0x85, 0xA8, 0xE3, 0x84, 0x89, 0xE3, 0x84, 0x9F, 0x33, 0xE5, 0xBE, 0x97, 0xE3, 0x84,
    0x89, 0xE3, 0x84, 0xA0, 0x31, 0xE5, 0x88, 0x80, 0xE5, 0x8F, 0xA8, 0xE5, 0xBF, 0x89, 0xE8, 0x88,
    0xA0, 0xE6, 0xB0, 0x98, 0xE5, 0xB9, 0x8D, 0xE9, 0xAD, 0x9B, 0xE3, 0x84, 0x89, 0xE3, 0x84, 0xA0,
    0x32, 0xE6, 0x8D, 0xAF, 0xE3, 0x84, 0x89, 0xE3, 0x84, 0xA0, 0x33, 0xE5, 0x80, 0x92, 0xE5, 0xB3,
    0xB6, 0xE5, 0xB0, 0x8E, 0xE7, 0xA6, 0xB1, 0xE6, 0x90, 0x97, 0xE6, 0x93, 0xA3, 0xE6, 0x8D, 0xAF,
    0xE5, 0xA3, 0x94, 0xE7, 0xA6, 0x82, 0xE3, 0x84, 0x89, 0xE3, 0x84, 0xA0, 0x34, 0xE5, 0x88, 0xB0,
    0xE9, 0x81, 0x93, 0xE5, 0x80, 0x92, 0xE7, 0xA8, 0xBB, 0xE7, 0x9B, 0x9C, 0xE8, 0xB9, 0x88, 0xE6,
    0x82, 0xBC, 0xE5, 0xB0, 0x8E, 0xE7, 0xBA, 0x9B, 0xE7, 0xBF, 0xBF, 0xE6, 0xAA, 0xA4, 0xE8, 0x8F,
    0xBF, 0xE7, 0x93, 0x99, 0xE3, 0x84, 0x89, 0xE3, 0x84, 0xA1, 0x31, 0xE9, 0x83, 0xBD, 0xE5, 0x85,
    0x9C, 0xE9, 0x83, 0x96, 0xE3, 0x84, 0x89, 0xE3, 0x84, 0xA1, 0x33, 0xE6, 0x96, 0x97, 0xE6, 0x8A,
    0x96, 0xE9, 0x99, 0xA1, 0xE8, 0x9A, 0xAA, 0xE6, 0x9E, 0x93, 0xE5, 0x94, 0x97, 0xE6, 0x95, 0xA8,
    0xE3, 0x84, 0x89, 0xE3, 0x84, 0xA1, 0x34, 0xE9, 0xAC, 0xA5, 0xE8, 0xB1, 0x86, 0xE9, 0x80, 0x97,
    0xE7, 0x97, 0x98, 0xE7, 0xAB, 0x87, 0xE8, 0x8D, 0xB3, 0xE8, 0x84, 0xB0, 0xE9, 0xA4, 0x96, 0xE9,
    0x8B, 0x80, 0xE6, 0xA2, 0xAA, 0xE6, 0xB5, 0xA2, 0xE8, 0xAE, 0x80, 0xE9, 0x97, 0x98, 0xE9, 0xAC,
    0xA6, 0xE9, 0xAC, 0xAA, 0xE9, 0xAC, 0xAC, 0xE9, 0xAC, 0xAD, 0xE3, 0x84, 0x89, 0xE3, 0x84, 0xA2,
    0x31, 0xE5, 0x96, 0xAE, 0xE6, 0x93, 0x94, 0xE4, 0xB8, 0xB9, 0xE8, 0x80, 0xBD, 0xE7, 0xB0, 0x9E,
    0xE9, 0x84, 0xB2, 0xE7, 0x9C, 0x88, 0xE8, 0x81, 0x83, 0xE9, 0x85, 0x96, 0xE7, 0xA0, 0x83, 0xE7,
    0x94, 0x94, 0xE8, 0xA5, 0x8C, 0xE5, 0x8C, 0xB0, 0xE8, 0x81, 0xB8, 0xE5, 0x8B, 0xAF, 0xE5, 0x9A,
    0xAA, 0xE6, 0xAE, 0xAB, 0xE3, 0x84, 0x89, 0xE3, 0x84, 0xA2, 0x33, 0xE8, 0x86, 0xBD, 0xE7, 0x96,
    0xB8, 0xE6, 0x92, 0xA2, 0xE4, 0xBA, 0xB6, 0xE7, 0xB4, 0x9E, 0xE5, 0x88, 0x90, 0xE6, 0x92, 0xA3,
    0xE7, 0x8E, 0xAC, 0xE8, 0xA1, 0xB4, 0xE9, 0xBB, 0xB5, 0xE4, 0xB8, 0xBC, 0xE6, 0xBE, 0xB8, 0xE3,
    0x84, 0x89, 0xE3, 0x84, 0xA2, 0x34, 0xE4, 0xBD, 0x86, 0xE6, 0x97, 0xA6, 0xE6, 0xB7, 0xA1, 0xE8,
    0x9B, 0x8B, 0xE8, 0xAA, 0x95, 0xE6, 0x93, 0x94, 0xE5, 0xBD, 0x88, 0xE6, 0x86, 0x9A, 0xE6, 0xB0,
    0xAE, 0xE5, 0x95, 0x96, 0xE6, 0xBE, 0xB9, 0xE6, 0x86, 0xBA, 0xE5, 0x84, 0x8B, 0xE5, 0x95, 0x97,
    0xE5, 0x99, 0x89, 0xE7, 0x9F, 0xB3, 0xE7, 0x99, 0x89, 0xE7, 0xAA, 0x9E, 0xE5, 0x83, 0xA4, 0xE5,
    0xB9, 0xA8, 0xE9, 0x9C, 0xAE, 0xE9, 0xAB, 0xA7, 0xE8, 0x90, 0x8F, 0xE9, 0x89, 0xAD, 0xE6, 0x9A,
    0xBA, 0xE6, 0x9F, 0xA6, 0xE5, 0xB8, 0x8E, 0xE6, 0xBD, 0xAC, 0xE6, 0xB2, 0x8A, 0xE7, 0x8B, 0x9A,
    0xE8, 0xA7, 0x9B, 0xE5, 0x95, 0xBF, 0xE8, 0x88, 0x95, 0xE8, 0x9C, 0x91, 0xE5, 0x98, 0xBE, 0xE9,
    0xB4, 0xA0, 0xE7, 0x99, 0x9A, 0xE6, 0xAE, 0xAB, 0xE7, 0x81, 0x97, 0xE6, 0xB3, 0xB9, 0xE3, 0x84,
    0x89, 0xE3, 0x84, 0xA4, 0x31, 0xE7, 0x95, 0xB6, 0xE5, 0x99, 0xB9, 0xE9, 0x90, 0xBA, 0xE8, 0xA5,
    0xA0, 0xE7, 0x92, 0xAB, 0xE7, 0xB0, 0xB9, 0xE5, 0x84, 0x85, 0xE8, 0x9F, 0xB7, 0xE6, 0xBE, 0xA2,
    0xE8, 0x89, 0xA1, 0xE5, 0xB5, 0xA3, 0xE3, 0x84, 0x89, 0xE3, 0x84, 0xA4, 0x33, 0xE6, 0xAA, 0x94,
    0xE9, 0xBB, 0xA8, 0xE6, 0x93, 0x8B, 0xE8, 0xAE, 0x9C, 0xE6, 0x94, 0xA9, 0xE6, 0xAC, 0x93, 0xE5,
    0x85, 0x9A, 0xE7, 0x95, 0xB6, 0xE3, 0x84, 0x89, 0xE3, 0x84, 0xA4, 0x34, 0xE7, 0x95, 0xB6, 0xE8,
    0x95, 0xA9, 0xE6, 0x93, 0x8B, 0xE7, 0x9B, 0xAA, 0xE7, 0xA2, 0xAD, 0xE5, 0xAE, 0x95, 0xE8, 0x8F,
    0xAA, 0xE9, 0x80, 0xBF, 0xE7, 0x92, 0x97, 0xE6, 0x84, 0x93, 0xE7, 0x93, 0xBD, 0xE7, 0xA4, 0x91,
    0xE7, 0xB0, 0x9C, 0xE9, 0x97, 0xA3, 0xE6, 0xB0, 0xB9, 0xE3, 0x84, 0x89, 0xE3, 0x84, 0xA5, 0x31,
    0xE7, 0x99, 0xBB, 0xE7, 0x87, 0x88, 0xE9, 0x90, 0x99, 0xE7, 0xB0, 0xA6, 0xE8, 0xB1, 0x8B, 0xE7,
    0x92, 0x92, 0xE5, 0xAC, 0x81, 0xE3, 0x84, 0x89, 0xE3, 0x84, 0xA5, 0x33, 0xE7, 0xAD, 0x89, 0xE6,
    0x88, 0xA5, 0xE3, 0x84, 0x89, 0xE3, 0x84, 0xA5, 0x34, 0xE9, 0x84, 0xA7, 0xE7, 0x9E, 0xAA, 0xE8,
    0xB9, 0xAC, 0xE5, 0x87, 0xB3, 0xE5, 0xB6, 0x9D, 0xE7, 0xA3, 0xB4, 0xE5, 0xA2, 0xB1, 0xE9, 0x82,
    0x86, 0xE9, 0x9C, 0xAF, 0xE3, 0x84, 0x89, 0xE3, 0x84, 0xA7, 0x31, 0xE4, 0xBD, 0x8E, 0xE6, 0xBB,
    0xB4, 0xE6, 0xB0, 0x90, 0xE7, 0xBE, 0x9D, 0xE9, 0x9E, 0xAE, 0xE5, 0xBD, 0xBD, 0xE7, 0xA3, 0xBE,
    0xE9, 0x8D, 0x89, 0xE8, 0xA2, 0x9B, 0xE8, 0x8F, 0x82, 0xE5, 0xA2, 0x91, 0xE7, 0x86, 0xB5, 0xE3,
    0x84, 0x89, 0xE3, 0x84, 0xA7, 0x32, 0xE7, 0x9A, 0x84, 0xE6, 0x95, 0xB5, 0xE8, 0xBF, 0xAA, 0xE7,
    0x8B, 0x84, 0xE7, 0xAC, 0x9B, 0xE6, 0xBB, 0x8C, 0xE7, 0xBF, 0x9F, 0xE8, 0x8D, 0xBB, 0xE5, 0xAB,
    0xA1, 0xE5, 0x98, 0x80, 0xE9, 0x8F, 0x91, 0xE8, 0xB9, 0xA2, 0xE7, 0x8A, 0x92, 0xE7, 0xB3, 0xB4,
    0xE8, 0xA6, 0xBF, 0xE7, 0xAF, 0xB4, 0xE8, 0x94, 0x8B, 0xE9, 0x9D, 0xAE, 0xE6, 0xA2, 0x91, 0xE6,
    0xBD, 0xAA, 0xE8, 0x8B, 0x96, 0xE5, 0x9A, 0x81, 0xE9, 0xB8, 0x90, 0xE8, 0x97, 0x8B, 0xE8, 0x97,
    0xA1, 0xE3, 0x84, 0x89, 0xE3, 0x84, 0xA7, 0x33, 0xE5, 0xBA, 0x95, 0xE6, 0x8A, 0xB5, 0xE9, 0x82,
    0xB8, 0xE8, 0xA9, 0x86, 0xE7, 0x89, 0xB4, 0xE7, 0xA0, 0xA5, 0xE6, 0xB0, 0x90, 0xE5, 0x9D, 0xBB,
    0xE6, 0x9F, 0xA2, 0xE5, 0xBC, 0xA4, 0xE8, 0xA7, 0x9D, 0xE5, 0x91, 0xA7, 0xE9, 0x98, 0xBA, 0xE8,
    0x81, 0x9C, 0xE8, 0x8F, 0xA7, 0xE8, 0xBB, 0xA7, 0xE6, 0x89, 0xBA, 0xE3, 0x84, 0x89, 0xE3, 0x84,
    0xA7, 0x34, 0xE5, 0x9C, 0xB0, 0xE7, 0xAC, 0xAC, 0xE5, 0xBC, 0x9F, 0xE5, 0xB8, 0x9D, 0xE9, 0x81,
    0x9E, 0xE8, 0x92, 0x82, 0xE7, 0x9A, 0x84, 0xE7, 0xB7, 0xA0, 0xE8, 0xAB, 0xA6, 0xE5, 0xA8, 0xA3,
    0xE7, 0x9D, 0x87, 0xE6, 0xA3, 0xA3, 0xE6, 0x9D, 0x95, 0xE7, 0x8E, 0x93, 0xE7, 0xA6, 0x98, 0xE8,
    0x94, 0x95, 0xE8, 0x9E, 0xAE, 0xE8, 0xB8, 0xB6, 0xE6, 0xA5, 0xB4, 0xE6, 0xB8, 0xA7, 0xE7, 0xA2,
    0xB2, 0xE8, 0x99, 0xB3, 0xE9, 0x87, 0xB1, 0xE6, 0xA8, 0x80, 0xE6, 0x97, 0xB3, 0xE8, 0xBB, 0x91,
    0xE6, 0xA2, 0x8A, 0xE7, 0x84, 0x8D, 0xE9, 0xA6, 0xB0, 0xE5, 0xA2, 0x86, 0xE5, 0xB5, 0xBD, 0xE7,
    0x8F, 0xB6, 0xE7, 0x94, 0x8B, 0xE5, 0x9D, 0x94, 0xE3, 0x84, 0x89, 0xE3, 0x84, 0xA7, 0x35, 0xE5,
    0x9C, 0xB0, 0xE3, 0x84, 0x89, 0xE3, 0x84, 0xA7, 0xE3, 0x84, 0x9A, 0x31, 0xE5, 0x97, 0xB2, 0xE3,
    0x84, 0x89, 0xE3, 0x84, 0xA7, 0xE3, 0x84, 0x9D, 0x31, 0xE7, 0x88, 0xB9, 0xE3, 0x84, 0x89, 0xE3,
    0x84, 0xA7, 0xE3, 0x84, 0x9D, 0x32, 0xE8, 0xB7, 0x8C, 0xE8, 0x9D, 0xB6, 0xE8, 0xAB, 0x9C, 0xE7,
    0xA2, 0x9F, 0xE7, 0x96, 0x8A, 0xE8, 0xBF, 0xAD, 0xE7, 0x89, 0x92, 0xE5, 0x96, 0x8B, 0xE7, 0x93,
    0x9E, 0xE8, 0x80, 0x8B, 0xE7, 0xB5, 0xB0, 0xE5, 0x92, 0xA5, 0xE5, 0x9E, 0xA4, 0xE5, 0xA0, 0x9E,
    0xE8, 0x9C, 0xA8, 0xE8, 0xB9, 0x80, 0xE9, 0xB0, 0x88, 0xE8, 0xB7, 0x95, 0xE6, 0x98, 0xB3, 0xE5,
    0xB3, 0x8C, 0xE6, 0x8C, 0x95, 0xE8, 0x83, 0x85, 0xE8, 0x8B, 0xB5, 0xE7, 0x9C, 0xA3, 0xE8, 0x81,
    0x91, 0xE8, 0x87, 0xB7, 0xE8, 0xA9, 0x84, 0xE9, 0x95, 0xBB, 0xE8, 0x89, 0x93, 0xE8, 0xA4, 0x8B,
    0xE6, 0x83, 0xB5, 0xE6, 0xA5, 0xAA, 0xE5, 0xB6, 0x80, 0xE3, 0x84, 0x89, 0xE3, 0x84, 0xA7, 0xE3,
    0x84, 0xA0, 0x31, 0xE9, 0x9B, 0x95, 0xE5, 0x87, 0x8B, 0xE5, 0x88, 0x81, 0xE8, 0xB2, 0x82, 0xE9,
    0xB5, 0xB0, 0xE7, 0xA2, 0x89, 0xE5, 0x8F, 0xBC, 0xE5, 0xBD, 0xAB, 0xE7, 0x9E, 0x97, 0xE7, 0x90,
    0xB1, 0xE9, 0xAF, 0x9B, 0xE6, 0x89, 0x9A, 0xE8, 0x9B, 0x81, 0xE9, 0xB3, 0xAD, 0xE8, 0x99, 0xAD,
    0xE6, 0xAE, 0xA6, 0xE3, 0x84, 0x89, 0xE3, 0x84, 0xA7, 0xE3, 0x84, 0xA0, 0x33, 0xE5, 0xB1, 0x8C,
    0xE3, 0x84, 0x89, 0xE3, 0x84, 0xA7, 0xE3, 0x84, 0xA0, 0x34, 0xE8, 0xAA, 0xBF, 0xE6, 0x8E, 0x89,
    0xE9, 0x87, 0xA3, 0xE5, 0x90, 0x8A, 0xE5, 0xBC, 0x94, 0xE7, 0xAA, 0xB5, 0xE8, 0x93, 0xA7, 0xE8,
    0xAA, 0x82, 0xE4, 0xBC, 0x84, 0xE9, 0xAD, 0xA1, 0xE3, 0x84, 0x89, 0xE3, 0x84, 0xA7, 0xE3, 0x84,
    0xA1, 0x31, 0xE4, 0xB8, 0x9F, 0xE9, 0x8A, 0xA9, 0xE3, 0x84, 0x89, 0xE3, 0x84, 0xA7, 0xE3, 0x84,
    0xA2, 0x31, 0xE9, 0xA1, 0x9B, 0xE5, 0xB7, 0x94, 0xE7, 0x99, 0xB2, 0xE6, 0xBB, 0x87, 0xE6, 0x8E,
    0x82, 0xE5, 0x82, 0x8E, 0xE7, 0x98, 0xA8, 0xE6, 0x95, 0x81, 0xE8, 0xB9, 0x8E, 0xE6, 0xA7, 0x99,
    0xE9, 0xBD, 0xBB, 0xE5, 0x8E, 0xA7, 0xE6, 0x94, 0xA7, 0xE3, 0x84, 0x89, 0xE3, 0x84, 0xA7, 0xE3,
    0x84, 0xA2, 0x33, 0xE9, 0xBB, 0x9E, 0xE5, 0x85, 0xB8, 0xE7, 0xA2, 0x98, 0xE9, 0x8C, 0xAA, 0xE5,
    0xA9, 0xB0, 0xE7, 0x90, 0xA0, 0xE8, 0x95, 0x87, 0xE3, 0x84, 0x89, 0xE3, 0x84, 0xA7, 0xE3, 0x84,
    0xA2, 0x34, 0xE9, 0x9B, 0xBB, 0xE5, 0xBA, 0x97, 0xE6, 0xAE, 0xBF, 0xE7, 0x94, 0xB8, 0xE5, 0xA5,
    0xA0, 0xE5, 0xA2, 0x8A, 0xE6, 0xBE, 0xB1, 0xE6, 0x83, 0xA6, 0xE9, 0x9D, 0x9B, 0xE4, 0xBD, 0x83,
    0xE6, 0xB7, 0x80, 0xE7, 0x8E, 0xB7, 0xE9, 0x88, 0xBF, 0xE7, 0xB0, 0x9F, 0xE5, 0x9D, 0xAB, 0xE7,
    0x97, 0x81, 0xE7, 0x99, 0x9C, 0xE7, 0xA3, 0xB9, 0xE9, 0x98, 0xBD, 0xE6, 0x89, 0x82, 0xE5, 0xA9,
    0x9D, 0xE8, 0xB8, 0xAE, 0xE5, 0xA3, 0x82, 0xE3, 0x84, 0x89, 0xE3, 0x84, 0xA7, 0xE3, 0x84, 0xA5,
    0x31, 0xE4, 0xB8, 0x81, 0xE9, 0x87, 0x98, 0xE5, 0x8F, 0xAE, 0xE7, 0x96, 0x94, 0xE9, 0x85, 0x8A,
    0xE7, 0x9B, 0xAF, 0xE4, 0xBB, 0x83, 0xE7, 0x8E, 0x8E, 0xE5, 0xB8, 0x84, 0xE9, 0x9D, 0xAA, 0xE8,
    0x99, 0xB0, 0xE7, 0x94, 0xBA, 0xE3, 0x84, 0x89, 0xE3, 0x84, 0xA7, 0xE3, 0x84, 0xA5, 0x33, 0xE9,
    0xA0, 0x82, 0xE9, 0xBC, 0x8E, 0xE9, 0x85, 0x8A, 0xE5, 0xB5, 0xBF, 0xE6, 0xBF, 0x8E, 0xE8, 0x96,
    0xA1, 0xE3, 0x84, 0x89, 0xE3, 0x84, 0xA7, 0xE3, 0x84, 0xA5, 0x34, 0xE5, 0xAE, 0x9A, 0xE8, 0xA8,
    0x82, 0xE9, 0x87, 0x98, 0xE9, 0x8C, 0xA0, 0xE7, 0xA2, 0x87, 0xE9, 0xA3, 0xA3, 0xE5, 0xA8, 0x97,
    0xE6, 0xA4, 0x97, 0xE6, 0x8E, 0x9F, 0xE7, 0xA2, 0xA0, 0xE9, 0xA1, 0x81, 0xE8, 0x90, 0xA3, 0xE5,
    0x95, 0xB6, 0xE3, 0x84, 0x89, 0xE3, 0x84, 0xA8, 0x31, 0xE9, 0x83, 0xBD, 0xE7, 0x9D, 0xA3, 0xE5,
    0x98, 0x9F, 0xE9, 0x97, 0x8D, 0xE9, 0x86, 0x8F, 0xE3, 0x84, 0x89, 0xE3, 0x84, 0xA8, 0x32, 0xE8,
    0xAE, 0x80, 0xE7, 0x8D, 0xA8, 0xE6, 0xAF, 0x92, 0xE7, 0x89, 0x98, 0xE7, 0xBA, 0x9B, 0xE7, 0x80,
    0x86, 0xE7, 0x8A, 0xA2, 0xE9, 0xAB, 0x91, 0xE8, 0xAE, 0x9F, 0xE9, 0xBB, 0xB7, 0xE6, 0xAB, 0x9D,
    0xE5, 0x84, 0xA5, 0xE7, 0xA2, 0xA1, 0xE6, 0xAE, 0xB0, 0xE8, 0x9D, 0xB3, 0xE8, 0xB4, 0x95, 0xE9,
    0x9F, 0x87, 0xE9, 0x9F, 0xA5, 0xE7, 0x9A, 0xBE, 0xE3, 0x84, 0x89, 0xE3, 0x84, 0xA8, 0x33, 0xE8,
    0xB3, 0xAD, 0xE5, 0xA0, 0xB5, 0xE7, 0x9D, 0xB9, 0xE7, 0xAF, 0xA4, 0xE8, 0x82, 0x9A, 0xE9, 0x8C,
    0x96, 0xE8, 0xA3, 0xBB, 0xE5, 0xB8, 0xBE, 0xE3, 0x84, 0x89, 0xE3, 0x84, 0xA8, 0x34, 0xE5, 0xBA,
    0xA6, 0xE6, 0xB8, 0xA1, 0xE8, 0x82, 0x9A, 0xE5, 0xA6, 0x92, 0xE9, 0x8D, 0x8D, 0xE6, 0x9D, 0x9C,
    0xE8, 0xA0, 0xB9, 0xE7, 0xA7, 0xBA, 0xE5, 0x96, 0xA5, 0xE3, 0x84, 0x89, 0xE3, 0x84, 0xA8, 0xE3,
    0x84, 0x9B, 0x31, 0xE5, 0xA4, 0x9A, 0xE6, 0x9C, 0xB5, 0xE5, 0x93, 0x86, 0xE6, 0x9F, 0x81, 0xE8,
    0x8C, 0xA4, 0xE6, 0x8E, 0x87, 0xE3, 0x84, 0x89, 0xE3, 0x84, 0xA8, 0xE3, 0x84, 0x9B, 0x32, 0xE5,
    0xA5, 0xAA, 0xE9, 0x90, 0xB8, 0xE5, 0xA4, 0x9A, 0xE6, 0x8E, 0x87, 0xE8, 0xA3, 0xB0, 0xE5, 0x89,
    0x9F, 0xE6, 0x95, 0xAA, 0xE6, 0xA4, 0xAF, 0xE5, 0x89, 0xAB, 0xE6, 0x95, 0x93, 0xE8, 0x8E, 0x8C,
    0xE6, 0xAF, 0xB2, 0xE8, 0x85, 0x8F, 0xE9, 0xAE, 0xB5, 0xE8, 0xA5, 0x97, 0xE3, 0x84, 0x89, 0xE3,
    0x84, 0xA8, 0xE3, 0x84, 0x9B, 0x33, 0xE8, 0xBA, 0xB2, 0xE6, 0x9C, 0xB5, 0xE5, 0x9F, 0xB5, 0xE5,
    0x9E, 0x9B, 0xE5, 0x9A, 0xB2, 0xE9, 0xAC, 0x8C, 0xE7, 0x97, 0x91, 0xE8, 0xB6, 0x93, 0xE6, 0x9C,
    0xB6, 0xE8, 0xBA, 0xB1, 0xE3, 0x84, 0x89, 0xE3, 0x84, 0xA8, 0xE3, 0x84, 0x9B, 0x34, 0xE6, 0x83,
    0xB0, 0xE5, 0xA2, 0xAE, 0xE8, 0x88, 0xB5, 0xE8, 0xB7, 0xBA, 0xE5, 0x89, 0x81, 0xE5, 0x92, 0x84,
    0xE8, 0xB8, 0xB1, 0xE9, 0xA6, 0xB1, 0xE5, 0x9E, 0x9B, 0xE5, 0xA2, 0xAF, 0xE5, 0xB6, 0x9E, 0xE6,
    0x9F, 0xAE, 0xE9, 0x99, 0x8F, 0xE9, 0x99, 0x8A, 0xE5, 0xBA, 0xA6, 0xE8, 0xA2, 0x89, 0xE8, 0xB2,
    0x80, 0xE9, 0xB5, 0xBD, 0xE3, 0x84, 0x89, 0xE3, 0x84, 0xA8, 0xE3, 0x84, 0x9B, 0x35, 0xE6, 0x8E,
    0x87, 0xE3, 0x84, 0x89, 0xE3, 0x84, 0xA8, 0xE3, 0x84, 0x9F, 0x31, 0xE5, 0xA0, 0x86, 0xE9, 0xA0,
    0xA7, 0xE7, 0x97, 0xBD, 0xE3, 0x84, 0x89, 0xE3, 0x84, 0xA8, 0xE3, 0x84, 0x9F, 0x34, 0xE5, 0xB0,
    0x8D, 0xE9, 0x9A, 0x8A, 0xE5, 0x85, 0x8C, 0xE7, 0xA2, 0x93, 0xE6, 0x87, 0x9F, 0xE8, 0xAD, 0x88,
    0xE6, 0xBF, 0xA7, 0xE8, 0x96, 0xB1, 0xE8, 0xBD, 0x9B, 0xE6, 0xBF, 0xBB, 0xE7, 0x80, 0xA9, 0xE6,
    0x86, 0x9D, 0xE3, 0x84, 0x89, 0xE3, 0x84, 0xA8, 0xE3, 0x84, 0xA2, 0x31, 0xE7, 0xAB, 0xAF, 0xE8,
    0x80, 0x91, 0xE5, 0x81, 0xB3, 0xE5, 0x89, 0xAC, 0xE5, 0xAA, 0x8F, 0xE3, 0x84, 0x89, 0xE3, 0x84,
    0xA8, 0xE3, 0x84, 0xA2, 0x33, 0xE7, 0x9F, 0xAD, 0xE3, 0x84, 0x89, 0xE3, 0x84, 0xA8, 0xE3, 0x84,
    0xA2, 0x34, 0xE6, 0xAE, 0xB5, 0xE6, 0x96, 0xB7, 0xE7, 0xB7, 0x9E, 0xE9, 0x8D, 0x9B, 0xE6, 0xAF,
    0x88, 0xE8, 0x85, 0xB6, 0xE7, 0xB1, 0xAA, 0xE6, 0xA4, 0xB4, 0xE8, 0x91, 0xAE, 0xE7, 0xA2, 0xAB,
    0xE8, 0xBA, 0x96, 0xE3, 0x84, 0x89, 0xE3, 0x84, 0xA8, 0xE3, 0x84, 0xA3, 0x31, 0xE6, 0x95, 0xA6,
    0xE8, 0xB9, 0xB2, 0xE5, 0xA2, 0xA9, 0xE6, 0x83, 0x87, 0xE7, 0xA4, 0x85, 0xE9, 0xA9, 0x90, 0xE8,
    0x9C, 0xB3, 0xE6, 0x92, 0x89, 0xE9, 0x90, 0x93, 0xE3, 0x84, 0x89, 0xE3, 0x84, 0xA8, 0xE3, 0x84,
    0xA3, 0x33, 0xE7, 0x9B, 0xB9, 0xE8, 0xBA, 0x89, 0xE3, 0x84, 0x89, 0xE3, 0x84, 0xA8, 0xE3, 0x84,
    0xA3, 0x34, 0xE9, 0xA0, 0x93, 0xE5, 0x99, 0xB8, 0xE7, 0x9B, 0xBE, 0xE9, 0x88, 0x8D, 0xE9, 0x81,
    0x81, 0xE7, 0x9B, 0xB9, 0xE7, 0x87, 0x89, 0xE6, 0xB2, 0x8C, 0xE5, 0x9B, 0xA4, 0xE9, 0x81, 0xAF,
    0xE7, 0x82, 0x96, 0xE5, 0x9D, 0x89, 0xE6, 0x89, 0xBD, 0xE4, 0xBC, 0x85, 0xE5, 0xBA, 0x89, 0xE6,
    0xBD, 0xA1, 0xE5, 0xB4, 0xB8, 0xE9, 0xB6, 0xA8, 0xE8, 0x85, 0x9E, 0xE3, 0x84, 0x89, 0xE3, 0x84,
    0xA8, 0xE3, 0x84, 0xA5, 0x31, 0xE6, 0x9D, 0xB1, 0xE5, 0x86, 0xAC, 0xE5, 0x92, 0x9A, 0xE9, 0xBC,
    0x95, 0xE8, 0x8B, 0xB3, 0xE8, 0x9D, 0x80, 0xE5, 0x9F, 0xAC, 0xE5, 0xB4, 0xA0, 0xE6, 0xB0, 0xA1,
    0xE7, 0x82, 0xB5, 0xE6, 0xB6, 0xB7, 0xE8, 0x8F, 0x84, 0xE9, 0xB6, 0x87, 0xE3, 0x84, 0x89, 0xE3,
    0x84, 0xA8, 0xE3, 0x84, 0xA5, 0x33, 0xE6, 0x87, 0x82, 0xE8, 0x91, 0xA3, 0xE5, 0xAC, 0x9E, 0xE5,
    0xA2, 0xA5, 0xE3, 0x84, 0x89, 0xE3, 0x84, 0xA8, 0xE3, 0x84, 0xA5, 0x34, 0xE5, 0x8B, 0x95, 0xE6,
    0xB4, 0x9E, 0xE5, 0x87, 0x8D, 0xE6, 0xA3, 0x9F, 0xE6, 0x81, 0xAB, 0xE8, 0x83, 0xB4, 0xE6, 0x8C,
    0x8F, 0xE6, 0x88, 0x99, 0xE9, 0xA7, 0xA7, 0xE9, 0x9C, 0x98, 0xE3, 0x84, 0x8A, 0x31, 0xE3, 0x84,
    0x8A, 0xE3, 0x84, 0x8A, 0xE3, 0x84, 0x9A, 0x31, 0xE5, 0xAE, 0x83, 0xE4, 0xBB, 0x96, 0xE5, 0xA5,
    0xB9, 0xE7, 0x89, 0xA0, 0xE5, 0xA1, 0x8C, 0xE8, 0xA4, 0x9F, 0xE7, 0xA5, 0x82, 0xE7, 0xA6, 0xA2,
    0xE3, 0x84, 0x8A, 0xE3, 0x84, 0x9A, 0x33, 0xE5, 0xA1, 0x94, 0xE6, 0xA6, 0x99, 0xE9, 0x8E, 0x9D,
    0xE3, 0x84, 0x8A, 0xE3, 0x84, 0x9A, 0x34, 0xE8, 0xB8, 0x8F, 0xE6, 0xA6, 0xBB, 0xE8, 0xB9, 0x8B,
    0xE5, 0xA1, 0x8C, 0xE7, 0x8D, 0xBA, 0xE6, 0x90, 0xA8, 0xE9, 0x81, 0xA2, 0xE5, 0x9A, 0x83, 0xE8,
    0xBA, 0x82, 0xE6, 0xB2, 0x93, 0xE5, 0x97, 0x92, 0xE6, 0x92, 0xBB, 0xE9, 0x81, 0x9D, 0xE9, 0x97,
    0xA5, 0xE9, 0x8E, 0x89, 0xE9, 0x97, 0x92, 0xE9, 0x8C, 0x94, 0xE9, 0x9E, 0x9C, 0xE9, 0x9E, 0xB3,
    0xE9, 0xB0, 0xA8, 0xE7, 0xBE, 0x8D, 0xE6, 0xB6, 0xBE, 0xE5, 0x82, 0x9D, 0xE6, 0xAF, 0xBE, 0xE8,
    0xAA, 0xBB, 0xE9, 0x91, 0x89, 0xE6, 0xBC, 0xAF, 0xE8, 0xBF, 0x96, 0xE6, 0xBF, 0x8C, 0xE9, 0xBE,
    0x98, 0xE6, 0x8B, 0x93, 0xE3, 0x84, 0x8A, 0xE3, 0x84, 0x9A, 0x35, 0xE9, 0x81, 0xA2, 0xE3, 0x84,
    0x8A, 0xE3, 0x84, 0x9C, 0x34, 0xE7, 0x89, 0xB9, 0xE6, 0x85, 0x9D, 0xE5, 0xBF, 0x92, 0xE5, 0xBF,
    0x91, 0xE9, 0x8B, 0xB1, 0xE8, 0xB2, 0xA3, 0xE8, 0x9F, 0x98, 0xE3, 0x84, 0x8A, 0xE3, 0x84, 0x9E,
    0x31, 0xE8, 0x83, 0x8E, 0xE8, 0x8B, 0x94, 0xE3, 0x84, 0x8A, 0xE3, 0x84, 0x9E, 0x32, 0xE5, 0x8F,
    0xB0, 0xE8, 0x87, 0xBA, 0xE6, 0x8A, 0xAC, 0xE9, 0xA2, 0xB1, 0xE8, 0x8B, 0x94, 0xE9, 0x82, 0xB0,
    0xE8, 0xB7, 0x86, 0xE6, 0xAA, 0xAF, 0xE8, 0x96, 0xB9, 0xE7, 0x82, 0xB1, 0xE9, 0xA7, 0x98, 0xE9,
    0xAE, 0x90, 0xE5, 0x84, 0x93, 0xE5, 0xAC, 0xAF, 0xE7, 0xB1, 0x89, 0xE6, 0x97, 0xB2, 0xE7, 0xA7,
    0xAE, 0xE6, 0x93, 0xA1, 0xE3, 0x84, 0x8A, 0xE3, 0x84, 0x9E, 0x34, 0xE5, 0xA4, 0xAA, 0xE6, 0x85,
    0x8B, 0xE6, 0xB3, 0xB0, 0xE6, 0xB1, 0xB0, 0xE9, 0x88, 0xA6, 0xE7, 0x87, 0xA4, 0xE6, 0xBA, 0x99,
    0xE5, 0x91, 0x94, 0xE5, 0x82, 0xA3, 0xE8, 0x82, 0xBD, 0xE3, 0x84, 0x8A, 0xE3, 0x84, 0x9E, 0x35,
    0xE5, 0xA4, 0xAA, 0xE3, 0x84, 0x8A, 0xE3, 0x84, 0xA0, 0x31, 0xE6, 0x8E, 0x8F, 0xE6, 0xBF, 0xA4,
    0xE6, 0xBB, 0x94, 0xE9, 0xA5, 0x95, 0xE9, 0x9F, 0x9C, 0xE5, 0xBC, 0xA2, 0xE7, 0xB5, 0x9B, 0xE7,
    0xB8, 0x9A, 0xE6, 0x90, 0xAF, 0xE6, 0x85, 0x86, 0xE6, 0xA7, 0x84, 0xE5, 0xB9, 0x8D, 0xE7, 0xBF,
    0xA2, 0xE5, 0xAB, 0x8D, 0xE8, 0x9C, 0xAA, 0xE5, 0x8F, 0xA8, 0xE3, 0x84, 0x8A, 0xE3, 0x84, 0xA0,
    0x32, 0xE9, 0x80, 0x83, 0xE6, 0xA1, 0x83, 0xE9, 0x99, 0xB6, 0xE8, 0x90, 0x84, 0xE6, 0xB7, 0x98,
    0xE6, 0xBF, 0xA4, 0xE5, 0x95, 0x95, 0xE6, 0xB4, 0xAE, 0xE7, 0x87, 0xBE, 0xE6, 0xAA, 0xAE, 0xE5,
    0x8C, 0x8B, 0xE5, 0x92, 0xB7, 0xE7, 0xB6, 0xAF, 0xE9, 0x9E, 0x80, 0xE9, 0x86, 0x84, 0xE9, 0xA8,
    0x8A, 0xE9, 0x8C, 0xAD, 0xE9, 0xA7, 0xA3, 0xE7, 0xA5, 0xB9, 0xE9, 0x8B, 0xBE, 0xE3, 0x84, 0x8A,
    0xE3, 0x84, 0xA0, 0x33, 0xE8, 0xA8, 0x8E, 0xE3, 0x84, 0x8A, 0xE3, 0x84, 0xA0, 0x34, 0xE5, 0xA5,
    0x97, 0xE3, 0x84, 0x8A, 0xE3, 0x84, 0xA1, 0x31, 0xE5, 0x81, 0xB7, 0xE5, 0xAA, 0xAE, 0xE3, 0x84,
    0x8A, 0xE3, 0x84, 0xA1, 0x32, 0xE9, 0xA0, 0xAD, 0xE6, 0x8A, 0x95, 0xE7, 0x89, 0x8F, 0xE9, 0x85,
    0x98, 0xE3, 0x84, 0x8A, 0xE3, 0x84, 0xA1, 0x33, 0xE9, 0xBB, 0x88, 0xE5, 0xA6, 0xB5, 0xE7, 0xB4,
    0x8F, 0xE9, 0x88, 0x84, 0xE8, 0x98, 0xA3, 0xE3, 0x84, 0x8A, 0xE3, 0x84, 0xA1, 0x34, 0xE9, 0x80,
    0x8F, 0xE6, 0x96, 0xA2, 0xE3, 0x84, 0x8A, 0xE3, 0x84, 0xA1, 0x35, 0xE9, 0xA0, 0xAD, 0xE3, 0x84,
    0x8A, 0xE3, 0x84, 0xA2, 0x31, 0xE8, 0xB2, 0xAA, 0xE7, 0x81, 0x98, 0xE6, 0x94, 0xA4, 0xE7, 0x99,
    0xB1, 0xE5, 0x9D, 0x8D, 0xE6, 0x80, 0xB9, 0xE6, 0x8A, 0xA9, 0xE8, 0x88, 0x91, 0xE7, 0xB7, 0x82,
    0xE6, 0x8E, 0xA2, 0xE3, 0x84, 0x8A, 0xE3, 0x84, 0xA2, 0x32, 0xE8, 0xAB, 0x87, 0xE5, 0xBD, 0x88,
    0xE7, 0x97, 0xB0, 0xE6, 0xBD, 0xAD, 0xE8, 0xAD, 0x9A, 0xE6, 0xAA, 0x80, 0xE5, 0xA3, 0x87, 0xE6,
    0x9B, 0x87, 0xE7, 0xBD, 0x88, 0xE8, 0xA6, 0x83, 0xE9, 0x83, 0xAF, 0xE9, 0x8C, 0x9F, 0xE9, 0xA4,
    0xA4, 0xE9, 0xA9, 0x94, 0xE9, 0x90, 0x94, 0xE5, 0x80, 0x93, 0xE9, 0x86, 0xB0, 0xE8, 0xB2, 0x9A,
    0xE5, 0xA9, 0x92, 0xE6, 0x86, 0x9B, 0xE8, 0x97, 0xAB, 0xE6, 0xA9, 0x9D, 0xE9, 0xBB, 0xAE, 0xE9,
    0xB7, 0xA4, 0xE6, 0x83, 0x94, 0xE3, 0x84, 0x8A, 0xE3, 0x84, 0xA2, 0x33, 0xE5, 0x9D, 0xA6, 0xE6,
    0xAF, 0xAF, 0xE8, 0xA2, 0x92, 0xE8, 0xA5, 0xA2, 0xE5, 0xBF, 0x90, 0xE7, 0xA6, 0xAB, 0xE8, 0x8F,
    0xBC, 0xE8, 0xB4, 0x89, 0xE5, 0x97, 0xBF, 0xE8, 0x86, 0xBB, 0xE6, 0x86, 0xB3, 0xE9, 0x86, 0x93,
    0xE8, 0xA3, 0xA7, 0xE3, 0x84, 0x8A, 0xE3, 0x84, 0xA2, 0x34, 0xE6, 0x8E, 0xA2, 0xE5, 0x98, 0x86,
    0xE6, 0xAD, 0x8E, 0xE7, 0xA2, 0xB3, 0xE7, 0x82, 0xAD, 0xE8, 0xB3, 0xA7, 0xE5, 0x9F, 0xAE, 0xE6,
    0xB9, 0xA0, 0xE7, 0xBE, 0xB0, 0xE3, 0x84, 0x8A, 0xE3, 0x84, 0xA4, 0x31, 0xE6, 0xB9, 0xAF, 0xE9,
    0x8F, 0x9C, 0xE9, 0xBC, 0x9E, 0xE8, 0xB9, 0x9A, 0xE8, 0x9D, 0xAA, 0xE7, 0xBE, 0xB0, 0xE3, 0x84,
    0x8A, 0xE3, 0x84, 0xA4, 0x32, 0xE5, 0xA0, 0x82, 0xE7, 0xB3, 0x96, 0xE5, 0x94, 0x90, 0xE5, 0xA1,
    0x98, 0xE8, 0x86, 0x9B, 0xE8, 0x9E, 0xB3, 0xE6, 0xA3, 0xA0, 0xE9, 0x86, 0xA3, 0xE6, 0x90, 0xAA,
    0xE9, 0x8F, 0x9C, 0xE6, 0xBA, 0x8F, 0xE8, 0x9E, 0x97, 0xE7, 0x91, 0xAD, 0xE8, 0xB5, 0xAF, 0xE6,
    0xA6, 0xB6, 0xE6, 0xA8, 0x98, 0xE6, 0xBC, 0x9F, 0xE7, 0x85, 0xBB, 0xE9, 0x8E, 0x95, 0xE9, 0x97,
    0x9B, 0xE6, 0xA9, 0x96, 0xE8, 0x93, 0x8E, 0xE7, 0xA3, 0x84, 0xE8, 0xB8, 0xBC, 0xE8, 0x96, 0x9A,
    0xE9, 0xB6, 0xB6, 0xE3, 0x84, 0x8A, 0xE3, 0x84, 0xA4, 0x33, 0xE5, 0x80, 0x98, 0xE8, 0xBA, 0xBA,
    0xE5, 0x84, 0xBB, 0xE6, 0xB7, 0x8C, 0xE5, 0xB8, 0x91, 0xE6, 0x83, 0x9D, 0xE9, 0x92, 0x82, 0xE9,
    0x8E, 0xB2, 0xE6, 0x88, 0x83, 0xE6, 0x9B, 0xAD, 0xE7, 0x88, 0xA3, 0xE7, 0x9F, 0x98, 0xE3, 0x84,
    0x8A, 0xE3, 0x84, 0xA4, 0x34, 0xE8, 0xB6, 0x9F, 0xE7, 0x87, 0x99, 0xE9, 0x90, 0x8B, 0xE6, 0x91,
    0xA5, 0xE3, 0x84, 0x8A, 0xE3, 0x84, 0xA5, 0x32, 0xE7, 0x96, 0xBC, 0xE9, 0xA8, 0xB0, 0xE8, 0x97,
    0xA4, 0xE7, 0xB1, 0x90, 0xE8, 0xAC, 0x84, 0xE6, 0xBB, 0x95, 0xE8, 0x9E, 0xA3, 0xE7, 0xB8, 0xA2,
    0xE3, 0x84, 0x8A, 0xE3, 0x84, 0xA7, 0x31, 0xE6, 0xA2, 0xAF, 0xE8, 0xB8, 0xA2, 0xE5, 0x89, 0x94,
    0xE7, 0x84, 0x8D, 0xE3, 0x84, 0x8A, 0xE3, 0x84, 0xA7, 0x32, 0xE9, 0xA1, 0x8C, 0xE6, 0x8F, 0x90,
    0xE5, 0x95, 0xBC, 0xE5, 0xA0, 0xA4, 0xE8, 0xB9, 0x84, 0xE9, 0x86, 0x8D, 0xE7, 0xA6, 0x94, 0xE7,
    0xA8, 0x8A, 0xE7, 0xB7, 0xB9, 0xE8, 0x8D, 0x91, 0xE9, 0xA8, 0xA0, 0xE9, 0x9A, 0x84, 0xE9, 0xB6,
    0x97, 0xE6, 0x83, 0xBF, 0xE5, 0x8E, 0x97, 0xE9, 0x8D, 0x97, 0xE5, 0x81, 0x8D, 0xE8, 0xB6, 0xA7,
    0xE8, 0xAC, 0x95, 0xE9, 0xB6, 0x99, 0xE5, 0xB4, 0xB9, 0xE7, 0x9D, 0xBC, 0xE8, 0x9D, 0xAD, 0xE8,
    0x95, 0x9B, 0xE9, 0xB7, 0xA4, 0xE9, 0xAF, 0xB7, 0xE9, 0xB5, 0x9C, 0xE3, 0x84, 0x8A, 0xE3, 0x84,
    0xA7, 0x33, 0xE9, 0xAB, 0x94, 0xE4, 0xBD, 0x93, 0xE7, 0xB6, 0x88, 0xE3, 0x84, 0x8A, 0xE3, 0x84,
    0xA7, 0x34, 0xE6, 0x9B, 0xBF, 0xE6, 0x83, 0x95, 0xE6, 0xB6, 0x95, 0xE5, 0xB1, 0x9C, 0xE6, 0x82,
    0x8C, 0xE5, 0x89, 0x83, 0xE9, 0x8A, 0xBB, 0xE5, 0x9A, 0x8F, 0xE5, 0x80, 0x9C, 0xE8, 0x96, 0x99,
    0xE6, 0xAE, 0xA2, 0xE8, 0xA3, 0xBC, 0xE6, 0x8F, 0xA5, 0xE7, 0xB1, 0x8A, 0xE9, 0xAC, 0x84, 0xE6,
    0x82, 0x90, 0xE8, 0xA4, 0x85, 0xE9, 0x80, 0x96, 0xE9, 0xB5, 0x9C, 0xE5, 0x89, 0x94, 0xE3, 0x84,
    0x8A, 0xE3, 0x84, 0xA7, 0xE3, 0x84, 0x9D, 0x31, 0xE8, 0xB2, 0xBC, 0xE5, 0xB8, 0x96, 0xE6, 0x80,
    0x97, 0xE8, 0x90, 0x9C, 0xE3, 0x84, 0x8A, 0xE3, 0x84, 0xA7, 0xE3, 0x84, 0x9D, 0x33, 0xE9, 0x90,
    0xB5, 0xE5, 0xB8, 0x96, 0xE9, 0xA9, 0x96, 0xE5, 0x83, 0xA3, 0xE3, 0x84, 0x8A, 0xE3, 0x84, 0xA7,
    0xE3, 0x84, 0x9D, 0x34, 0xE5, 0xB8, 0x96, 0xE9, 0xA4, 0xAE, 0xE8, 0x9B, 0x88, 0xE3, 0x84, 0x8A,
    0xE3, 0x84, 0xA7, 0xE3, 0x84, 0xA0, 0x31, 0xE6, 0x8C, 0x91, 0xE7, 0xA5, 0xA7, 0xE6, 0x81, 0x8C,
    0xE5, 0xBA, 0xA3, 0xE9, 0xAE, 0xA1, 0xE3, 0x84, 0x8A, 0xE3, 0x84, 0xA7, 0xE3, 0x84, 0xA0, 0x32,
    0xE6, 0xA2, 0x9D, 0xE8, 0xAA, 0xBF, 0xE7, 0xAC, 0xA4, 0xE4, 0xBD, 0xBB, 0xE8, 0xBF, 0xA2, 0xE8,
    0x9C, 0xA9, 0xE9, 0xAB, 0xAB, 0xE5, 0xB2, 0xA7, 0xE8, 0x8B, 0x95, 0xE9, 0xBD, 0xA0, 0xE9, 0xB0,
    0xB7, 0xE9, 0x9E, 0x97, 0xE8, 0x8A, 0x80, 0xE9, 0x8E, 0xA5, 0xE8, 0xB6, 0x92, 0xE7, 0xA5, 0x92,
    0xE3, 0x84, 0x8A, 0xE3, 0x84, 0xA7, 0xE3, 0x84, 0xA0, 0x33, 0xE6, 0x8C, 0x91, 0xE7, 0xAA, 0x95,
    0xE8, 0xAA, 0x82, 0xE5, 0xAE, 0xA8, 0xE5, 0xAC, 0xA5, 0xE3, 0x84, 0x8A, 0xE3, 0x84, 0xA7, 0xE3,
    0x84, 0xA0, 0x34, 0xE8, 0xB7, 0xB3, 0xE7, 0x9C, 0xBA, 0xE7, 0xB3, 0xB6, 0xE6, 0x9C, 0x93, 0xE8,
    0xA6, 0x9C, 0xE9, 0xA0, 0xAB, 0xE7, 0xB5, 0xA9, 0xE7, 0xAA, 0xB1, 0xE8, 0x84, 0x81, 0xE3, 0x84,
    0x8A, 0xE3, 0x84, 0xA7, 0xE3, 0x84, 0xA2, 0x31, 0xE5, 0xA4, 0xA9, 0xE6, 0xB7, 0xBB, 0xE5, 0x80,
    0x8E, 0xE5, 0xB1, 0x87, 0xE9, 0x85, 0x9F, 0xE5, 0xA9, 0x96, 0xE5, 0x85, 0xB2, 0xE3, 0x84, 0x8A,
    0xE3, 0x84, 0xA7, 0xE3, 0x84, 0xA2, 0x32, 0xE7, 0x94, 0xB0, 0xE7, 0x94, 0x9C, 0xE5, 0xA1, 0xAB,
    0xE6, 0x81, 0xAC, 0xE9, 0x97, 0x90, 0xE7, 0x95, 0x8B, 0xE7, 0xAA, 0xB4, 0xE6, 0xB2, 0xBA, 0xE7,
    0x9B, 0xB7, 0xE6, 0xB9, 0x89, 0xE8, 0x8F, 0xBE, 0xE7, 0xA3, 0x8C, 0xE7, 0x95, 0x91, 0xE3, 0x84,
    0x8A, 0xE3, 0x84, 0xA7, 0xE3, 0x84, 0xA2, 0x33, 0xE8, 0x88, 0x94, 0xE5, 0xBF, 0x9D, 0xE6, 0xAE,
    0x84, 0xE8, 0x85, 0x86, 0xE9, 0x9D, 0xA6, 0xE6, 0xB7, 0x9F, 0xE9, 0xA4, 0x82, 0xE8, 0xB3, 0x9F,
    0xE6, 0x82, 0xBF, 0xE8, 0x9A, 0x95, 0xE6, 0x99, 0xAA, 0xE7, 0x97, 0xB6, 0xE3, 0x84, 0x8A, 0xE3,
    0x84, 0xA7, 0xE3, 0x84, 0xA2, 0x34, 0xE6, 0x8E, 0xAD, 0xE7, 0x85, 0x94, 0xE7, 0x91, 0xB1, 0xE3,
    0x84, 0x8A, 0xE3, 0x84, 0xA7, 0xE3, 0x84, 0xA5, 0x31, 0xE8, 0x81, 0xBD, 0xE5, 0xBB, 0xB3, 0xE6,
    0xB1, 0x80, 0xE6, 0xA1, 0xAF, 0xE8, 0x89, 0xBC, 0xE8, 0x80, 0xB5, 0xE7, 0x83, 0xB4, 0xE3, 0x84,
    0x8A, 0xE3, 0x84, 0xA7, 0xE3, 0x84, 0xA5, 0x32, 0xE5, 0x81, 0x9C, 0xE5, 0xBA, 0xAD, 0xE5, 0xBB,
    0xB7, 0xE4, 0xBA, 0xAD, 0xE8, 0x9C, 0x93, 0xE9, 0x9C, 0x86, 0xE5, 0xA9, 0xB7, 0xE6, 0xB8, 0x9F,
    0xE8, 0x8E, 0x9B, 0xE6, 0x9C, 0xBE, 0xE7, 0xAD, 0xB3, 0xE8, 0x9D, 0x8F, 0xE8, 0x81, 0xA4, 0xE8,
    0x91, 0xB6, 0xE9, 0xBC, 0xAE, 0xE6, 0xA5, 0x9F, 0xE6, 0xA6, 0xB3, 0xE9, 0x96, 0xAE, 0xE5, 0xB5,
    0x89, 0xE7, 0xB6, 0x8E, 0xE3, 0x84, 0x8A, 0xE3, 0x84, 0xA7, 0xE3, 0x84, 0xA5, 0x33, 0xE6, 0x8C,
    0xBA, 0xE8, 0x89, 0x87, 0xE7, 0x94, 0xBA, 0xE6, 0xA2, 0x83, 0xE9, 0xA0, 0xB2, 0xE7, 0x8F, 0xBD,
    0xE8, 0x84, 0xA1, 0xE9, 0x8B, 0x8C, 0xE7, 0x83, 0xB6, 0xE5, 0x9C, 0xA2, 0xE4, 0xBE, 0xB9, 0xE3,
    0x84, 0x8A, 0xE3, 0x84, 0xA7, 0xE3, 0x84, 0xA5, 0x34, 0xE8, 0x81, 0xBD, 0xE3, 0x84, 0x8A, 0xE3,
    0x84, 0xA8, 0x31, 0xE7, 0xA6, 0xBF, 0xE9, 0xB5, 0x9A, 0xE6, 0xB6, 0x8B, 0xE6, 0x8D, 0xB8, 0xE5,
    0xB6, 0x80, 0xE3, 0x84, 0x8A, 0xE3, 0x84, 0xA8, 0x32, 0xE5, 0x9C, 0x96, 0xE9, 0x80, 0x94, 0xE7,
    0xAA, 0x81, 0xE5, 0xBE, 0x92, 0xE5, 0xA1, 0x97, 0xE5, 0xB1, 0xA0, 0xE5, 0x87, 0xB8, 0xE8, 0x8D,
    0xBC, 0xE6, 0xB6, 0x82, 0xE4, 0xBD, 0x99, 0xE9, 0x85, 0xB4, 0xE7, 0x98, 0x8F, 0xE7, 0xA8, 0x8C,
    0xE8, 0x85, 0xAF, 0xE5, 0xB3, 0xB9, 0xE8, 0x91, 0x96, 0xE9, 0xB5, 0x9A, 0xE6, 0x8D, 0x88, 0xE6,
    0x80, 0xA2, 0xE9, 0x8D, 0x8E, 0xE8, 0xB7, 0xBF, 0xE6, 0xA2, 0x8C, 0xE6, 0xB9, 0xA5, 0xE7, 0xAD,
    0xA1, 0xE8, 0x92, 0xA4, 0xE7, 0x91, 0xB9, 0xE9, 0xA7, 0xBC, 0xE9, 0xB6, 0x9F, 0xE9, 0xB7, 0x8B,
    0xE9, 0xBC, 0xB5, 0xE5, 0xB5, 0x9E, 0xE5, 0xBB, 0x9C, 0xE6, 0xBD, 0xB3, 0xE9, 0xB7, 0xB5, 0xE5,
    0x87, 0x83, 0xE3, 0x84, 0x8A, 0xE3, 0x84, 0xA8, 0x33, 0xE5, 0x9C, 0x9F, 0xE5, 0x90, 0x90, 0xE9,
    0x87, 0xB7, 0xE8, 0x8A, 0x8F, 0xE5, 0x94, 0x8B, 0xE3, 0x84, 0x8A, 0xE3, 0x84, 0xA8, 0x34, 0xE5,
    0x85, 0x94, 0xE5, 0x90, 0x90, 0xE8, 0x8F, 0x9F, 0xE9, 0xB5, 0xB5, 0xE5, 0xA0, 0x8D, 0xE3, 0x84,
    0x8A, 0xE3, 0x84, 0xA8, 0xE3, 0x84, 0x9B, 0x31, 0xE8, 0x84, 0xAB, 0xE6, 0x8B, 0x96, 0xE6, 0x89,
    0x98, 0xE8, 0xA8, 0x97, 0xE5, 0xA0, 0xB6, 0xE4, 0xBE, 0x82, 0xE6, 0x8C, 0xA9, 0xE6, 0x89, 0xA5,
    0xE7, 0x9F, 0xBA, 0xE6, 0xB2, 0xB0, 0xE9, 0xA6, 0xB2, 0xE4, 0xBE, 0xBB, 0xE8, 0xA9, 0x91, 0xE9,
    0xAD, 0xA0, 0xE3, 0x84, 0x8A, 0xE3, 0x84, 0xA8, 0xE3, 0x84, 0x9B, 0x32, 0xE9, 0xA7, 0x9D, 0xE9,
    0x99, 0x80, 0xE9, 0xA6, 0xB1, 0xE6, 0xB2, 0xB1, 0xE4, 0xBD, 0x97, 0xE9, 0xB4, 0x95, 0xE8, 0xB7,
    0x8E, 0xE6, 0xA9, 0x90, 0xE5, 0x9D, 0xA8, 0xE7, 0xB4, 0xBD, 0xE9, 0x85, 0xA1, 0xE7, 0xA0, 0xA3,
    0xE9, 0x98, 0xA4, 0xE9, 0xAE, 0x80, 0xE5, 0xB2, 0xAE, 0xE7, 0xA2, 0xA2, 0xE9, 0x9E, 0x81, 0xE9,
    0xA9, 0x92, 0xE9, 0xBC, 0x89, 0xE9, 0x89, 0x88, 0xE8, 0xA2, 0x89, 0xE9, 0xA3, 0xA5, 0xE3, 0x84,
    0x8A, 0xE3, 0x84, 0xA8, 0xE3, 0x84, 0x9B, 0x33, 0xE5, 0xA6, 0xA5, 0xE6, 0xA9, 0xA2, 0xE6, 0x92,
    0xB1, 0xE5, 0xBA, 0xB9, 0xE5, 0xAB, 0xB7, 0xE3, 0x84, 0x8A, 0xE3, 0x84, 0xA8, 0xE3, 0x84, 0x9B,
    0x34, 0xE6, 0x8B, 0x93, 0xE5, 0x94, 0xBE, 0xE6, 0x9F, 0x9D, 0xE7, 0xB1, 0x9C, 0xE8, 0x98, 0x80,
    0xE8, 0xB7, 0x85, 0xE6, 0xAF, 0xBB, 0xE6, 0xAF, 0xA4, 0xE3, 0x84, 0x8A, 0xE3, 0x84, 0xA8, 0xE3,
    0x84, 0x9F, 0x31, 0xE6, 0x8E, 0xA8, 0xE8, 0x93, 0xB7, 0xE8, 0x97, 0xAC, 0xE3, 0x84, 0x8A, 0xE3,
    0x84, 0xA8, 0xE3, 0x84, 0x9F, 0x32, 0xE9, 0xA0, 0xB9, 0xE7, 0xA9, 0xA8, 0xE9, 0x9A, 0xA4, 0xE9,
    0xAD, 0x8B, 0xE6, 0xA9, 0x94, 0xE5, 0x83, 0x93, 0xE8, 0xB9, 0xAA, 0xE5, 0xBC, 0x9A, 0xE3, 0x84,
    0x8A, 0xE3, 0x84, 0xA8, 0xE3, 0x84, 0x9F, 0x33, 0xE8, 0x85, 0xBF, 0xE4, 0xBF, 0x80, 0xE3, 0x84,
    0x8A, 0xE3, 0x84, 0xA8, 0xE3, 0x84, 0x9F, 0x34, 0xE9, 0x80, 0x80, 0xE8, 0x9B, 0xBB, 0xE9, 0xA7,
    0xBE, 0xE8, 0x9E, 0x81, 0xE3, 0x84, 0x8A, 0xE3, 0x84, 0xA8, 0xE3, 0x84, 0xA2, 0x31, 0xE6, 0xB9,
    0x8D, 0xE7, 0x85, 0x93, 0xE8, 0xB2, 0x92, 0xE3, 0x84, 0x8A, 0xE3, 0x84, 0xA8, 0xE3, 0x84, 0xA2,
    0x32, 0xE5, 0x9C, 0x98, 0xE6, 0x91, 0xB6, 0xE7, 0xB3, 0xB0, 0xE6, 0xBC, 0x99, 0xE5, 0x89, 0xB8,
    0xE6, 0x85, 0xB1, 0xE9, 0x8F, 0x84, 0xE9, 0xB7, 0xBB, 0xE6, 0xA7, 0xAB, 0xE3, 0x84, 0x8A, 0xE3,
    0x84, 0xA8, 0xE3, 0x84, 0xA2, 0x34, 0xE5, 0xBD, 0x96, 0xE8, 0xA4, 0x96, 0xE3, 0x84, 0x8A, 0xE3,
    0x84, 0xA8, 0xE3, 0x84, 0xA3, 0x31, 0xE5, 0x90, 0x9E, 0xE6, 0x9A, 0xBE, 0xE5, 0x95, 0x8D, 0xE6,
    0xB6, 0x92, 0xE6, 0x97, 0xBD, 0xE3, 0x84, 0x8A, 0xE3, 0x84, 0xA8, 0xE3, 0x84, 0xA3, 0x32, 0xE5,
    0xB1, 0xAF, 0xE5, 0x9B, 0xA4, 0xE8, 0xB1, 0x9A, 0xE9, 0xA3, 0xA9, 0xE8, 0x87, 0x80, 0xE8, 0xBB,
    0x98, 0xE9, 0xAD, 0xA8, 0xE5, 0xBF, 0xB3, 0xE8, 0x8A, 0x9A, 0xE5, 0x90, 0xA8, 0xE6, 0x8B, 0xB5,
    0xE3, 0x84, 0x8A, 0xE3, 0x84, 0xA8, 0xE3, 0x84, 0xA3, 0x33, 0xE6, 0xB1, 0x86, 0xE5, 0x90, 0xA8,
    0xE7, 0x95, 0xBD, 0xE3, 0x84, 0x8A, 0xE3, 0x84, 0xA8, 0xE3, 0x84, 0xA3, 0x34, 0xE8, 0xA4, 0xAA,
    0xE8, 0x9E, 0x81, 0xE3, 0x84, 0x8A, 0xE3, 0x84, 0xA8, 0xE3, 0x84, 0xA5, 0x31, 0xE9, 0x80, 0x9A,
    0xE6, 0x81, 0xAB, 0xE8, 0x93, 0xAA, 0xE7, 0x97, 0x8C, 0xE7, 0x82, 0xB5, 0xE7, 0x86, 0xA5, 0xE7,
    0x8B, 0xAA, 0xE3, 0x84, 0x8A, 0xE3, 0x84, 0xA8, 0xE3, 0x84, 0xA5, 0x32, 0xE5, 0x90, 0x8C, 0xE7,
    0xAB, 0xA5, 0xE9, 0x8A, 0x85, 0xE6, 0xA1, 0x90, 0xE6, 0xBD, 0xBC, 0xE7, 0x9E, 0xB3, 0xE5, 0xBD,
    0xA4, 0xE4, 0xBD, 0x9F, 0xE5, 0x83, 0xAE, 0xE5, 0xB3, 0x92, 0xE4, 0xBE, 0x97, 0xE8, 0x89, 0x9F,
    0xE6, 0x9B, 0x88, 0xE8, 0x86, 0xA7, 0xE7, 0xA9, 0x9C, 0xE7, 0xBD, 0xBF, 0xE7, 0xA1, 0x90, 0xE6,
    0xA9, 0xA6, 0xE6, 0xB0, 0x83, 0xE7, 0x8D, 0x9E, 0xE8, 0x8C, 0xBC, 0xE7, 0x83, 0x94, 0xE6, 0xB5,
    0xB5, 0xE9, 0x89, 0x96, 0xE9, 0xA4, 0x87, 0xE4, 0xBB, 0x9D, 0xE9, 0x85, 0xAE, 0xE8, 0xBF, 0xB5,
    0xE7, 0xB2, 0xA1, 0xE7, 0xB5, 0xA7, 0xE6, 0x9C, 0xA3, 0xE7, 0x8A, 0x9D, 0xE8, 0x95, 0xAB, 0xE9,
    0xAE, 0xA6, 0xE9, 0xBC, 0xA8, 0xE7, 0x88, 0x9E, 0xE5, 0x93, 0x83, 0xE8, 0xA9, 0xB7, 0xE3, 0x84,
    0x8A, 0xE3, 0x84, 0xA8, 0xE3, 0x84, 0xA5, 0x33, 0xE7, 0xB5, 0xB1, 0xE7, 0xAD, 0x92, 0xE6, 0xA1,
    0xB6, 0xE6, 0x8D, 0x85, 0xE5, 0x9E, 0x8C, 0xE7, 0xAD, 0xA9, 0xE5, 0xA7, 0x9B, 0xE3, 0x84, 0x8A,
    0xE3, 0x84, 0xA8, 0xE3, 0x84, 0xA5, 0x34, 0xE7, 0x97, 0x9B, 0xE8, 0xA1, 0x95, 0xE6, 0x85, 0x9F,
    0xE8, 0x98, 0xB3, 0xE3, 0x84, 0x8B, 0x31, 0xE3, 0x84, 0x8B, 0xE3, 0x84, 0x8B, 0xE3, 0x84, 0x9A,
    0x31, 0xE9, 0x82, 0xA3, 0xE3, 0x84, 0x8B, 0xE3, 0x84, 0x9A, 0x32, 0xE6, 0x8B, 0xBF, 0xE6, 0x8C,
    0x90, 0xE6, 0x8B, 0x8F, 0xE8, 0xAA, 0xBD, 0xE3, 0x84, 0x8B, 0xE3, 0x84, 0x9A, 0x33, 0xE9, 0x82,
    0xA3, 0xE5, 0x93, 0xAA, 0xE9, 0x9B, 0xAB, 0xE3, 0x84, 0x8B, 0xE3, 0x84, 0x9A, 0x34, 0xE9, 0x82,
    0xA3, 0xE7, 0xB4, 0x8D, 0xE5, 0x90, 0xB6, 0xE8, 0xA8, 0xA5, 0xE9, 0x88, 0x89, 0xE6, 0x8D, 0xBA,
    0xE5, 0xA8, 0x9C, 0xE8, 0x82, 0xAD, 0xE8, 0xA1, 0xB2, 0xE8, 0xBB, 0x9C, 0xE5, 0xA6, 0xA0, 0xE8,
    0xB1, 0xBD, 0xE9, 0xAD, 0xB6, 0xE7, 0xAC, 0x9D, 0xE3, 0x84, 0x8B, 0xE3, 0x84, 0x9A, 0x35, 0xE5,
    0x93, 0xAA, 0xE3, 0x84, 0x8B, 0xE3, 0x84, 0x9C, 0x31, 0xE5, 0x91, 0xA2, 0xE3, 0x84, 0x8B, 0xE3,
    0x84, 0x9C, 0x34, 0xE8, 0xA8, 0xA5, 0xE3, 0x84, 0x8B, 0xE3, 0x84, 0x9C, 0x35, 0xE5, 0x91, 0xA2,
    0xE3, 0x84, 0x8B, 0xE3, 0x84, 0x9E, 0x32, 0xE5, 0xAD, 0xBB, 0xE6, 0x91, 0xA8, 0xE3, 0x84, 0x8B,
    0xE3, 0x84, 0x9E, 0x33, 0xE4, 0xB9, 0x83, 0xE5, 0xA5, 0xB6, 0xE8, 0xBF, 0xBA, 0xE6, 0xB0, 0x96,
    0xE5, 0xAC, 0xAD, 0xE5, 0xA5, 0x88, 0xE6, 0xB0, 0x9D, 0xE9, 0x87, 0xA2, 0xE8, 0x89, 0xBF, 0xE5,
    0xB0, 0x95, 0xE3, 0x84, 0x8B, 0xE3, 0x84, 0x9E, 0x34, 0xE8, 0x80, 0x90, 0xE5, 0xA5, 0x88, 0xE8,
    0xA4, 0xA6, 0xE9, 0xBC, 0x90, 0xE6, 0x9F, 0xB0, 0xE5, 0x80, 0xB7, 0xE8, 0x9E, 0x9A, 0xE6, 0xB8,
    0xBF, 0xE8, 0x90, 0x98, 0xE9, 0x8C, 0xBC, 0xE3, 0x84, 0x8B, 0xE3, 0x84, 0x9E, 0x35, 0xE5, 0xA5,
    0xB6, 0xE3, 0x84, 0x8B, 0xE3, 0x84, 0x9F, 0x33, 0xE9, 0xA4, 0x92, 0xE5, 0x93, 0xAA, 0xE8, 0x85,
    0x87, 0xE9, 0x82, 0xA3, 0xE3, 0x84, 0x8B, 0xE3, 0x84, 0x9F, 0x34, 0xE5, 0x85, 0xA7, 0xE9, 0x82,
    0xA3, 0xE3, 0x84, 0x8B, 0xE3, 0x84, 0xA0, 0x31, 0xE5, 0xAD, 0xAC, 0xE5, 0xB3, 0xB1, 0xE3, 0x84,
    0x8B, 0xE3, 0x84, 0xA0, 0x32, 0xE6, 0x92, 0x93, 0xE9, 0x90, 0x83, 0xE6, 0xA9, 0x88, 0xE5, 0x91,
    0xB6, 0xE7, 0x8C, 0xB1, 0xE6, 0x80, 0x93, 0xE8, 0xAD, 0x8A, 0xE9, 0xAB, 0x90, 0xE5, 0xB6, 0xA9,
    0xE7, 0x8D, 0xB6, 0xE7, 0xB9, 0xB7, 0xE7, 0x8D, 0xBF, 0xE5, 0xA4, 0x92, 0xE3, 0x84, 0x8B, 0xE3,
    0x84, 0xA0, 0x33, 0xE8, 0x85, 0xA6, 0xE6, 0x83, 0xB1, 0xE7, 0x91, 0x99, 0xE3, 0x84, 0x8B, 0xE3,
    0x84, 0xA0, 0x34, 0xE9, 0xAC, 0xA7, 0xE6, 0xB7, 0x96, 0xE3, 0x84, 0x8B, 0xE3, 0x84, 0xA1, 0x32,
    0xE7, 0xBE, 0xBA, 0xE7, 0x8D, 0xB3, 0xE3, 0x84, 0x8B, 0xE3, 0x84, 0xA1, 0x34, 0xE8, 0x80, 0xA8,
    0xE9, 0x8E, 0x92, 0xE5, 0x97, 0x95, 0xE8, 0xAD, 0xA8, 0xE3, 0x84, 0x8B, 0xE3, 0x84, 0xA2, 0x31,
    0xE5, 0x9B, 0x9D, 0xE5, 0x9B, 0xA1, 0xE3, 0x84, 0x8B, 0xE3, 0x84, 0xA2, 0x32, 0xE5, 0x8D, 0x97,
    0xE7, 0x94, 0xB7, 0xE9, 0x9B, 0xA3, 0xE5, 0x96, 0x83, 0xE6, 0xA5, 0xA0, 0xE6, 0x9F, 0x9F, 0xE6,
    0x9A, 0x94, 0xE8, 0xAB, 0xB5, 0xE5, 0xA5, 0xBB, 0xE8, 0x90, 0xB3, 0xE8, 0x8E, 0xAE, 0xE3, 0x84,
    0x8B, 0xE3, 0x84, 0xA2, 0x33, 0xE8, 0xB5, 0xA7, 0xE6, 0x88, 0x81, 0xE8, 0x9D, 0xBB, 0xE6, 0xB9,
    0xB3, 0xE8, 0x85, 0xA9, 0xE6, 0x8F, 0x87, 0xE3, 0x84, 0x8B, 0xE3, 0x84, 0xA2, 0x34, 0xE9, 0x9B,
    0xA3, 0xE5, 0xA9, 0xBB, 0xE3, 0x84, 0x8B, 0xE3, 0x84, 0xA3, 0x34, 0xE5, 0xAB, 0xA9, 0xE3, 0x84,
    0x8B, 0xE3, 0x84, 0xA4, 0x31, 0xE5, 0x9B, 0x94, 0xE3, 0x84, 0x8B, 0xE3, 0x84, 0xA4, 0x32, 0xE5,
    0x9B, 0x8A, 0xE3, 0x84, 0x8B, 0xE3, 0x84, 0xA4, 0x33, 0xE6, 0x9B, 0xA9, 0xE6, 0x94, 0xAE, 0xE7,
    0x81, 0xA2, 0xE3, 0x84, 0x8B, 0xE3, 0x84, 0xA4, 0x34, 0xE9, 0xBD, 0x89, 0xE3, 0x84, 0x8B, 0xE3,
    0x84, 0xA4, 0x35, 0xE5, 0x9B, 0x94, 0xE3, 0x84, 0x8B, 0xE3, 0x84, 0xA5, 0x32, 0xE8, 0x83, 0xBD,
    0xE8, 0x96, 0xB4, 0xE5, 0x84, 0x9C, 0xE3, 0x84, 0x8B, 0xE3, 0x84, 0xA5, 0x34, 0xE6, 0xBF, 0x98,
    0xE3, 0x84, 0x8B, 0xE3, 0x84, 0xA7, 0x32, 0xE6, 0xB3, 0xA5, 0xE5, 0xB0, 0xBC, 0xE5, 0xA6, 0xAE,
    0xE5, 0x80, 0xAA, 0xE9, 0x9C, 0x93, 0xE6, 0x80, 0xA9, 0xE7, 0x8C, 0x8A, 0xE8, 0x9C, 0xBA, 0xE8,
    0xBC, 0x97, 0xE9, 0x83, 0xB3, 0xE9, 0xBA, 0x91, 0xE9, 0xAF, 0xA2, 0xE9, 0xBD, 0xAF, 0xE8, 0x87,
    0xA1, 0xE7, 0xA7, 0x9C, 0xE7, 0x8B, 0x8B, 0xE8, 0xA7, 0xAC, 0xE5, 0xA9, 0x97, 0xE6, 0xB7, 0xA3,
    0xE5, 0x91, 0xA2, 0xE7, 0x8B, 0x94, 0xE5, 0xB1, 0x94, 0xE8, 0xB7, 0x9C, 0xE9, 0x88, 0xAE, 0xE9,
    0xB6, 0x82, 0xE5, 0x85, 0x92, 0xE3, 0x84, 0x8B, 0xE3, 0x84, 0xA7, 0x33, 0xE4, 0xBD, 0xA0, 0xE5,
    0xA6, 0xB3, 0xE6, 0x93, 0xAC, 0xE7, 0xA6, 0xB0, 0xE5, 0x84, 0x97, 0xE6, 0x97, 0x8E, 0xE6, 0x98,
    0xB5, 0xE5, 0x9D, 0xAD, 0xE6, 0x9F, 0x85, 0xE8, 0x96, 0xBF, 0xE6, 0xAA, 0xB7, 0xE6, 0x8A, 0xB3,
    0xE8, 0x8B, 0xA8, 0xE9, 0xA6, 0x9C, 0xE9, 0x9A, 0xAC, 0xE8, 0xAD, 0xBA, 0xE7, 0xA5, 0xA2, 0xE3,
    0x84, 0x8B, 0xE3, 0x84, 0xA7, 0x34, 0xE9, 0x80, 0x86, 0xE6, 0xBA, 0xBA, 0xE5, 0x8C, 0xBF, 0xE8,
    0x86, 0xA9, 0xE6, 0xB3, 0xA5, 0xE7, 0x9D, 0xA8, 0xE6, 0x9A, 0xB1, 0xE6, 0x83, 0x84, 0xE9, 0xB7,
    0x81, 0xE9, 0xB7, 0x8A, 0xE5, 0xAB, 0x9F, 0xE7, 0xB8, 0x8C, 0xE8, 0xBF, 0xA1, 0xE5, 0xA0, 0x84,
    0xE3, 0x84, 0x8B, 0xE3, 0x84, 0xA7, 0xE3, 0x84, 0x9D, 0x31, 0xE6, 0x8D, 0x8F, 0xE8, 0xB8, 0x97,
    0xE9, 0x91, 0x88, 0xE3, 0x84, 0x8B, 0xE3, 0x84, 0xA7, 0xE3, 0x84, 0x9D, 0x32, 0xE8, 0x8B, 0xB6,
    0xE3, 0x84, 0x8B, 0xE3, 0x84, 0xA7, 0xE3, 0x84, 0x9D, 0x34, 0xE5, 0xAD, 0xBD, 0xE9, 0x8E, 0xB3,
    0xE8, 0xBA, 0xA1, 0xE8, 0x81, 0xB6, 0xE9, 0x91, 0xB7, 0xE6, 0xB6, 0x85, 0xE5, 0x9B, 0x81, 0xE5,
    0x9B, 0x93, 0xE8, 0x87, 0xAC, 0xE4, 0xB9, 0x9C, 0xE5, 0x9A, 0x99, 0xE8, 0x87, 0xB2, 0xE9, 0x97,
    0x91, 0xE9, 0x9A, 0x89, 0xE9, 0xBD, 0xA7, 0xE6, 0x95, 0x9C, 0xE9, 0xA1, 0xB3, 0xE7, 0xB3, 0xB1,
    0xE8, 0x98, 0x97, 0xE7, 0x96, 0x8C, 0xE5, 0xB5, 0xB2, 0xE8, 0xB8, 0x82, 0xE7, 0xAF, 0x9E, 0xE6,
    0xAB, 0xB1, 0xE8, 0xA0, 0xA5, 0xE9, 0x92, 0x80, 0xE5, 0xB7, 0x95, 0xE6, 0x91, 0xB0, 0xE3, 0x84,
    0x8B, 0xE3, 0x84, 0xA7, 0xE3, 0x84, 0xA0, 0x33, 0xE9, 0xB3, 0xA5, 0xE8, 0xA3, 0x8A, 0xE5, 0xAC,
    0xB2, 0xE5, 0xAC, 0x9D, 0xE5, 0xAB, 0x8B, 0xE8, 0x94, 0xA6, 0xE8, 0xA4, 0xAD, 0xE3, 0x84, 0x8B,
    0xE3, 0x84, 0xA7, 0xE3, 0x84, 0xA0, 0x34, 0xE5, 0xB0, 0xBF, 0xE3, 0x84, 0x8B, 0xE3, 0x84, 0xA7,
    0xE3, 0x84, 0xA1, 0x31, 0xE5, 0xA6, 0x9E, 0xE3, 0x84, 0x8B, 0xE3, 0x84, 0xA7, 0xE3, 0x84, 0xA1,
    0x32, 0xE7, 0x89, 0x9B, 0xE3, 0x84, 0x8B, 0xE3, 0x84, 0xA7, 0xE3, 0x84, 0xA1, 0x33, 0xE7, 0xB4,
    0x90, 0xE6, 0x89, 0xAD, 0xE9, 0x88, 0x95, 0xE5, 0xBF, 0xB8, 0xE7, 0x8B, 0x83, 0xE7, 0x82, 0x84,
    0xE8, 0x8E, 0xA5, 0xE3, 0x84, 0x8B, 0xE3, 0x84, 0xA7, 0xE3, 0x84, 0xA1, 0x34, 0xE6, 0x8B, 0x97,
    0xE3, 0x84, 0x8B, 0xE3, 0x84, 0xA7, 0xE3, 0x84, 0xA2, 0x32, 0xE5, 0xB9, 0xB4, 0xE9, 0xBB, 0x8F,
    0xE7, 0xB2, 0x98, 0xE5, 0xA7, 0xA9, 0xE5, 0x93, 0x96, 0xE6, 0x8B, 0x88, 0xE3, 0x84, 0x8B, 0xE3,
    0x84, 0xA7, 0xE3, 0x84, 0xA2, 0x33, 0xE6, 0x8D, 0xBB, 0xE6, 0x92, 0x9A, 0xE6, 0x94, 0x86, 0xE6,
    0x8B, 0x88, 0xE8, 0xBC, 0xA6, 0xE7, 0xA2, 0xBE, 0xE8, 0xBC, 0xBE, 0xE6, 0xB6, 0x8A, 0xE7, 0xB0,
    0x90, 0xE8, 0xB7, 0x88, 0xE8, 0xBA, 0x8E, 0xE9, 0xAF, 0xB0, 0xE3, 0x84, 0x8B, 0xE3, 0x84, 0xA7,
    0xE3, 0x84, 0xA2, 0x34, 0xE5, 0xBF, 0xB5, 0xE5, 0x94, 0xB8, 0xE6, 0xB7, 0xB0, 0xE9, 0xBD, 0x9E,
    0xE5, 0xBB, 0xBF, 0xE9, 0xBC, 0xB0, 0xE3, 0x84, 0x8B, 0xE3, 0x84, 0xA7, 0xE3, 0x84, 0xA3, 0x32,
    0xE6, 0x82, 0xA8, 0xE3, 0x84, 0x8B, 0xE3, 0x84, 0xA7, 0xE3, 0x84, 0xA3, 0x33, 0xE6, 0x8B, 0xB0,
    0xE3, 0x84, 0x8B, 0xE3, 0x84, 0xA7, 0xE3, 0x84, 0xA4, 0x32, 0xE5, 0xA8, 0x98, 0xE5, 0xAD, 0x83,
    0xE3, 0x84, 0x8B, 0xE3, 0x84, 0xA7, 0xE3, 0x84, 0xA4, 0x34, 0xE9, 0x87, 0x80, 0xE3, 0x84, 0x8B,
    0xE3, 0x84, 0xA7, 0xE3, 0x84, 0xA4, 0x35, 0xE5, 0xA8, 0x98, 0xE3, 0x84, 0x8B, 0xE3, 0x84, 0xA7,
    0xE3, 0x84, 0xA5, 0x32, 0xE5, 0xAF, 0xA7, 0xE5, 0x87, 0x9D, 0xE7, 0x8D, 0xB0, 0xE5, 0x9A, 0x80,
    0xE6, 0xAA, 0xB8, 0xE7, 0x94, 0xAF, 0xE6, 0x93, 0xB0, 0xE9, 0xB8, 0x8B, 0xE9, 0x91, 0x8F, 0xE5,
    0xAF, 0x8D, 0xE8, 0x81, 0xB9, 0xE5, 0xAC, 0xA3, 0xE5, 0xAF, 0x97, 0xE3, 0x84, 0x8B, 0xE3, 0x84,
    0xA7, 0xE3, 0x84, 0xA5, 0x33, 0xE6, 0x93, 0xB0, 0xE3, 0x84, 0x8B, 0xE3, 0x84, 0xA7, 0xE3, 0x84,
    0xA5, 0x34, 0xE6, 0xBF, 0x98, 0xE4, 0xBD, 0x9E, 0xE7, 0x94, 0xAF, 0xE5, 0xAF, 0x97, 0xE3, 0x84,
    0x8B, 0xE3, 0x84, 0xA8, 0x32, 0xE5, 0xA5, 0xB4, 0xE9, 0xA7, 0x91, 0xE5, 0xAD, 0xA5, 0xE7, 0xAC,
    0xAF, 0xE8, 0x92, 0x98, 0xE3, 0x84, 0x8B, 0xE3, 0x84, 0xA8, 0x33, 0xE5, 0x8A, 0xAA, 0xE5, 0xBC,
    0xA9, 0xE7, 0xA0, 0xAE, 0xE3, 0x84, 0x8B, 0xE3, 0x84, 0xA8, 0x34, 0xE6, 0x80, 0x92, 0xE3, 0x84,
    0x8B, 0xE3, 0x84, 0xA8, 0xE3, 0x84, 0x9B, 0x32, 0xE6, 0x8C, 0xAA, 0xE5, 0xA8, 0x9C, 0xE5, 0x84,
    0xBA, 0xE6, 0x8D, 0xBC, 0xE6, 0xA2, 0x9B, 0xE5, 0x93, 0xAA, 0xE3, 0x84, 0x8B, 0xE3, 0x84, 0xA8,
    0xE3, 0x84, 0x9B, 0x33, 0xE6, 0xA9, 0xA0, 0xE3, 0x84, 0x8B, 0xE3, 0x84, 0xA8, 0xE3, 0x84, 0x9B,
    0x34, 0xE8, 0xAB, 0xBE, 0xE6, 0x87, 0xA6, 0xE7, 0xB3, 0xAF, 0xE6, 0x90, 0xA6, 0xE6, 0x8C, 0xBC,
    0xE9, 0x80, 0xBD, 0xE6, 0x87, 0xA7, 0xE7, 0xB3, 0x91, 0xE5, 0x96, 0x8F, 0xE3, 0x84, 0x8B, 0xE3,
    0x84, 0xA8, 0xE3, 0x84, 0xA2, 0x33, 0xE6, 0x9A, 0x96, 0xE9, 0xA4, 0xAA, 0xE7, 0x85, 0x96, 0xE6,
    0xB8, 0x9C, 0xE3, 0x84, 0x8B, 0xE3, 0x84, 0xA8, 0xE3, 0x84, 0xA5, 0x32, 0xE8, 0xBE, 0xB2, 0xE6,
    0xBF, 0x83, 0xE8, 0x86, 0xBF, 0xE5, 0x84, 0x82, 0xE5, 0x99, 0xA5, 0xE7, 0xA9, 0xA0, 0xE8, 0xA5,
    0x9B, 0xE9, 0x86, 0xB2, 0xE9, 0xBD, 0x88, 0xE9, 0xAC, 0x9E, 0xE3, 0x84, 0x8B, 0xE3, 0x84, 0xA8,
    0xE3, 0x84, 0xA5, 0x34, 0xE5, 0xBC, 0x84, 0xE3, 0x84, 0x8B, 0xE3, 0x84, 0xA9, 0x33, 0xE5, 0xA5,
    0xB3, 0xE7, 0xB1, 0xB9, 0xE9, 0x87, 0xB9, 0xE3, 0x84, 0x8B, 0xE3, 0x84, 0xA9, 0x34, 0xE5, 0xBF,
    0xB8, 0xE6, 0x81, 0xA7, 0xE8, 0xA1, 0x84, 0xE6, 0x9C, 0x92, 0xE3, 0x84, 0x8B, 0xE3, 0x84, 0xA9,
    0xE3, 0x84, 0x9D, 0x34, 0xE8, 0x99, 0x90, 0xE7, 0x98, 0xA7, 0xE8, 0xAC, 0x94, 0xE3, 0x84, 0x8C,
    0x31, 0xE3, 0x84, 0x8C, 0xE3, 0x84, 0x8C, 0xE3, 0x84, 0x9A, 0x31, 0xE6, 0x8B, 0x89, 0xE5, 0x95,
    0xA6, 0xE5, 0x96, 0x87, 0xE6, 0x9F, 0x86, 0xE9, 0x9E, 0xA1, 0xE7, 0xBF, 0x8B, 0xE8, 0x8F, 0x88,
    0xE3, 0x84, 0x8C, 0xE3, 0x84, 0x9A, 0x32, 0xE5, 0x89, 0x8C, 0xE9, 0x82, 0x8B, 0xE6, 0x97, 0xAF,
    0xE3, 0x84, 0x8C, 0xE3, 0x84, 0x9A, 0x33, 0xE5, 0x96, 0x87, 0xE8, 0x97, 0x9E, 0xE3, 0x84, 0x8C,
    0xE3, 0x84, 0x9A, 0x34, 0xE8, 0x87, 0x98, 0xE8, 0xA0, 0x9F, 0xE9, 0x91, 0x9E, 0xE8, 0xBE, 0xA3,
    0xE5, 0x89, 0x8C, 0xE8, 0x85, 0x8A, 0xE8, 0x90, 0xBD, 0xE9, 0xAC, 0x8E, 0xE7, 0x98, 0x8C, 0xE6,
    0x8F, 0xA7, 0xE6, 0xA5, 0x8B, 0xE9, 0xB1, 0xB2, 0xE3, 0x84, 0x8C, 0xE3, 0x84, 0x9A, 0x35, 0xE5,
    0x95, 0xA6, 0xE3, 0x84, 0x8C, 0xE3, 0x84, 0x9C, 0x34, 0xE6, 0xA8, 0x82, 0xE5, 0x9E, 0x83, 0xE5,
    0x8B, 0x92, 0xE8, 0x82, 0x8B, 0xE6, 0xB3, 0x90, 0xE5, 0x9F, 0x92, 0xE5, 0x8F, 0xBB, 0xE4, 0xBB,
    0x82, 0xE6, 0x8D, 0x8B, 0xE6, 0x89, 0x90, 0xE9, 0x98, 0x9E, 0xE7, 0xA0, 0xB3, 0xE9, 0xB0, 0xB3,
    0xE6, 0xB0, 0xBB, 0xE5, 0x93, 0xB7, 0xE7, 0xAB, 0xBB, 0xE3, 0x84, 0x8C, 0xE3, 0x84, 0x9C, 0x35,
    0xE4, 0xBA, 0x86, 0xE3, 0x84, 0x8C, 0xE3, 0x84, 0x9E, 0x32, 0xE4, 0xBE, 0x86, 0xE8, 0x90, 0x8A,
    0xE5, 0xBE, 0xA0, 0xE6, 0xB7, 0xB6, 0xE9, 0xA8, 0x8B, 0xE7, 0xAE, 0x82, 0xE5, 0xB4, 0x8D, 0xE9,
    0x83, 0xB2, 0xE9, 0x8C, 0xB8, 0xE9, 0xAF, 0xA0, 0xE6, 0xA3, 0xB6, 0xE5, 0xBA, 0xB2, 0xE9, 0xB6,
    0x86, 0xE5, 0x94, 0xBB, 0xE3, 0x84, 0x8C, 0xE3, 0x84, 0x9E, 0x34, 0xE8, 0xB3, 0xB4, 0xE7, 0x99,
    0xA9, 0xE7, 0x80, 0xA8, 0xE7, 0xB1, 0x9F, 0xE7, 0x9D, 0x9E, 0xE8, 0xB3, 0x9A, 0xE8, 0x97, 0xBE,
    0xE5, 0xA8, 0x95, 0xE4, 0xBE, 0x86, 0xE3, 0x84, 0x8C, 0xE3, 0x84, 0x9F, 0x31, 0xE5, 0x8B, 0x92,
    0xE3, 0x84, 0x8C, 0xE3, 0x84, 0x9F, 0x32, 0xE9, 0x9B, 0xB7, 0xE7, 0xB4, 0xAF, 0xE7, 0xBA, 0x8D,
    0xE6, 0x93, 0x82, 0xE5, 0xAB, 0x98, 0xE9, 0x90, 0xB3, 0xE7, 0xBE, 0xB8, 0xE7, 0xB8, 0xB2, 0xE7,
    0xBD, 0x8D, 0xE6, 0xAA, 0x91, 0xE7, 0x95, 0xBE, 0xE6, 0xAB, 0x91, 0xE7, 0x93, 0x83, 0xE8, 0xA0,
    0x9D, 0xE8, 0xBD, 0xA0, 0xE5, 0xA3, 0xA8, 0xE6, 0xAC, 0x99, 0xE3, 0x84, 0x8C, 0xE3, 0x84, 0x9F,
    0x33, 0xE7, 0xB4, 0xAF, 0xE5, 0xA3, 0x98, 0xE5, 0x84, 0xA1, 0xE6, 0xBC, 0xAF, 0xE8, 0x80, 0x92,
    0xE7, 0xA3, 0x8A, 0xE8, 0x95, 0xBE, 0xE8, 0xAA, 0x84, 0xE8, 0x97, 0x9F, 0xE6, 0xA8, 0x8F, 0xE7,
    0x99, 0x97, 0xE7, 0xA4, 0x8C, 0xE7, 0xB5, 0xAB, 0xE7, 0xA3, 0xA5, 0xE9, 0x91, 0xB8, 0xE7, 0x98,
    0xA3, 0xE6, 0xAB, 0x91, 0xE6, 0xAB, 0x90, 0xE7, 0xA4, 0xA8, 0xE7, 0x81, 0x85, 0xE8, 0xAE, 0x84,
    0xE9, 0xB8, 0x93, 0xE9, 0xA0, 0x9B, 0xE7, 0xA4, 0xA7, 0xE8, 0x98, 0xB2, 0xE8, 0x99, 0x86, 0xE3,
    0x84, 0x8C, 0xE3, 0x84, 0x9F, 0x34, 0xE9, 0xA1, 0x9E, 0xE6, 0xB7, 0x9A, 0xE7, 0xB4, 0xAF, 0xE6,
    0x93, 0x82, 0xE7, 0xBA, 0x87, 0xE9, 0x85, 0xB9, 0xE9, 0x8A, 0x87, 0xE5, 0x84, 0xBD, 0xE8, 0x98,
    0xB1, 0xE7, 0xA6, 0xB7, 0xE8, 0x82, 0x8B, 0xE3, 0x84, 0x8C, 0xE3, 0x84, 0xA0, 0x31, 0xE6, 0x92,
    0x88, 0xE3, 0x84, 0x8C, 0xE3, 0x84, 0xA0, 0x32, 0xE5, 0x8B, 0x9E, 0xE7, 0x89, 0xA2, 0xE7, 0x99,
    0x86, 0xE6, 0xBE, 0x87, 0xE5, 0x98, 0xAE, 0xE9, 0x86, 0xAA, 0xE6, 0xB5, 0xB6, 0xE9, 0x90, 0x92,
    0xE7, 0xB0, 0xA9, 0xE8, 0x9F, 0xA7, 0xE5, 0xB6, 0x97, 0xE3, 0x84, 0x8C, 0xE3, 0x84, 0xA0, 0x33,
    0xE8, 0x80, 0x81, 0xE5, 0xA7, 0xA5, 0xE4, 0xBD, 0xAC, 0xE6, 0xA0, 0xB3, 0xE7, 0x8B, 0xAB, 0xE8,
    0xBD, 0x91, 0xE5, 0x92, 0xBE, 0xE6, 0xA9, 0x91, 0xE9, 0x8A, 0xA0, 0xE6, 0x81, 0x85, 0xE8, 0x8D,
    0x96, 0xE3, 0x84, 0x8C, 0xE3, 0x84, 0xA0, 0x34, 0xE5, 0x8B, 0x9E, 0xE7, 0xB5, 0xA1, 0xE7, 0x83,
    0x99, 0xE9, 0x85, 0xAA, 0xE5, 0xAB, 0xAA, 0xE8, 0xBB, 0x82, 0xE6, 0xA9, 0xAF, 0xE5, 0x83, 0x97,
    0xE8, 0x90, 0xBD, 0xE3, 0x84, 0x8C, 0xE3, 0x84, 0xA0, 0x35, 0xE5, 0xA7, 0xA5, 0xE3, 0x84, 0x8C,
    0xE3, 0x84, 0xA1, 0x31, 0xE6, 0x91, 0x9F, 0xE3, 0x84, 0x8C, 0xE3, 0x84, 0xA1, 0x32, 0xE6, 0xA8,
    0x93, 0xE5, 0x98, 0x8D, 0xE5, 0xA9, 0x81, 0xE8, 0x9E, 0xBB, 0xE9, 0xAB, 0x8F, 0xE5, 0x83, 0x82,
    0xE8, 0x94, 0x9E, 0xE5, 0xBB, 0x94, 0xE6, 0xBC, 0x8A, 0xE8, 0x80, 0xAC, 0xE7, 0x86, 0xA1, 0xE8,
    0xAC, 0xB1, 0xE8, 0x89, 0x9B, 0xE9, 0x9E, 0xBB, 0xE9, 0xB7, 0x9C, 0xE7, 0x9E, 0x9C, 0xE3, 0x84,
    0x8C, 0xE3, 0x84, 0xA1, 0x33, 0xE7, 0xB0, 0x8D, 0xE6, 0x91, 0x9F, 0xE5, 0xA1, 0xBF, 0xE5, 0xB6,
    0x81, 0xE3, 0x84, 0x8C, 0xE3, 0x84, 0xA1, 0x34, 0xE6, 0xBC, 0x8F, 0xE9, 0x99, 0x8B, 0xE9, 0x9C,
    0xB2, 0xE9, 0x8F, 0xA4, 0xE7, 0x98, 0xBA, 0xE3, 0x84, 0x8C, 0xE3, 0x84, 0xA1, 0x35, 0xE7, 0xB0,
    0x8D, 0xE3, 0x84, 0x8C, 0xE3, 0x84, 0xA2, 0x32, 0xE8, 0x98, 0xAD, 0xE7, 0xB1, 0x83, 0xE8, 0x97,
    0x8D, 0xE6, 0xAC, 0x84, 0xE6, 0x94, 0x94, 0xE7, 0x80, 0xBE, 0xE8, 0xA5, 0xA4, 0xE5, 0xA9, 0xAA,
    0xE5, 0xB5, 0x90, 0xE9, 0x97, 0x8C, 0xE8, 0xA5, 0xB4, 0xE8, 0xAE, 0x95, 0xE6, 0x96, 0x95, 0xE7,
    0xB1, 0xA3, 0xE6, 0xAC, 0x97, 0xE7, 0xB3, 0xB7, 0xE7, 0x81, 0x86, 0xE7, 0x81, 0xA1, 0xE8, 0xAD,
    0x8B, 0xE8, 0xBA, 0x9D, 0xE3, 0x84, 0x8C, 0xE3, 0x84, 0xA2, 0x33, 0xE8, 0xA6, 0xBD, 0xE6, 0x87,
    0xB6, 0xE6, 0x94, 0xAC, 0xE6, 0xAC, 0x96, 0xE7, 0xBA, 0x9C, 0xE5, 0xA3, 0x88, 0xE7, 0x88, 0xA6,
    0xE7, 0x81, 0xA0, 0xE9, 0x86, 0x82, 0xE5, 0xAC, 0xBE, 0xE9, 0xA1, 0xB2, 0xE6, 0xB5, 0xA8, 0xE3,
    0x84, 0x8C, 0xE3, 0x84, 0xA2, 0x34, 0xE7, 0x88, 0x9B, 0xE6, 0xBF, 0xAB, 0xE7, 0xBA, 0x9C, 0xE9,
    0x91, 0xAD, 0xE7, 0x88, 0x81, 0xE5, 0x9D, 0x94, 0xE5, 0xA3, 0x8F, 0xE3, 0x84, 0x8C, 0xE3, 0x84,
    0xA4, 0x31, 0xE5, 0x95, 0xB7, 0xE3, 0x84, 0x8C, 0xE3, 0x84, 0xA4, 0x32, 0xE9, 0x83, 0x8E, 0xE7,
    0x8B, 0xBC, 0xE5, 0xBB, 0x8A, 0xE8, 0x9E, 0x82, 0xE7, 0x91, 0xAF, 0xE7, 0x90, 0x85, 0xE6, 0xA6,
    0x94, 0xE7, 0xA8, 0x82, 0xE8, 0x8E, 0xA8, 0xE8, 0x9C, 0x8B, 0xE6, 0xA1, 0xB9, 0xE7, 0xAD, 0xA4,
    0xE9, 0x8B, 0x83, 0xE4, 0xBF, 0x8D, 0xE5, 0xB4, 0x80, 0xE6, 0xAC, 0xB4, 0xE3, 0x84, 0x8C, 0xE3,
    0x84, 0xA4, 0x33, 0xE6, 0x9C, 0x97, 0xE9, 0x96, 0xAC, 0xE7, 0xA1, 0xA0, 0xE5, 0xB3, 0x8E, 0xE6,
    0x82, 0xA2, 0xE8, 0xAA, 0x8F, 0xE7, 0x83, 0xBA, 0xE5, 0xA1, 0xB1, 0xE3, 0x84, 0x8C, 0xE3, 0x84,
    0xA4, 0x34, 0xE6, 0xB5, 0xAA, 0xE5, 0x9F, 0x8C, 0xE8, 0x92, 0x97, 0xE3, 0x84, 0x8C, 0xE3, 0x84,
    0xA5, 0x32, 0xE7, 0xA8, 0x9C, 0xE5, 0xB4, 0x9A, 0xE6, 0xA3, 0xB1, 0xE8, 0x96, 0x90, 0xE8, 0x94,
    0x86, 0xE5, 0x80, 0xB0, 0xE6, 0xA5, 0x9E, 0xE3, 0x84, 0x8C, 0xE3, 0x84, 0xA5, 0x33, 0xE5, 0x86,
    0xB7, 0xE3, 0x84, 0x8C, 0xE3, 0x84, 0xA5, 0x34, 0xE6, 0x84, 0xA3, 0xE8, 0xB8, 0x9C, 0xE6, 0xA5,
    0x9E, 0xE3, 0x84, 0x8C, 0xE3, 0x84, 0xA7, 0x31, 0xE5, 0x93, 0xA9, 0xE3, 0x84, 0x8C, 0xE3, 0x84,
    0xA7, 0x32, 0xE9, 0x9B, 0xA2, 0xE7, 0x92, 0x83, 0xE9, 0xBB, 0x8E, 0xE6, 0xA2, 0xA8, 0xE7, 0xB1,
    0xAC, 0xE9, 0x87, 0x90, 0xE7, 0x8A, 0x9B, 0xE7, 0xBD, 0xB9, 0xE8, 0xB2, 0x8D, 0xE9, 0xA9, 0xAA,
    0xE7, 0x8A, 0x81, 0xE6, 0xBC, 0x93, 0xE7, 0x81, 0x95, 0xE7, 0x8B, 0xB8, 0xE8, 0x97, 0x9C, 0xE8,
    0x9C, 0x8A, 0xE8, 0xA0, 0xA1, 0xE9, 0xB8, 0x9D, 0xE5, 0xAB, 0xA0, 0xE8, 0xA4, 0xB5, 0xE9, 0xBB,
    0xA7, 0xE6, 0xA2, 0xA9, 0xE6, 0xBC, 0xA6, 0xE7, 0xB8, 0xAD, 0xE8, 0x94, 0xBE, 0xE6, 0xB0, 0x82,
    0xE5, 0x8E, 0x98, 0xE8, 0x98, 0xBA, 0xE5, 0x89, 0xBA, 0xE5, 0x96, 0xB1, 0xE7, 0xAF, 0xB1, 0xE9,
    0x86, 0xA8, 0xE9, 0xB1, 0xBA, 0xE5, 0x8A, 0x99, 0xE5, 0xAD, 0x8B, 0xE5, 0xBB, 0xB2, 0xE9, 0xA8,
    0xB9, 0xE5, 0xAD, 0xB7, 0xE6, 0xA8, 0x86, 0xE8, 0xAC, 0xA7, 0xE9, 0xAF, 0xAC, 0xE9, 0xB5, 0xB9,
    0xE6, 0x94, 0xA1, 0xE9, 0xBA, 0x97, 0xE8, 0x8F, 0x9E, 0xE9, 0x91, 0x97, 0xE9, 0xBB, 0x90, 0xE7,
    0xB2, 0x8D, 0xE9, 0xBA, 0xB6, 0xE3, 0x84, 0x8C, 0xE3, 0x84, 0xA7, 0x33, 0xE6, 0x9D, 0x8E, 0xE9,
    0x87, 0x8C, 0xE8, 0xA3, 0xA1, 0xE7, 0x90, 0x86, 0xE7, 0xA6, 0xAE, 0xE8, 0xA3, 0x8F, 0xE5, 0x93,
    0xA9, 0xE6, 0xB5, 0xAC, 0xE9, 0xAF, 0x89, 0xE5, 0xA8, 0x8C, 0xE4, 0xBF, 0x9A, 0xE6, 0xBE, 0xA7,
    0xE9, 0x82, 0x90, 0xE9, 0x86, 0xB4, 0xE8, 0xA0, 0xA1, 0xE9, 0xB1, 0xA7, 0xE9, 0x8B, 0xB0, 0xE7,
    0xB2, 0xB4, 0xE8, 0xB1, 0x8A, 0xE5, 0xB3, 0x9B, 0xE6, 0xAC, 0x9A, 0xE3, 0x84, 0x8C, 0xE3, 0x84,
    0xA7, 0x34, 0xE5, 0x8A, 0x9B, 0xE7, 0xAB, 0x8B, 0xE5, 0x88, 0xA9, 0xE9, 0xBA, 0x97, 0xE6, 0xAD,
    0xB7, 0xE5, 0xA3, 0xA2, 0xE4, 0xBE, 0x8B, 0xE6, 0x9B, 0x86, 0xE8, 0x8E, 0x89, 0xE5, 0x8E, 0xB2,
    0xE5, 0x8B, 0xB5, 0xE7, 0xA4, 0xAA, 0xE7, 0xB2, 0x92, 0xE8, 0x92, 0x9E, 0xE9, 0x9D, 0x82, 0xE7,
    0x80, 0x9D, 0xE5, 0x84, 0xB7, 0xE9, 0x9A, 0xB8, 0xE7, 0xA4, 0xAB, 0xE5, 0x90, 0x8F, 0xE8, 0x8D,
    0x94, 0xE6, 0xA0, 0x97, 0xE6, 0x85, 0x84, 0xE4, 0xBF, 0x90, 0xE7, 0x97, 0xA2, 0xE7, 0x99, 0x98,
    0xE7, 0xAC, 0xA0, 0xE6, 0x88, 0xBE, 0xE5, 0x94, 0xB3, 0xE9, 0x85, 0x88, 0xE7, 0x90, 0x8D, 0xE8,
    0xA9, 0x88, 0xE5, 0x9A, 0xA6, 0xE6, 0xBA, 0xA7, 0xE8, 0xA0, 0xA3, 0xE6, 0xAB, 0xAA, 0xE6, 0xB2,
    0xB4, 0xE7, 0xB3, 0xB2, 0xE6, 0xAB, 0x9F, 0xE8, 0xBD, 0xA2, 0xE7, 0x93, 0x85, 0xE9, 0xAC, 0x81,
    0xE7, 0x8C, 0x81, 0xE7, 0x9B, 0xAD, 0xE7, 0xAF, 0xA5, 0xE8, 0x8B, 0x99, 0xE5, 0x94, 0x8E, 0xE5,
    0xB1, 0xB4, 0xE8, 0xBA, 0x92, 0xE9, 0xAC, 0xB2, 0xE7, 0x9A, 0xAA, 0xE7, 0xA7, 0x9D, 0xE7, 0x91,
    0xAE, 0xE8, 0xBD, 0xA3, 0xE5, 0xB2, 0xA6, 0xE6, 0x9C, 0xB8, 0xE6, 0xAC, 0x90, 0xE7, 0xA6, 0xB2,
    0xE8, 0xB5, 0xB2, 0xE9, 0xB4, 0x97, 0xE7, 0xA0, 0x85, 0xE6, 0xBF, 0xBF, 0xE7, 0xA0, 0xAC, 0xE6,
    0x82, 0xB7, 0xE8, 0x9A, 0xB8, 0xE5, 0x8E, 0xA4, 0xE7, 0xAD, 0xA3, 0xE7, 0xB6, 0x9F, 0xE8, 0x9C,
    0xA7, 0xE7, 0xA3, 0xBF, 0xE6, 0x96, 0x84, 0xE7, 0x8A, 0xA1, 0xE8, 0x97, 0xB6, 0xE8, 0xA0, 0xAB,
    0xE9, 0xB7, 0x85, 0xE9, 0xBA, 0x9C, 0xE6, 0x94, 0xA6, 0xE8, 0xA7, 0xBB, 0xE9, 0xB7, 0x91, 0xE6,
    0x94, 0xAD, 0xE9, 0xB1, 0xB3, 0xE9, 0x9D, 0x8B, 0xE6, 0xA0, 0xB5, 0xE6, 0xB5, 0xB0, 0xE5, 0xA1,
    0x9B, 0xE6, 0x90, 0xAE, 0xE8, 0x9D, 0xB7, 0xE5, 0x84, 0xAE, 0xE6, 0x9B, 0x9E, 0xE8, 0xAE, 0x88,
    0xE7, 0x93, 0xA5, 0xE9, 0xB1, 0xB1, 0xE5, 0xA8, 0xB3, 0xE6, 0xA0, 0x83, 0xE3, 0x84, 0x8C, 0xE3,
    0x84, 0xA7, 0x35, 0xE5, 0x93, 0xA9, 0xE3, 0x84, 0x8C, 0xE3, 0x84, 0xA7, 0xE3, 0x84, 0x9A, 0x33,
    0xE5, 0x80, 0x86, 0xE3, 0x84, 0x8C, 0xE3, 0x84, 0xA7, 0xE3, 0x84, 0x9D, 0x31, 0xE5, 0x92, 0xA7,
    0xE3, 0x84, 0x8C, 0xE3, 0x84, 0xA7, 0xE3, 0x84, 0x9D, 0x33, 0xE5, 0x92, 0xA7, 0xE3, 0x84, 0x8C,
    0xE3, 0x84, 0xA7, 0xE3, 0x84, 0x9D, 0x34, 0xE5, 0x88, 0x97, 0xE7, 0x83, 0x88, 0xE5, 0x8A, 0xA3,
    0xE8, 0xA3, 0x82, 0xE7, 0x8D, 0xB5, 0xE6, 0x8D, 0xA9, 0xE5, 0x86, 0xBD, 0xE9, 0xAC, 0xA3, 0xE8,
    0xBA, 0x90, 0xE6, 0xB4, 0x8C, 0xE8, 0x8C, 0xA2, 0xE7, 0x9D, 0x99, 0xE6, 0x93, 0xB8, 0xE8, 0xB6,
    0x94, 0xE5, 0xA7, 0xB4, 0xE8, 0xBF, 0xBE, 0xE8, 0x84, 0x9F, 0xE8, 0x9B, 0x9A, 0xE8, 0x9B, 0xB6,
    0xE9, 0xA2, 0xB2, 0xE5, 0x84, 0xA0, 0xE9, 0xAE, 0xA4, 0xE9, 0xB4, 0xB7, 0xE7, 0x8A, 0xA3, 0xE3,
    0x84, 0x8C, 0xE3, 0x84, 0xA7, 0xE3, 0x84, 0xA0, 0x31, 0xE6, 0x92, 0xA9, 0xE3, 0x84, 0x8C, 0xE3,
    0x84, 0xA7, 0xE3, 0x84, 0xA0, 0x32, 0xE8, 0x81, 0x8A, 0xE5, 0xAF, 0xAE, 0xE9, 0x81, 0xBC, 0xE7,
    0x99, 0x82, 0xE5, 0xAF, 0xA5, 0xE6, 0x92, 0xA9, 0xE5, 0x83, 0x9A, 0xE7, 0x87, 0x8E, 0xE6, 0xBD,
    0xA6, 0xE5, 0x98, 0xB9, 0xE7, 0xB9, 0x9A, 0xE9, 0x90, 0x90, 0xE5, 0xAB, 0xBD, 0xE7, 0x8D, 0xA0,
    0xE9, 0xB7, 0xAF, 0xE5, 0xB1, 0xAA, 0xE9, 0xB7, 0x9A, 0xE8, 0x86, 0x8B, 0xE6, 0xBC, 0xBB, 0xE6,
    0x91, 0x8E, 0xE8, 0xB1, 0x82, 0xE5, 0xB5, 0xBA, 0xE6, 0x86, 0x80, 0xE5, 0xB6, 0x9A, 0xE6, 0x95,
    0xB9, 0xE7, 0xAA, 0xB7, 0xE8, 0x86, 0xAB, 0xE7, 0xB0, 0x9D, 0xE9, 0x95, 0xBD, 0xE9, 0xA3, 0x82,
    0xE9, 0xA3, 0x89, 0xE9, 0xA1, 0x9F, 0xE3, 0x84, 0x8C, 0xE3, 0x84, 0xA7, 0xE3, 0x84, 0xA0, 0x33,
    0xE4, 0xBA, 0x86, 0xE7, 0x9E, 0xAD, 0xE8, 0x93, 0xBC, 0xE6, 0x86, 0xAD, 0xE9, 0x87, 0x95, 0xE6,
    0x9A, 0xB8, 0xE9, 0x84, 0x9D, 0xE8, 0x9F, 0x9F, 0xE3, 0x84, 0x8C, 0xE3, 0x84, 0xA7, 0xE3, 0x84,
    0xA0, 0x34, 0xE5, 0xBB, 0x96, 0xE6, 0x96, 0x99, 0xE7, 0x9E, 0xAD, 0xE7, 0x87, 0x8E, 0xE5, 0xB0,
    0xA5, 0xE6, 0x92, 0x82, 0xE7, 0x82, 0x93, 0xE8, 0x9F, 0x89, 0xE7, 0xAA, 0xB2, 0xE3, 0x84, 0x8C,
    0xE3, 0x84, 0xA7, 0xE3, 0x84, 0xA1, 0x31, 0xE6, 0xBA, 0x9C, 0xE8, 0xB9, 0x93, 0xE3, 0x84, 0x8C,
    0xE3, 0x84, 0xA7, 0xE3, 0x84, 0xA1, 0x32, 0xE5, 0x8A, 0x89, 0xE6, 0xB5, 0x81, 0xE7, 0x95, 0x99,
    0xE7, 0xA1, 0xAB, 0xE7, 0x90, 0x89, 0xE6, 0xA6, 0xB4, 0xE7, 0x80, 0x8F, 0xE7, 0x98, 0xA4, 0xE9,
    0x81, 0x9B, 0xE6, 0x97, 0x92, 0xE9, 0xA8, 0xAE, 0xE9, 0x8F, 0x90, 0xE9, 0xA3, 0x80, 0xE9, 0xB6,
    0xB9, 0xE6, 0x87, 0xB0, 0xE9, 0x8E, 0x8F, 0xE9, 0x8E, 0xA6, 0xE5, 0xAA, 0xB9, 0xE5, 0xAC, 0xBC,
    0xE5, 0xB5, 0xA7, 0xE8, 0x97, 0xB0, 0xE8, 0xA3, 0x97, 0xE9, 0xBA, 0x8D, 0xE9, 0xB7, 0x8E, 0xE8,
    0x93, 0x85, 0xE9, 0xB0, 0xA1, 0xE5, 0xB7, 0xB0, 0xE7, 0x91, 0xA0, 0xE3, 0x84, 0x8C, 0xE3, 0x84,
    0xA7, 0xE3, 0x84, 0xA1, 0x33, 0xE6, 0x9F, 0xB3, 0xE7, 0xB6, 0xB9, 0xE7, 0xBD, 0xB6, 0xE9, 0x89,
    0x9A, 0xE9, 0xA3, 0xB9, 0xE7, 0x8F, 0x8B, 0xE3, 0x84, 0x8C, 0xE3, 0x84, 0xA7, 0xE3, 0x84, 0xA1,
    0x34, 0xE5, 0x85, 0xAD, 0xE9, 0x99, 0xB8, 0xE6, 0xBA, 0x9C, 0xE9, 0xA4, 0xBE, 0xE9, 0x9C, 0xA4,
    0xE5, 0x9D, 0xB4, 0xE7, 0xBF, 0x8F, 0xE9, 0x9B, 0xA1, 0xE5, 0xBB, 0x87, 0xE5, 0xA1, 0xAF, 0xE8,
    0xB9, 0x93, 0xE3, 0x84, 0x8C, 0xE3, 0x84, 0xA7, 0xE3, 0x84, 0xA2, 0x32, 0xE9, 0x80, 0xA3, 0xE8,
    0x81, 0xAF, 0xE6, 0x86, 0x90, 0xE5, 0xBB, 0x89, 0xE8, 0x93, 0xAE, 0xE6, 0xBC, 0xA3, 0xE7, 0xB0,
    0xBE, 0xE9, 0x90, 0xAE, 0xE9, 0xB0, 0xB1, 0xE5, 0xA5, 0xA9, 0xE7, 0x92, 0x89, 0xE5, 0xB8, 0x98,
    0xE8, 0xA4, 0xB3, 0xE5, 0x97, 0xB9, 0xE9, 0x8E, 0x8C, 0xE9, 0xAC, 0x91, 0xE6, 0xBA, 0x93, 0xE8,
    0xA0, 0x8A, 0xE6, 0xA7, 0xA4, 0xE7, 0xB8, 0xBA, 0xE8, 0xAC, 0xB0, 0xE8, 0xA6, 0x9D, 0xE7, 0xA3,
    0x8F, 0xE6, 0xBF, 0x82, 0xE7, 0xBF, 0xB4, 0xE8, 0x96, 0x95, 0xE8, 0xB9, 0xA5, 0xE8, 0xAD, 0xA7,
    0xE5, 0xA5, 0xB1, 0xE5, 0xAC, 0x9A, 0xE3, 0x84, 0x8C, 0xE3, 0x84, 0xA7, 0xE3, 0x84, 0xA2, 0x33,
    0xE8, 0x87, 0x89, 0xE9, 0x84, 0xBB, 0xE8, 0x86, 0xA6, 0xE6, 0x91, 0x99, 0xE5, 0x83, 0x86, 0xE7,
    0xBE, 0xB7, 0xE3, 0x84, 0x8C, 0xE3, 0x84, 0xA7, 0xE3, 0x84, 0xA2, 0x34, 0xE7, 0xB7, 0xB4, 0xE9,
    0x8D, 0x8A, 0xE6, 0x88, 0x80, 0xE7, 0x85, 0x89, 0xE9, 0x8F, 0x88, 0xE6, 0xAE, 0xAE, 0xE6, 0x96,
    0x82, 0xE7, 0x80, 0xB2, 0xE6, 0xA5, 0x9D, 0xE8, 0xA5, 0x9D, 0xE6, 0xB9, 0x85, 0xE6, 0xBE, 0xB0,
    0xE8, 0x98, 0x9E, 0xE6, 0xAD, 0x9B, 0xE8, 0x96, 0x9F, 0xE8, 0x90, 0xB0, 0xE5, 0xA0, 0x9C, 0xE3,
    0x84, 0x8C, 0xE3, 0x84, 0xA7, 0xE3, 0x84, 0xA3, 0x32, 0xE6, 0x9E, 0x97, 0xE8, 0x87, 0xA8, 0xE9,
    0x84, 0xB0, 0xE6, 0xB7, 0x8B, 0xE9, 0xB1, 0x97, 0xE9, 0xBA, 0x9F, 0xE9, 0x9C, 0x96, 0xE7, 0xA3,
    0xB7, 0xE7, 0x90, 0xB3, 0xE9, 0x81, 0xB4, 0xE5, 0xB6, 0x99, 0xE7, 0x87, 0x90, 0xE7, 0x92, 0x98,
    0xE7, 0xB2, 0xBC, 0xE8, 0xBD, 0x94, 0xE6, 0xBD, 0xBE, 0xE7, 0x97, 0xB3, 0xE7, 0x96, 0x84, 0xE7,
    0x9E, 0xB5, 0xE6, 0x83, 0x8F, 0xE6, 0x9A, 0xBD, 0xE7, 0xBD, 0xA7, 0xE9, 0xA9, 0x8E, 0xE7, 0xA2,
    0x84, 0xE7, 0xAE, 0x96, 0xE7, 0x94, 0x90, 0xE7, 0xB9, 0x97, 0xE5, 0x83, 0xAF, 0xE7, 0xBF, 0xB7,
    0xE8, 0xB9, 0xB8, 0xE5, 0xA3, 0xA3, 0xE9, 0x8F, 0xBB, 0xE3, 0x84, 0x8C, 0xE3, 0x84, 0xA7, 0xE3,
    0x84, 0xA3, 0x33, 0xE5, 0x87, 0x9C, 0xE6, 0x87, 0x8D, 0xE5, 0xBB, 0xA9, 0xE6, 0xAA, 0x81, 0xE8,
    0x8F, 0xBB, 0xE4, 0xBA, 0x83, 0xE7, 0xB6, 0x9D, 0xE6, 0xA6, 0x83, 0xE3, 0x84, 0x8C, 0xE3, 0x84,
    0xA7, 0xE3, 0x84, 0xA3, 0x34, 0xE5, 0x90, 0x9D, 0xE8, 0xBA, 0xAA, 0xE8, 0x97, 0xBA, 0xE8, 0xB3,
    0x83, 0xE6, 0xA9, 0x89, 0xE9, 0x96, 0xB5, 0xE7, 0x84, 0x9B, 0xE3, 0x84, 0x8C, 0xE3, 0x84, 0xA7,
    0xE3, 0x84, 0xA4, 0x32, 0xE8, 0x89, 0xAF, 0xE6, 0xA2, 0x81, 0xE9, 0x87, 0x8F, 0xE7, 0xB3, 0xA7,
    0xE6, 0xB6, 0xBC, 0xE7, 0xB2, 0xB1, 0xE6, 0xA8, 0x91, 0xE6, 0xA4, 0x8B, 0xE7, 0xB6, 0xA1, 0xE8,
    0xBC, 0xAC, 0xE8, 0xB8, 0x89, 0xE9, 0xA7, 0xBA, 0xE3, 0x84, 0x8C, 0xE3, 0x84, 0xA7, 0xE3, 0x84,
    0xA4, 0x33, 0xE5, 0x85, 0xA9, 0xE5, 0x80, 0x86, 0xE9, 0xAD, 0x8E, 0xE7, 0xB7, 0x89, 0xE8, 0xA3,
    0xB2, 0xE3, 0x84, 0x8C, 0xE3, 0x84, 0xA7, 0xE3, 0x84, 0xA4, 0x34, 0xE9, 0x87, 0x8F, 0xE4, 0xBA,
    0xAE, 0xE8, 0xAB, 0x92, 0xE8, 0xBC, 0x9B, 0xE5, 0x96, 0xA8, 0xE6, 0x99, 0xBE, 0xE6, 0xB6, 0xBC,
    0xE5, 0x95, 0xA2, 0xE8, 0xB8, 0x89, 0xE6, 0xB9, 0xB8, 0xE6, 0x82, 0xA2, 0xE3, 0x84, 0x8C, 0xE3,
    0x84, 0xA7, 0xE3, 0x84, 0xA5, 0x31, 0xE6, 0x8B, 0x8E, 0xE3, 0x84, 0x8C, 0xE3, 0x84, 0xA7, 0xE3,
    0x84, 0xA5, 0x32, 0xE9, 0x9B, 0xB6, 0xE7, 0x8E, 0xB2, 0xE9, 0x9D, 0x88, 0xE9, 0x88, 0xB4, 0xE9,
    0xBD, 0xA1, 0xE9, 0x99, 0xB5, 0xE5, 0x87, 0x8C, 0xE8, 0x8F, 0xB1, 0xE8, 0x81, 0x86, 0xE7, 0xBE,
    0x9A, 0xE8, 0x8B, 0x93, 0xE4, 0xBC, 0xB6, 0xE7, 0xB6, 0xBE, 0xE6, 0xB7, 0xA9, 0xE7, 0xBF, 0x8E,
    0xE9, 0xB4, 0x92, 0xE5, 0x9B, 0xB9, 0xE8, 0x9B, 0x89, 0xE7, 0x93, 0xB4, 0xE6, 0xB3, 0xA0, 0xE8,
    0x88, 0xB2, 0xE9, 0x85, 0x83, 0xE8, 0xBB, 0xA8, 0xE9, 0x8C, 0x82, 0xE6, 0xAB, 0xBA, 0xE6, 0x9F,
    0x83, 0xE6, 0xAC, 0x9E, 0xE7, 0x9D, 0x96, 0xE7, 0xA0, 0xB1, 0xE8, 0xA9, 0x85, 0xE8, 0xBC, 0x98,
    0xE9, 0x9C, 0x9D, 0xE9, 0xAF, 0xAA, 0xE9, 0x86, 0xBD, 0xE5, 0xB2, 0xAD, 0xE6, 0x98, 0xA4, 0xE6,
    0xBE, 0xAA, 0xE5, 0x91, 0xAC, 0xE5, 0x9D, 0xBD, 0xE5, 0xA4, 0x8C, 0xE5, 0xA7, 0x88, 0xE7, 0x8B,
    0x91, 0xE7, 0x9A, 0x8A, 0xE5, 0x91, 0xA4, 0xE7, 0x90, 0x8C, 0xE7, 0xAC, 0xAD, 0xE8, 0xA3, 0xAC,
    0xE8, 0x98, 0xA6, 0xE6, 0x80, 0x9C, 0xE5, 0xA9, 0x88, 0xE9, 0xA7, 0x96, 0xE8, 0x95, 0xB6, 0xE7,
    0x88, 0xA7, 0xE5, 0xA0, 0x8E, 0xE3, 0x80, 0x87, 0xE3, 0x84, 0x8C, 0xE3, 0x84, 0xA7, 0xE3, 0x84,
    0xA5, 0x33, 0xE9, 0xA0, 0x98, 0xE5, 0xB6, 0xBA, 0xE5, 0xBD, 0xBE, 0xE3, 0x84, 0x8C, 0xE3, 0x84,
    0xA7, 0xE3, 0x84, 0xA5, 0x34, 0xE4, 0xBB, 0xA4, 0xE5, 0x8F, 0xA6, 0xE7, 0x82, 0xA9, 0xE3, 0x84,
    0x8C, 0xE3, 0x84, 0xA8, 0x31, 0xE5, 0x9A, 0x95, 0xE6, 0x93, 0xBC, 0xE3, 0x84, 0x8C, 0xE3, 0x84,
    0xA8, 0x32, 0xE7, 0x9B, 0xA7, 0xE8, 0x98, 0x86, 0xE5, 0xBB, 0xAC, 0xE8, 0x87, 0x9A, 0xE7, 0x88,
    0x90, 0xE9, 0xA1, 0xB1, 0xE7, 0x80, 0x98, 0xE9, 0xB1, 0xB8, 0xE8, 0xBD, 0xA4, 0xE5, 0xA3, 0x9A,
    0xE9, 0xB8, 0x95, 0xE7, 0x8E, 0x88, 0xE7, 0xBD, 0x8F, 0xE8, 0x89, 0xAB, 0xE9, 0x91, 0xAA, 0xE7,
    0xB1, 0x9A, 0xE6, 0xAB, 0xA8, 0xE5, 0x9A, 0xA7, 0xE6, 0x94, 0x8E, 0xE8, 0xA0, 0xA6, 0xE7, 0xBA,
    0x91, 0xE3, 0x84, 0x8C, 0xE3, 0x84, 0xA8, 0x33, 0xE9, 0xAD, 0xAF, 0xE8, 0x99, 0x9C, 0xE6, 0x93,
    0x84, 0xE6, 0xBB, 0xB7, 0xE9, 0xB9, 0xB5, 0xE6, 0xAB, 0x93, 0xE8, 0x89, 0xA3, 0xE7, 0xA3, 0xA0,
    0xE9, 0x90, 0xAA, 0xE9, 0x8F, 0x80, 0xE8, 0x93, 0xBE, 0xE6, 0x93, 0xBC, 0xE6, 0xB0, 0x8C, 0xE3,
    0x84, 0x8C, 0xE3, 0x84, 0xA8, 0x34, 0xE8, 0xB7, 0xAF, 0xE9, 0x99, 0xB8, 0xE9, 0x8C, 0x84, 0xE9,
    0xB9, 0xBF, 0xE9, 0x9C, 0xB2, 0xE8, 0xB3, 0x82, 0xE7, 0xA5, 0xBF, 0xE7, 0xA2, 0x8C, 0xE6, 0xB0,
    0xAF, 0xE9, 0xBA, 0x93, 0xE9, 0xB7, 0xBA, 0xE6, 0x88, 0xAE, 0xE8, 0xBD, 0x86, 0xE8, 0x93, 0xBC,
    0xE9, 0x80, 0xAF, 0xE6, 0xBC, 0x89, 0xE8, 0xBC, 0x85, 0xE5, 0x83, 0x87, 0xE6, 0xBD, 0x9E, 0xE7,
    0xB1, 0x99, 0xE7, 0x92, 0x90, 0xE7, 0x94, 0xAA, 0xE7, 0xA8, 0x91, 0xE7, 0xA9, 0x8B, 0xE7, 0xB0,
    0x8F, 0xE9, 0x86, 0x81, 0xE9, 0xA8, 0x84, 0xE6, 0xB7, 0xA5, 0xE7, 0x90, 0xAD, 0xE7, 0x9B, 0x9D,
    0xE7, 0xA3, 0x9F, 0xE5, 0xBD, 0x94, 0xE8, 0x8F, 0x89, 0xE8, 0x94, 0x8D, 0xE9, 0x8C, 0xB4, 0xE5,
    0x9E, 0x8F, 0xE9, 0x8F, 0x95, 0xE9, 0xAF, 0xA5, 0xE6, 0x91, 0x9D, 0xE7, 0xA1, 0x89, 0xE7, 0x9D,
    0xA9, 0xE5, 0xBB, 0x98, 0xE7, 0x86, 0x9D, 0xE8, 0xB8, 0x9B, 0xE8, 0x95, 0x97, 0xE8, 0x9E, 0xB0,
    0xE7, 0xB0, 0xAC, 0xE9, 0xB5, 0xB1, 0xE6, 0xB7, 0x95, 0xE5, 0xA1, 0xB6, 0xE8, 0xB9, 0x97, 0xE3,
    0x84, 0x8C, 0xE3, 0x84, 0xA8, 0x35, 0xE7, 0xA2, 0x8C, 0xE3, 0x84, 0x8C, 0xE3, 0x84, 0xA8, 0xE3,
    0x84, 0x9B, 0x31, 0xE5, 0x9B, 0x89, 0xE6, 0x8D, 0x8B, 0xE3, 0x84, 0x8C, 0xE3, 0x84, 0xA8, 0xE3,
    0x84, 0x9B, 0x32, 0xE7, 0xBE, 0x85, 0xE8, 0x9E, 0xBA, 0xE8, 0x98, 0xBF, 0xE9, 0x91, 0xBC, 0xE9,
    0x82, 0x8F, 0xE7, 0xB1, 0xAE, 0xE9, 0xA8, 0xBE, 0xE5, 0x9B, 0x89, 0xE7, 0x8E, 0x80, 0xE5, 0x84,
    0xB8, 0xE8, 0xA6, 0xB6, 0xE6, 0x91, 0x9E, 0xE6, 0xAC, 0x8F, 0xE8, 0x94, 0x82, 0xE9, 0x8F, 0x8D,
    0xE9, 0xB8, 0x81, 0xE5, 0x89, 0x86, 0xE3, 0x84, 0x8C, 0xE3, 0x84, 0xA8, 0xE3, 0x84, 0x9B, 0x33,
    0xE8, 0xA3, 0xB8, 0xE7, 0x98, 0xB0, 0xE8, 0x87, 0x9D, 0xE8, 0xA0, 0x83, 0xE8, 0x93, 0x8F, 0xE9,
    0x8E, 0xAF, 0xE3, 0x84, 0x8C, 0xE3, 0x84, 0xA8, 0xE3, 0x84, 0x9B, 0x34, 0xE8, 0x90, 0xBD, 0xE9,
    0xA7, 0xB1, 0xE6, 0xB4, 0x9B, 0xE7, 0xB5, 0xA1, 0xE9, 0x9B, 0x92, 0xE7, 0x83, 0x99, 0xE9, 0x85,
    0xAA, 0xE6, 0xBF, 0xBC, 0xE7, 0x8A, 0x96, 0xE5, 0x92, 0xAF, 0xE7, 0x8F, 0x9E, 0xE7, 0xBA, 0x99,
    0xE8, 0xA2, 0xBC, 0xE7, 0xA1, 0x8C, 0xE9, 0xAE, 0xA5, 0xE9, 0xB5, 0x85, 0xE5, 0xB3, 0x88, 0xE3,
    0x84, 0x8C, 0xE3, 0x84, 0xA8, 0xE3, 0x84, 0xA2, 0x32, 0xE5, 0xB7, 0x92, 0xE9, 0x91, 0xBE, 0xE9,
    0xB8, 0x9E, 0xE7, 0x81, 0xA4, 0xE8, 0x87, 0xA0, 0xE5, 0x9C, 0x9E, 0xE6, 0xAC, 0x92, 0xE6, 0x9B,
    0xAB, 0xE7, 0xBE, 0x89, 0xE7, 0x99, 0xB5, 0xE5, 0xAD, 0xBF, 0xE3, 0x84, 0x8C, 0xE3, 0x84, 0xA8,
    0xE3, 0x84, 0xA2, 0x33, 0xE5, 0x8D, 0xB5, 0xE3, 0x84, 0x8C, 0xE3, 0x84, 0xA8, 0xE3, 0x84, 0xA2,
    0x34, 0xE4, 0xBA, 0x82, 0xE8, 0x96, 0x8D, 0xE3, 0x84, 0x8C, 0xE3, 0x84, 0xA8, 0xE3, 0x84, 0xA3,
    0x31, 0xE6, 0x8E, 0x84, 0xE3, 0x84, 0x8C, 0xE3, 0x84, 0xA8, 0xE3, 0x84, 0xA3, 0x32, 0xE5, 0x80,
    0xAB, 0xE8, 0xAB, 0x96, 0xE8, 0xBC, 0xAA, 0xE6, 0xB7, 0xAA, 0xE5, 0xB4, 0x99, 0xE4, 0xBE, 0x96,
    0xE7, 0xB6, 0xB8, 0xE6, 0x8E, 0x84, 0xE5, 0x9C, 0x87, 0xE7, 0xA2, 0x96, 0xE9, 0x8C, 0x80, 0xE6,
    0x83, 0x80, 0xE9, 0x99, 0xAF, 0xE8, 0x8F, 0x95, 0xE8, 0xB8, 0x9A, 0xE6, 0xA3, 0x86, 0xE8, 0x9C,
    0xA6, 0xE3, 0x84, 0x8C, 0xE3, 0x84, 0xA8, 0xE3, 0x84, 0xA3, 0x33, 0xE7, 0xA8, 0x90, 0xE3, 0x84,
    0x8C, 0xE3, 0x84, 0xA8, 0xE3, 0x84, 0xA3, 0x34, 0xE8, 0xAB, 0x96, 0xE6, 0xBA, 0xA3, 0xE3, 0x84,
    0x8C, 0xE3, 0x84, 0xA8, 0xE3, 0x84, 0xA5, 0x32, 0xE9, 0xBE, 0x8D, 0xE9, 0x9A, 0x86, 0xE7, 0xB1,
    0xA0, 0xE5, 0x9A, 0xA8, 0xE8, 0x81, 0xBE, 0xE7, 0x93, 0x8F, 0xE6, 0x9C, 0xA7, 0xE7, 0xAA, 0xBF,
    0xE7, 0x80, 0xA7, 0xE7, 0x99, 0x83, 0xE6, 0xAB, 0xB3, 0xE7, 0xA4, 0xB1, 0xE6, 0x9B, 0xA8, 0xE5,
    0xB7, 0x83, 0xE7, 0x9F, 0x93, 0xE8, 0x98, 0xA2, 0xE8, 0xBA, 0x98, 0xE8, 0xB1, 0x85, 0xE9, 0x8F,
    0xA7, 0xE9, 0x91, 0xA8, 0xE9, 0x9D, 0x87, 0xE8, 0xA0, 0xAA, 0xE8, 0xA5, 0xB1, 0xE9, 0xB8, 0x97,
    0xE5, 0x84, 0xB1, 0xE9, 0xBE, 0x92, 0xE8, 0xA0, 0xAC, 0xE3, 0x84, 0x8C, 0xE3, 0x84, 0xA8, 0xE3,
    0x84, 0xA5, 0x33, 0xE9, 0x9A, 0xB4, 0xE6, 0x94, 0x8F, 0xE5, 0xA3, 0x9F, 0xE3, 0x84, 0x8C, 0xE3,
    0x84, 0xA8, 0xE3, 0x84, 0xA5, 0x34, 0xE8, 0xA1, 0x96, 0xE5, 0x93, 0xA2, 0xE5, 0xBE, 0xBF, 0xE6,
    0xA2, 0x87, 0xE5, 0x92, 0x94, 0xE3, 0x84, 0x8C, 0xE3, 0x84, 0xA9, 0x32, 0xE9, 0xA9, 0xA2, 0xE9,
    0x96, 0xAD, 0xE6, 0xAB, 0x9A, 0xE8, 0x97, 0x98, 0xE6, 0x85, 0xBA, 0xE6, 0xB0, 0x80, 0xE8, 0x86,
    0xA2, 0xE3, 0x84, 0x8C, 0xE3, 0x84, 0xA9, 0x33, 0xE5, 0x91, 0x82, 0xE6, 0x97, 0x85, 0xE5, 0xB1,
    0xA5, 0xE4, 0xBE, 0xB6, 0xE9, 0x8B, 0x81, 0xE5, 0xB1, 0xA2, 0xE7, 0xB8, 0xB7, 0xE8, 0xA4, 0xB8,
    0xE5, 0xA9, 0x81, 0xE8, 0x86, 0x82, 0xE6, 0xBC, 0x8A, 0xE7, 0xA9, 0xAD, 0xE6, 0xA2, 0xA0, 0xE9,
    0x83, 0x98, 0xE6, 0x8C, 0x94, 0xE7, 0xB5, 0xBD, 0xE5, 0x84, 0xA2, 0xE7, 0xA5, 0xA3, 0xE6, 0x8D,
    0x8B, 0xE3, 0x84, 0x8C, 0xE3, 0x84, 0xA9, 0x34, 0xE5, 0xBE, 0x8B, 0xE7, 0xB6, 0xA0, 0xE7, 0x8E,
    0x87, 0xE6, 0x85, 0xAE, 0xE6, 0xBF, 0xBE, 0xE6, 0xB0, 0xAF, 0xE5, 0xB5, 0x82, 0xE8, 0x86, 0x9F,
    0xE9, 0x91, 0xA2, 0xE8, 0x8F, 0x89, 0xE8, 0x91, 0x8E, 0xE5, 0x8B, 0xB4, 0xE3, 0x84, 0x8C, 0xE3,
    0x84, 0xA9, 0xE3, 0x84, 0x9D, 0x34, 0xE7, 0x95, 0xA5, 0xE6, 0x8E, 0xA0, 0xE9, 0x8B, 0x9D, 0xE6,
    0x92, 0x82, 0xE6, 0x93, 0xBD, 0xE3, 0x84, 0x8C, 0xE3, 0x84, 0xA9, 0xE3, 0x84, 0xA2, 0x32, 0xE6,
    0x94, 0xA3, 0xE5, 0xAD, 0xBF, 0xE3, 0x84, 0x8C, 0xE3, 0x84, 0xA9, 0xE3, 0x84, 0xA2, 0x33, 0xE5,
    0xAD, 0x8C, 0xE3, 0x84, 0x8D, 0x31, 0xE3, 0x84, 0x8D, 0xE3, 0x84, 0x8D, 0xE3, 0x84, 0x9A, 0x31,
    0xE5, 0x98, 0x8E, 0xE6, 0x97, 0xAE, 0xE3, 0x84, 0x8D, 0xE3, 0x84, 0x9A, 0x32, 0xE8, 0xBB, 0x8B,
    0xE5, 0x99, 0xB6, 0xE9, 0x87, 0x93, 0xE3, 0x84, 0x8D, 0xE3, 0x84, 0x9A, 0x34, 0xE5, 0xB0, 0xAC,
    0xE3, 0x84, 0x8D, 0xE3, 0x84, 0x9A, 0x35, 0xE5, 0x83, 0xB9, 0xE3, 0x84, 0x8D, 0xE3, 0x84, 0x9C,
    0x31, 0xE5, 0x93, 0xA5, 0xE6, 0xAD, 0x8C, 0xE5, 0x89, 0xB2, 0xE9, 0xB4, 0xBF, 0xE6, 0x93, 0xB1,
    0xE8, 0x83, 0xB3, 0xE6, 0x88, 0x88, 0xE8, 0x82, 0x90, 0xE7, 0x96, 0x99, 0xE6, 0xB8, 0xAE, 0xE7,
    0x89, 0x81, 0xE8, 0x8F, 0x8F, 0xE6, 0xBB, 0x92, 0xE9, 0xBA, 0xA7, 0xE3, 0x84, 0x8D, 0xE3, 0x84,
    0x9C, 0x32, 0xE6, 0xA0, 0xBC, 0xE9, 0x9D, 0xA9, 0xE9, 0x9A, 0x94, 0xE9, 0x96, 0xA3, 0xE8, 0x91,
    0x9B, 0xE9, 0xAA, 0xBC, 0xE8, 0x9B, 0xA4, 0xE5, 0x92, 0xAF, 0xE8, 0x86, 0x88, 0xE8, 0xBD, 0x95,
    0xE5, 0x97, 0x9D, 0xE6, 0x90, 0xBF, 0xE9, 0x83, 0x83, 0xE9, 0x9F, 0x90, 0xE5, 0xA1, 0xA5, 0xE8,
    0xA7, 0xA1, 0xE9, 0xAC, 0xB2, 0xE9, 0x96, 0xA4, 0xE6, 0x8C, 0x8C, 0xE4, 0xBD, 0xAE, 0xE8, 0xBC,
    0xB5, 0xE9, 0xAE, 0xAF, 0xE6, 0x95, 0x86, 0xE8, 0x8C, 0x96, 0xE6, 0x84, 0x85, 0xE7, 0x8D, 0xA6,
    0xE9, 0x8E, 0x98, 0xE9, 0x9E, 0xB7, 0xE9, 0xBD, 0x83, 0xE3, 0x84, 0x8D, 0xE3, 0x84, 0x9C, 0x33,
    0xE8, 0x91, 0x9B, 0xE5, 0x93, 0xBF, 0xE8, 0x88, 0xB8, 0xE6, 0x93, 0x96, 0xE9, 0xAD, 0xBA, 0xE9,
    0xA8, 0x94, 0xE7, 0xAC, 0xB4, 0xE3, 0x84, 0x8D, 0xE3, 0x84, 0x9C, 0x34, 0xE5, 0x80, 0x8B, 0xE5,
    0x90, 0x84, 0xE9, 0x89, 0xBB, 0xE8, 0x99, 0xBC, 0xE7, 0xAE, 0x87, 0xE3, 0x84, 0x8D, 0xE3, 0x84,
    0x9C, 0x35, 0xE5, 0x80, 0x8B, 0xE3, 0x84, 0x8D, 0xE3, 0x84, 0x9E, 0x31, 0xE8, 0xA9, 0xB2, 0xE5,
    0x9E, 0x93, 0xE9, 0x99, 0x94, 0xE8, 0xB3, 0x85, 0xE8, 0x8D, 0x84, 0xE4, 0xBE, 0x85, 0xE5, 0xB3,
    0x90, 0xE8, 0x83, 0xB2, 0xE7, 0xA5, 0xB4, 0xE7, 0xB5, 0xAF, 0xE8, 0xB1, 0xA5, 0xE8, 0xB3, 0x8C,
    0xE9, 0x9A, 0x91, 0xE3, 0x84, 0x8D, 0xE3, 0x84, 0x9E, 0x33, 0xE6, 0x94, 0xB9, 0xE3, 0x84, 0x8D,
    0xE3, 0x84, 0x9E, 0x34, 0xE6, 0xA6, 0x82, 0xE8, 0x93, 0x8B, 0xE4, 0xB8, 0x90, 0xE9, 0x88, 0xA3,
    0xE6, 0xBA, 0x89, 0xE6, 0x88, 0xA4, 0xE6, 0x91, 0xA1, 0xE7, 0x93, 0x82, 0xE3, 0x84, 0x8D, 0xE3,
    0x84, 0x9F, 0x33, 0xE7, 0xB5, 0xA6, 0xE3, 0x84, 0x8D, 0xE3, 0x84, 0xA0, 0x31, 0xE9, 0xAB, 0x98,
    0xE7, 0xB3, 0x95, 0xE8, 0x86, 0x8F, 0xE7, 0xAF, 0x99, 0xE7, 0xBE, 0x94, 0xE7, 0x9A, 0x8B, 0xE6,
    0xAB, 0x9C, 0xE7, 0x9D, 0xAA, 0xE9, 0xBC, 0x9B, 0xE6, 0xA7, 0x94, 0xE7, 0x9D, 0xBE, 0xE6, 0xBB,
    0x9C, 0xE9, 0x9F, 0x9F, 0xE3, 0x84, 0x8D, 0xE3, 0x84, 0xA0, 0x33, 0xE7, 0xA8, 0xBF, 0xE6, 0x94,
    0xAA, 0xE6, 0x90, 0x9E, 0xE6, 0xA7, 0x81, 0xE7, 0xB8, 0x9E, 0xE6, 0x9D, 0xB2, 0xE6, 0x9A, 0xA0,
    0xE6, 0xAA, 0xBA, 0xE7, 0xAD, 0xB6, 0xE9, 0x8E, 0xAC, 0xE3, 0x84, 0x8D, 0xE3, 0x84, 0xA0, 0x34,
    0xE5, 0x91, 0x8A, 0xE8, 0xAA, 0xA5, 0xE9, 0x83, 0x9C, 0xE9, 0x8B, 0xAF, 0xE7, 0xA5, 0xB0, 0xE7,
    0x85, 0xB0, 0xE3, 0x84, 0x8D, 0xE3, 0x84, 0xA1, 0x31, 0xE5, 0x8F, 0xA5, 0xE6, 0xBA, 0x9D, 0xE5,
    0x8B, 0xBE, 0xE9, 0x89, 0xA4, 0xE6, 0x9E, 0xB8, 0xE6, 0xB3, 0x83, 0xE7, 0xAF, 0x9D, 0xE7, 0xB7,
    0xB1, 0xE6, 0x9E, 0x84, 0xE8, 0x8A, 0xB6, 0xE8, 0x80, 0xA9, 0xE3, 0x84, 0x8D, 0xE3, 0x84, 0xA1,
    0x33, 0xE7, 0x8B, 0x97, 0xE8, 0x8C, 0x8D, 0xE5, 0xB2, 0xA3, 0xE6, 0x9E, 0xB8, 0xE8, 0x8B, 0x9F,
    0xE7, 0xAC, 0xB1, 0xE8, 0x80, 0x87, 0xE8, 0x8C, 0xA9, 0xE8, 0x9A, 0xBC, 0xE3, 0x84, 0x8D, 0xE3,
    0x84, 0xA1, 0x34, 0xE5, 0xA4, 0xA0, 0xE8, 0xB3, 0xBC, 0xE5, 0x9E, 0xA2, 0xE6, 0xA7, 0x8B, 0xE5,
    0xAA, 0xBE, 0xE5, 0xBD, 0x80, 0xE6, 0x90, 0x86, 0xE8, 0xA9, 0xAC, 0xE9, 0x81, 0x98, 0xE8, 0xA6,
    0xAF, 0xE5, 0x86, 0x93, 0xE5, 0xA7, 0xA4, 0xE9, 0x9B, 0x8A, 0xE5, 0x82, 0x8B, 0xE7, 0x9E, 0x89,
    0xE7, 0xB0, 0xBC, 0xE9, 0x9F, 0x9D, 0xE5, 0x94, 0xA6, 0xE3, 0x84, 0x8D, 0xE3, 0x84, 0xA2, 0x31,
    0xE4, 0xB9, 0xBE, 0xE7, 0x94, 0x98, 0xE5, 0xB9, 0xB2, 0xE7, 0xAB, 0xBF, 0xE8, 0x82, 0x9D, 0xE5,
    0xB0, 0xB7, 0xE6, 0x9F, 0x91, 0xE5, 0x9D, 0xA9, 0xE6, 0xB3, 0x94, 0xE5, 0x92, 0x81, 0xE7, 0x96,
    0xB3, 0xE7, 0x8E, 0x95, 0xE6, 0x9D, 0x86, 0xE7, 0x9F, 0xB8, 0xE8, 0x99, 0xB7, 0xE7, 0xAD, 0xB8,
    0xE8, 0x9C, 0xAC, 0xE9, 0xB3, 0xB1, 0xE5, 0xB5, 0x85, 0xE8, 0x8B, 0xB7, 0xE9, 0x85, 0x90, 0xE3,
    0x84, 0x8D, 0xE3, 0x84, 0xA2, 0x33, 0xE6, 0x95, 0xA2, 0xE6, 0x84, 0x9F, 0xE8, 0xB6, 0x95, 0xE6,
    0xA1, 0xBF, 0xE6, 0xA9, 0x84, 0xE7, 0xA8, 0x88, 0xE6, 0xBE, 0x89, 0xE7, 0x9A, 0xAF, 0xE7, 0x9B,
    0xB0, 0xE8, 0xB5, 0xB6, 0xE3, 0x84, 0x8D, 0xE3, 0x84, 0xA2, 0x34, 0xE5, 0xB9, 0xB9, 0xE8, 0xB4,
    0x9B, 0xE5, 0x87, 0x8E, 0xE6, 0xB7, 0xA6, 0xE7, 0xB4, 0xBA, 0xE6, 0x97, 0xB0, 0xE9, 0xAA, 0xAD,
    0xE8, 0xA9, 0x8C, 0xE6, 0xA6, 0xA6, 0xE7, 0x81, 0xA8, 0xE6, 0xB6, 0xBB, 0xE7, 0xB0, 0xB3, 0xE5,
    0xB5, 0x85, 0xE3, 0x84, 0x8D, 0xE3, 0x84, 0xA3, 0x31, 0xE8, 0xB7, 0x9F, 0xE6, 0xA0, 0xB9, 0xE3,
    0x84, 0x8D, 0xE3, 0x84, 0xA3, 0x32, 0xE5, 0x93, 0x8F, 0xE3, 0x84, 0x8D, 0xE3, 0x84, 0xA3, 0x33,
    0xE8, 0x89, 0xAE, 0xE3, 0x84, 0x8D, 0xE3, 0x84, 0xA3, 0x34, 0xE4, 0xBA, 0x99, 0xE8, 0x89, 0xAE,
    0xE8, 0x8C, 0x9B, 0xE3, 0x84, 0x8D, 0xE3, 0x84, 0xA4, 0x31, 0xE5, 0x89, 0x9B, 0xE9, 0x8B, 0xBC,
    0xE7, 0xBC, 0xB8, 0xE5, 0xB4, 0x97, 0xE7, 0xB6, 0xB1, 0xE5, 0xB2, 0xA1, 0xE8, 0x82, 0x9B, 0xE6,
    0x89, 0x9B, 0xE6, 0x9D, 0xA0, 0xE7, 0xBD, 0xA1, 0xE7, 0x96, 0x98, 0xE8, 0x88, 0xA1, 0xE9, 0x87,
    0xAD, 0xE5, 0xA0, 0xBD, 0xE7, 0xA2, 0x99, 0xE6, 0xA3, 0xA1, 0xE7, 0xAC, 0x90, 0xE5, 0xA0, 0x88,
    0xE7, 0x8A, 0x85, 0xE3, 0x84, 0x8D, 0xE3, 0x84, 0xA4, 0x33, 0xE6, 0xB8, 0xAF, 0xE5, 0xB4, 0x97,
    0xE3, 0x84, 0x8D, 0xE3, 0x84, 0xA4, 0x34, 0xE6, 0xA7, 0x93, 0xE3, 0x84, 0x8D, 0xE3, 0x84, 0xA5,
    0x31, 0xE6, 0x9B, 0xB4, 0xE8, 0x80, 0x95, 0xE5, 0xBA, 0x9A, 0xE7, 0xB2, 0xB3, 0xE7, 0xBE, 0xB9,
    0xE8, 0xB3, 0xA1, 0xE6, 0xB5, 0xAD, 0xE7, 0xB7, 0xAA, 0xE9, 0xB6, 0x8A, 0xE8, 0x8F, 0xAE, 0xE6,
    0x8F, 0xAF, 0xE7, 0x84, 0xBF, 0xE7, 0x95, 0x8A, 0xE3, 0x84, 0x8D, 0xE3, 0x84, 0xA5, 0x33, 0xE6,
    0xA2, 0x97, 0xE8, 0x80, 0xBF, 0xE5, 0x93, 0xBD, 0xE7, 0xB6, 0x86, 0xE9, 0xAF, 0x81, 0xE5, 0x9F,
    0x82, 0xE9, 0xAA, 0xBE, 0xE9, 0x83, 0xA0, 0xE6, 0x8C, 0xAD, 0xE3, 0x84, 0x8D, 0xE3, 0x84, 0xA5,
    0x34, 0xE6, 0x9B, 0xB4, 0xE4, 0xBA, 0x99, 0xE5, 0xA0, 0xA9, 0xE3, 0x84, 0x8D, 0xE3, 0x84, 0xA8,
    0x31, 0xE5, 0xA7, 0x91, 0xE5, 0xAD, 0xA4, 0xE8, 0xBE, 0x9C, 0xE5, 0x92, 0x95, 0xE6, 0xB2, 0xBD,
    0xE4, 0xBC, 0xB0, 0xE8, 0x8F, 0x87, 0xE8, 0x8F, 0xB0, 0xE5, 0x91, 0xB1, 0xE8, 0x9B, 0x84, 0xE7,
    0x97, 0xBC, 0xE7, 0xAE, 0x8D, 0xE9, 0xB4, 0xA3, 0xE8, 0xA7, 0x9A, 0xE9, 0x85, 0xA4, 0xE6, 0xB3,
    0x92, 0xE7, 0xBD, 0x9B, 0xE7, 0xAE, 0x9B, 0xE9, 0x88, 0xB7, 0xE9, 0xAE, 0x95, 0xE5, 0xA4, 0x83,
    0xE6, 0x9F, 0xA7, 0xE9, 0x88, 0xB2, 0xE8, 0xBB, 0xB1, 0xE5, 0xAE, 0xB6, 0xE5, 0xAB, 0xB4, 0xE6,
    0xA9, 0xAD, 0xE3, 0x84, 0x8D, 0xE3, 0x84, 0xA8, 0x32, 0xE9, 0xAA, 0xA8, 0xE9, 0xB6, 0xBB, 0xE3,
    0x84, 0x8D, 0xE3, 0x84, 0xA8, 0x33, 0xE8, 0x82, 0xA1, 0xE5, 0x8F, 0xA4, 0xE9, 0xBC, 0x93, 0xE9,
    0xAA, 0xA8, 0xE8, 0xB0, 0xB7, 0xE7, 0xA9, 0x80, 0xE8, 0xB3, 0x88, 0xE5, 0x87, 0xB8, 0xE8, 0xA0,
    0xB1, 0xE6, 0xB1, 0xA9, 0xE7, 0x89, 0xAF, 0xE6, 0xBB, 0x91, 0xE7, 0xBD, 0x9F, 0xE5, 0x98, 0x8F,
    0xE8, 0xA9, 0x81, 0xE8, 0xBD, 0x82, 0xE9, 0xB5, 0xA0, 0xE7, 0x9E, 0xBD, 0xE8, 0x87, 0x8C, 0xE7,
    0x9B, 0xAC, 0xE7, 0xBE, 0x96, 0xE8, 0x9B, 0x8C, 0xE6, 0x89, 0xA2, 0xE9, 0x88, 0xB7, 0xE6, 0x9D,
    0x9A, 0xE6, 0xB7, 0x88, 0xE7, 0x8B, 0x9C, 0xE5, 0x94, 0x83, 0xE5, 0xB0, 0xB3, 0xE6, 0xA6, 0x96,
    0xE8, 0x93, 0x87, 0xE6, 0xBF, 0xB2, 0xE7, 0x80, 0x94, 0xE6, 0x84, 0xB2, 0xE7, 0xB8, 0x8E, 0xE8,
    0x96, 0xA3, 0xE3, 0x84, 0x8D, 0xE3, 0x84, 0xA8, 0x34, 0xE6, 0x95, 0x85, 0xE5, 0x9B, 0xBA, 0xE9,
    0xA1, 0xA7, 0xE9, 0x9B, 0x87, 0xE5, 0x83, 0xB1, 0xE9, 0x8C, 0xAE, 0xE5, 0x91, 0x8A, 0xE4, 0xBC,
    0xB0, 0xE7, 0x97, 0xBC, 0xE6, 0xA2, 0x8F, 0xE6, 0xA6, 0xBE, 0xE7, 0x89, 0xBF, 0xE5, 0xA0, 0x8C,
    0xE5, 0xB4, 0xAE, 0xE5, 0x87, 0x85, 0xE6, 0xA3, 0x9D, 0xE7, 0xA8, 0x92, 0xE3, 0x84, 0x8D, 0xE3,
    0x84, 0xA8, 0x35, 0xE5, 0xA7, 0x91, 0xE9, 0xBC, 0x93, 0xE3, 0x84, 0x8D, 0xE3, 0x84, 0xA8, 0xE3,
    0x84, 0x9A, 0x31, 0xE7, 0x93, 0x9C, 0xE6, 0x8B, 0xAC, 0xE5, 0x88, 0xAE, 0xE8, 0x9D, 0xB8, 0xE9,
    0xA2, 0xB3, 0xE5, 0x91, 0xB1, 0xE8, 0x81, 0x92, 0xE9, 0xB4, 0xB0, 0xE6, 0xA0, 0x9D, 0xE9, 0x80,
    0x82, 0xE9, 0xA8, 0xA7, 0xE8, 0x83, 0x8D, 0xE8, 0x85, 0xA1, 0xE7, 0xAD, 0x88, 0xE8, 0x91, 0x80,
    0xE5, 0x8A, 0x80, 0xE7, 0x98, 0x91, 0xE7, 0xB7, 0xBA, 0xE6, 0x87, 0x96, 0xE8, 0xB6, 0x8F, 0xE8,
    0x86, 0xBC, 0xE3, 0x84, 0x8D, 0xE3, 0x84, 0xA8, 0xE3, 0x84, 0x9A, 0x33, 0xE5, 0xAF, 0xA1, 0xE5,
    0x89, 0xAE, 0xE3, 0x84, 0x8D, 0xE3, 0x84, 0xA8, 0xE3, 0x84, 0x9A, 0x34, 0xE6, 0x8E, 0x9B, 0xE5,
    0x8D, 0xA6, 0xE8, 0xA4, 0x82, 0xE7, 0xBD, 0xAB, 0xE7, 0xBD, 0xA3, 0xE7, 0xB5, 0x93, 0xE8, 0xA9,
    0xBF, 0xE6, 0x8C, 0x82, 0xE9, 0xAB, 0xBA, 0xE3, 0x84, 0x8D, 0xE3, 0x84, 0xA8, 0xE3, 0x84, 0x9B,
    0x31, 0xE9, 0x83, 0xAD, 0xE9, 0x8D, 0x8B, 0xE8, 0x9F, 0x88, 0xE5, 0xA0, 0x9D, 0xE5, 0x98, 0x93,
    0xE5, 0xB4, 0x9E, 0xE5, 0x9F, 0xBB, 0xE5, 0xA2, 0x8E, 0xE6, 0xBF, 0x84, 0xE3, 0x84, 0x8D, 0xE3,
    0x84, 0xA8, 0xE3, 0x84, 0x9B, 0x32, 0xE5, 0x9C, 0x8B, 0xE5, 0xB9, 0x97, 0xE8, 0x99, 0xA2, 0xE9,
    0xA6, 0x98, 0xE6, 0x91, 0x91, 0xE8, 0x81, 0x9D, 0xE8, 0x86, 0x95, 0xE6, 0xBC, 0x8D, 0xE6, 0x85,
    0x96, 0xE7, 0xB0, 0x82, 0xE3, 0x84, 0x8D, 0xE3, 0x84, 0xA8, 0xE3, 0x84, 0x9B, 0x33, 0xE6, 0x9E,
    0x9C, 0xE8, 0xA3, 0xB9, 0xE6, 0xA7, 0xA8, 0xE8, 0x9C, 0xBE, 0xE8, 0xBC, 0xA0, 0xE7, 0xB2, 0xBF,
    0xE7, 0x8C, 0x93, 0xE6, 0xB7, 0x89, 0xE6, 0x83, 0x88, 0xE9, 0x90, 0xB9, 0xE9, 0x8C, 0x81, 0xE3,
    0x84, 0x8D, 0xE3, 0x84, 0xA8, 0xE3, 0x84, 0x9B, 0x34, 0xE9, 0x81, 0x8E, 0xE3, 0x84, 0x8D, 0xE3,
    0x84, 0xA8, 0xE3, 0x84, 0x9E, 0x31, 0xE4, 0xB9, 0x96, 0xE3, 0x84, 0x8D, 0xE3, 0x84, 0xA8, 0xE3,
    0x84, 0x9E, 0x33, 0xE6, 0x8B, 0x90, 0xE6, 0x9F, 0xBA, 0xE6, 0x9E, 0xB4, 0xE3, 0x84, 0x8D, 0xE3,
    0x84, 0xA8, 0xE3, 0x84, 0x9E, 0x34, 0xE6, 0x80, 0xAA, 0xE6, 0x97, 0x9D, 0xE5, 0xA4, 0xAC, 0xE5,
    0xBB, 0xA5, 0xE7, 0x99, 0x90, 0xE3, 0x84, 0x8D, 0xE3, 0x84, 0xA8, 0xE3, 0x84, 0x9F, 0x31, 0xE6,
    0xAD, 0xB8, 0xE8, 0xA6, 0x8F, 0xE9, 0xBE, 0x9C, 0xE7, 0x91, 0xB0, 0xE9, 0x96, 0xA8, 0xE5, 0x9C,
    0xAD, 0xE7, 0x8F, 0xAA, 0xE7, 0x9A, 0x88, 0xE5, 0x82, 0x80, 0xE5, 0xAA, 0xAF, 0xE6, 0xA7, 0xBB,
    0xE9, 0xAE, 0xAD, 0xE6, 0xA7, 0xBC, 0xE9, 0x82, 0xBD, 0xE7, 0xAA, 0x90, 0xE6, 0xBA, 0x88, 0xE5,
    0xAB, 0xA2, 0xE6, 0x91, 0xAB, 0xE7, 0xA1, 0x85, 0xE3, 0x84, 0x8D, 0xE3, 0x84, 0xA8, 0xE3, 0x84,
    0x9F, 0x33, 0xE9, 0xAC, 0xBC, 0xE8, 0xBB, 0x8C, 0xE8, 0xA9, 0xAD, 0xE7, 0x99, 0xB8, 0xE5, 0x8C,
    0xAD, 0xE6, 0x99, 0xB7, 0xE5, 0xAE, 0x84, 0xE7, 0xB0, 0x8B, 0xE4, 0xBD, 0xB9, 0xE5, 0x9E, 0x9D,
    0xE6, 0xB0, 0xBF, 0xE5, 0xA7, 0xBD, 0xE8, 0x9F, 0xA1, 0xE5, 0xBA, 0xAA, 0xE7, 0xA5, 0xAA, 0xE8,
    0x9B, 0xAB, 0xE8, 0xA7, 0xA4, 0xE5, 0x8E, 0xAC, 0xE3, 0x84, 0x8D, 0xE3, 0x84, 0xA8, 0xE3, 0x84,
    0x9F, 0x34, 0xE8, 0xB2, 0xB4, 0xE6, 0xA1, 0x82, 0xE6, 0xAB, 0x83, 0xE8, 0xB7, 0xAA, 0xE5, 0x8A,
    0x8C, 0xE6, 0xBA, 0x8E, 0xE9, 0xB1, 0x96, 0xE6, 0x98, 0x8B, 0xE7, 0x82, 0x94, 0xE7, 0xAD, 0x80,
    0xE6, 0x9F, 0x9C, 0xE5, 0xB6, 0xA1, 0xE8, 0xA5, 0x98, 0xE6, 0x9A, 0xA9, 0xE3, 0x84, 0x8D, 0xE3,
    0x84, 0xA8, 0xE3, 0x84, 0xA2, 0x31, 0xE5, 0xAE, 0x98, 0xE9, 0x97, 0x9C, 0xE8, 0xA7, 0x80, 0xE5,
    0x86, 0xA0, 0xE6, 0xA3, 0xBA, 0xE7, 0x9F, 0x9C, 0xE9, 0xB0, 0xA5, 0xE7, 0xB6, 0xB8, 0xE5, 0x80,
    0x8C, 0xE8, 0x8E, 0x9E, 0xE7, 0x98, 0x9D, 0xE6, 0xAF, 0x8C, 0xE9, 0xB1, 0x9E, 0xE3, 0x84, 0x8D,
    0xE3, 0x84, 0xA8, 0xE3, 0x84, 0xA2, 0x33, 0xE7, 0xAE, 0xA1, 0xE9, 0xA4, 0xA8, 0xE8, 0x8E, 0x9E,
    0xE7, 0x90, 0xAF, 0xE7, 0xAD, 0xA6, 0xE8, 0x84, 0x98, 0xE7, 0x97, 0xAF, 0xE9, 0x8C, 0xA7, 0xE3,
    0x84, 0x8D, 0xE3, 0x84, 0xA8, 0xE3, 0x84, 0xA2, 0x34, 0xE6, 0x85, 0xA3, 0xE8, 0xB2, 0xAB, 0xE7,
    0x81, 0x8C, 0xE7, 0xBD, 0x90, 0xE6, 0x91, 0x9C, 0xE7, 0x9B, 0xA5, 0xE9, 0xB8, 0x9B, 0xE5, 0x86,
    0xA0, 0xE8, 0xA7, 0x80, 0xE4, 0xB8, 0xB1, 0xE7, 0x88, 0x9F, 0xE7, 0x93, 0x98, 0xE7, 0xA5, 0xBC,
    0xE7, 0x9F, 0x94, 0xE9, 0x91, 0xB5, 0xE6, 0xB6, 0xAB, 0xE6, 0x82, 0xBA, 0xE6, 0x82, 0xB9, 0xE9,
    0x9B, 0x9A, 0xE9, 0xB1, 0xB9, 0xE3, 0x84, 0x8D, 0xE3, 0x84, 0xA8, 0xE3, 0x84, 0xA3, 0x33, 0xE6,
    0xBB, 0xBE, 0xE8, 0xA2, 0x9E, 0xE9, 0xAF, 0x80, 0xE7, 0xB7, 0x84, 0xE8, 0xBC, 0xA5, 0xE6, 0x8E,
    0x8D, 0xE8, 0x94, 0x89, 0xE3, 0x84, 0x8D, 0xE3, 0x84, 0xA8, 0xE3, 0x84, 0xA3, 0x34, 0xE6, 0xA3,
    0x8D, 0xE7, 0x92, 0xAD, 0xE3, 0x84, 0x8D, 0xE3, 0x84, 0xA8, 0xE3, 0x84, 0xA4, 0x31, 0xE5, 0x85,
    0x89, 0xE8, 0x83, 0xB1, 0xE6, 0xB4, 0xB8, 0xE6, 0xA1, 0x84, 0xE7, 0x8F, 0x96, 0xE7, 0x82, 0x9A,
    0xE8, 0x8C, 0xAA, 0xE9, 0x8A, 0xA7, 0xE5, 0x9E, 0x99, 0xE7, 0x83, 0xA1, 0xE3, 0x84, 0x8D, 0xE3,
    0x84, 0xA8, 0xE3, 0x84, 0xA4, 0x33, 0xE5, 0xBB, 0xA3, 0xE7, 0x8D, 0xB7, 0xE3, 0x84, 0x8D, 0xE3,
    0x84, 0xA8, 0xE3, 0x84, 0xA4, 0x34, 0xE9, 0x80, 0x9B, 0xE6, 0xA1, 0x84, 0xE8, 0x87, 0xA9, 0xE8,
    0x87, 0xA6, 0xE7, 0x9F, 0x8C, 0xE3, 0x84, 0x8D, 0xE3, 0x84, 0xA8, 0xE3, 0x84, 0xA5, 0x31, 0xE5,
    0xB7, 0xA5, 0xE5, 0x85, 0xAC, 0xE5, 0x8A, 0x9F, 0xE4, 0xBE, 0x9B, 0xE6, 0x94, 0xBB, 0xE5, 0xAE,
    0xAE, 0xE6, 0x81, 0xAD, 0xE8, 0xBA, 0xAC, 0xE5, 0xBC, 0x93, 0xE8, 0x9A, 0xA3, 0xE7, 0xB4, 0x85,
    0xE9, 0xBE, 0x94, 0xE8, 0x82, 0xB1, 0xE8, 0xA7, 0xA5, 0xE7, 0x96, 0x98, 0xE9, 0x87, 0xAD, 0xE7,
    0xAF, 0xA2, 0xE5, 0xA1, 0xA8, 0xE6, 0x84, 0xA9, 0xE5, 0x8C, 0x91, 0xE5, 0x85, 0xB1, 0xE5, 0xB9,
    0x8A, 0xE3, 0x84, 0x8D, 0xE3, 0x84, 0xA8, 0xE3, 0x84, 0xA5, 0x33, 0xE9, 0x9E, 0x8F, 0xE6, 0x8B,
    0xB1, 0xE6, 0xB1, 0x9E, 0xE5, 0x85, 0xB1, 0xE7, 0x8F, 0x99, 0xE7, 0xA4, 0xA6, 0xE6, 0xA0, 0xB1,
    0xE5, 0xBB, 0xBE, 0xE6, 0x8B, 0xB2, 0xE8, 0x9B, 0xAC, 0xE7, 0xA9, 0xAC, 0xE3, 0x84, 0x8D, 0xE3,
    0x84, 0xA8, 0xE3, 0x84, 0xA5, 0x34, 0xE5, 0x85, 0xB1, 0xE4, 0xBE, 0x9B, 0xE8, 0xB2, 0xA2, 0xE7,
    0xBE, 0xBE, 0xE6, 0x91, 0x83, 0xE3, 0x84, 0x8E, 0x31, 0xE3, 0x84, 0x8E, 0xE3, 0x84, 0x8E, 0xE3,
    0x84, 0x9A, 0x31, 0xE5, 0x92, 0x96, 0xE5, 0x96, 0x80, 0xE5, 0x93, 0x88, 0xE9, 0x89, 0xB2, 0xE5,
    0x92, 0x94, 0xE3, 0x84, 0x8E, 0xE3, 0x84, 0x9A, 0x33, 0xE5, 0x8D, 0xA1, 0xE5, 0x92, 0xB3, 0xE4,
    0xBD, 0xA7, 0xE5, 0x92, 0x94, 0xE3, 0x84, 0x8E, 0xE3, 0x84, 0x9A, 0x34, 0xE5, 0x96, 0x80, 0xE9,
    0xAB, 0x82, 0xE3, 0x84, 0x8E, 0xE3, 0x84, 0x9C, 0x31, 0xE7, 0xA7, 0x91, 0xE6, 0x9F, 0xAF, 0xE5,
    0x88, 0xBB, 0xE6, 0xA3, 0xB5, 0xE9, 0xA1, 0x86, 0xE8, 0x8B, 0x9B, 0xE7, 0x9E, 0x8C, 0xE7, 0xA3,
    0x95, 0xE8, 0x9A, 0xB5, 0xE8, 0x9D, 0x8C, 0xE8, 0xBB, 0xBB, 0xE7, 0xA8, 0x9E, 0xE7, 0xAA, 0xA0,
    0xE7, 0x8F, 0x82, 0xE7, 0xA0, 0xA2, 0xE7, 0xB0, 0xBB, 0xE8, 0x96, 0x96, 0xE5, 0xB3, 0x87, 0xE9,
    0x88, 0xB3, 0xE6, 0xA8, 0x96, 0xE7, 0x8A, 0x90, 0xE5, 0xB5, 0x99, 0xE3, 0x84, 0x8E, 0xE3, 0x84,
    0x9C, 0x32, 0xE5, 0x92, 0xB3, 0xE6, 0xAE, 0xBC, 0xE3, 0x84, 0x8E, 0xE3, 0x84, 0x9C, 0x33, 0xE5,
    0x8F, 0xAF, 0xE6, 0xB8, 0xB4, 0xE5, 0x93, 0xBF, 0xE5, 0x9D, 0xB7, 0xE5, 0xB2, 0xA2, 0xE5, 0xA0,
    0x81, 0xE6, 0x95, 0xA4, 0xE5, 0xB6, 0xB1, 0xE9, 0x96, 0x9C, 0xE3, 0x84, 0x8E, 0xE3, 0x84, 0x9C,
    0x34, 0xE5, 0xAE, 0xA2, 0xE8, 0xAA, 0xB2, 0xE5, 0x88, 0xBB, 0xE5, 0x85, 0x8B, 0xE5, 0x89, 0x8B,
    0xE5, 0x96, 0x80, 0xE6, 0xBA, 0x98, 0xE6, 0x81, 0xAA, 0xE5, 0x97, 0x91, 0xE5, 0x8F, 0xAF, 0xE6,
    0xA6, 0xBC, 0xE7, 0xB7, 0x99, 0xE9, 0xAB, 0x81, 0xE6, 0xB0, 0xAA, 0xE9, 0xA8, 0x8D, 0xE6, 0x90,
    0x95, 0xE5, 0x8E, 0x92, 0xE5, 0x8B, 0x80, 0xE3, 0x84, 0x8E, 0xE3, 0x84, 0x9E, 0x31, 0xE9, 0x96,
    0x8B, 0xE6, 0x8F, 0xA9, 0xE7, 0x97, 0x8E, 0xE4, 0xBE, 0x85, 0xE3, 0x84, 0x8E, 0xE3, 0x84, 0x9E,
    0x33, 0xE5, 0x87, 0xB1, 0xE6, 0x85, 0xA8, 0xE6, 0xA5, 0xB7, 0xE6, 0x84, 0xB7, 0xE5, 0x89, 0xB4,
    0xE8, 0xB1, 0x88, 0xE9, 0x8E, 0xA7, 0xE5, 0xA1, 0x8F, 0xE9, 0x97, 0x93, 0xE9, 0x8D, 0x87, 0xE9,
    0xA2, 0xBD, 0xE6, 0x9A, 0x9F, 0xE8, 0xBC, 0x86, 0xE3, 0x84, 0x8E, 0xE3, 0x84, 0x9E, 0x34, 0xE6,
    0x85, 0xA8, 0xE6, 0x84, 0xBE, 0xE6, 0x84, 0x92, 0xE5, 0x92, 0xB3, 0xE6, 0xAC, 0xAC, 0xE7, 0x83,
    0x97, 0xE5, 0x8B, 0x93, 0xE5, 0xA3, 0x92, 0xE3, 0x84, 0x8E, 0xE3, 0x84, 0xA0, 0x31, 0xE5, 0xB0,
    0xBB, 0xE3, 0x84, 0x8E, 0xE3, 0x84, 0xA0, 0x33, 0xE8, 0x80, 0x83, 0xE7, 0x83, 0xA4, 0xE6, 0x8B,
    0xB7, 0xE6, 0xA0, 0xB2, 0xE6, 0x94, 0xB7, 0xE8, 0x96, 0xA7, 0xE6, 0xB4, 0x98, 0xE3, 0x84, 0x8E,
    0xE3, 0x84, 0xA0, 0x34, 0xE9, 0x9D, 0xA0, 0xE9, 0x8A, 0xAC, 0xE7, 0x8A, 0x92, 0xE3, 0x84, 0x8E,
    0xE3, 0x84, 0xA1, 0x31, 0xE6, 0x91, 0xB3, 0xE5, 0xBD, 0x84, 0xE8, 0x8A, 0xA4, 0xE8, 0xA2, 0xA7,
    0xE9, 0x8F, 0x82, 0xE3, 0x84, 0x8E, 0xE3, 0x84, 0xA1, 0x33, 0xE5, 0x8F, 0xA3, 0xE3, 0x84, 0x8E,
    0xE3, 0x84, 0xA1, 0x34, 0xE6, 0x89, 0xA3, 0xE5, 0xAF, 0x87, 0xE5, 0x8F, 0xA9, 0xE8, 0x94, 0xBB,
    0xE9, 0x87, 0xA6, 0xE9, 0xB7, 0x87, 0xE7, 0xAD, 0x98, 0xE4, 0xBD, 0x9D, 0xE6, 0x80, 0x90, 0xE6,
    0xBB, 0xB1, 0xE7, 0x9E, 0x89, 0xE7, 0xB0, 0x86, 0xE3, 0x84, 0x8E, 0xE3, 0x84, 0xA2, 0x31, 0xE5,
    0x88, 0x8A, 0xE5, 0xA0, 0xAA, 0xE5, 0x8B, 0x98, 0xE6, 0x88, 0xA1, 0xE7, 0x9C, 0x8B, 0xE9, 0xBE,
    0x95, 0xE5, 0xB5, 0x81, 0xE3, 0x84, 0x8E, 0xE3, 0x84, 0xA2, 0x33, 0xE7, 0xA0, 0x8D, 0xE4, 0xBE,
    0x83, 0xE5, 0x9D, 0x8E, 0xE5, 0xB4, 0x81, 0xE8, 0x8E, 0xB0, 0xE6, 0xAA, 0xBB, 0xE6, 0xAC, 0xBF,
    0xE8, 0xBD, 0x97, 0xE6, 0xAD, 0x81, 0xE6, 0xAD, 0x9E, 0xE5, 0x9F, 0xB3, 0xE5, 0x87, 0xB5, 0xE9,
    0xA1, 0x91, 0xE5, 0xB5, 0x8C, 0xE3, 0x84, 0x8E, 0xE3, 0x84, 0xA2, 0x34, 0xE7, 0x9C, 0x8B, 0xE7,
    0x9E, 0xB0, 0xE5, 0x8B, 0x98, 0xE9, 0x97, 0x9E, 0xE7, 0x9F, 0x99, 0xE7, 0xA3, 0xA1, 0xE8, 0xA1,
    0x8E, 0xE5, 0xA2, 0x88, 0xE9, 0xAC, 0xAB, 0xE7, 0xAB, 0xB7, 0xE3, 0x84, 0x8E, 0xE3, 0x84, 0xA3,
    0x33, 0xE8, 0x82, 0xAF, 0xE5, 0x95, 0x83, 0xE5, 0xA2, 0xBE, 0xE6, 0x87, 0x87, 0xE9, 0xBD, 0xA6,
    0xE9, 0xBD, 0x97, 0xE8, 0xB1, 0xA4, 0xE9, 0x8C, 0xB9, 0xE3, 0x84, 0x8E, 0xE3, 0x84, 0xA3, 0x34,
    0xE6, 0x8E, 0xAF, 0xE7, 0xA1, 0x8D, 0xE8, 0xA3, 0x89, 0xE3, 0x84, 0x8E, 0xE3, 0x84, 0xA4, 0x31,
    0xE5, 0xBA, 0xB7, 0xE6, 0x85, 0xB7, 0xE7, 0xB3, 0xA0, 0xE9, 0x8F, 0xAE, 0xE6, 0xBC, 0xAE, 0xE5,
    0xAB, 0x9D, 0xE9, 0xB1, 0x87, 0xE3, 0x84, 0x8E, 0xE3, 0x84, 0xA4, 0x32, 0xE6, 0x89, 0x9B, 0xE3,
    0x84, 0x8E, 0xE3, 0x84, 0xA4, 0x33, 0xE6, 0x85, 0xB7, 0xE3, 0x84, 0x8E, 0xE3, 0x84, 0xA4, 0x34,
    0xE4, 0xBA, 0xA2, 0xE6, 0x8A, 0x97, 0xE7, 0x82, 0x95, 0xE4, 0xBC, 0x89, 0xE5, 0x8C, 0x9F, 0xE5,
    0x9B, 0xA5, 0xE7, 0x8A, 0xBA, 0xE9, 0x96, 0x8C, 0xE9, 0x82, 0x9F, 0xE9, 0x88, 0xA7, 0xE3, 0x84,
    0x8E, 0xE3, 0x84, 0xA5, 0x31, 0xE5, 0x9D, 0x91, 0xE7, 0xA1, 0x9C, 0xE9, 0x8F, 0x97, 0xE7, 0x89,
    0xBC, 0xE5, 0x90, 0xAD, 0xE9, 0x98, 0xAC, 0xE7, 0xA1, 0xBB, 0xE9, 0x8A, 0xB5, 0xE5, 0xA8, 0x99,
    0xE6, 0x8C, 0xB3, 0xE9, 0x8D, 0x9E, 0xE7, 0xBE, 0xA5, 0xE3, 0x84, 0x8E, 0xE3, 0x84, 0xA5, 0x33,
    0xE6, 0x8C, 0xB3, 0xE3, 0x84, 0x8E, 0xE3, 0x84, 0xA8, 0x31, 0xE5, 0x93, 0xAD, 0xE6, 0x9E, 0xAF,
    0xE7, 0xAA, 0x9F, 0xE9, 0xAA, 0xB7, 0xE8, 0xB7, 0x8D, 0xE6, 0x8C, 0x8E, 0xE6, 0xA1, 0x8D, 0xE5,
    0x88, 0xB3, 0xE9, 0xA1, 0x9D, 0xE8, 0x83, 0x90, 0xE6, 0xA9, 0xAD, 0xE3, 0x84, 0x8E, 0xE3, 0x84,
    0xA8, 0x33, 0xE8, 0x8B, 0xA6, 0xE6, 0xA5, 0x9B, 0xE3, 0x84, 0x8E, 0xE3, 0x84, 0xA8, 0x34, 0xE5,
    0xBA, 0xAB, 0xE8, 0xA4, 0xB2, 0xE9, 0x85, 0xB7, 0xE5, 0x9A, 0xB3, 0xE7, 0x9F, 0xBB, 0xE7, 0x98,
    0x94, 0xE8, 0xB6, 0xB6, 0xE7, 0xB5, 0x9D, 0xE3, 0x84, 0x8E, 0xE3, 0x84, 0xA8, 0xE3, 0x84, 0x9A,
    0x31, 0xE8, 0xAA, 0x87, 0xE5, 0xA4, 0xB8, 0xE5, 0xA7, 0xB1, 0xE8, 0x8D, 0x82, 0xE6, 0x99, 0x87,
    0xE4, 0xBE, 0x89, 0xE8, 0x88, 0xBF, 0xE3, 0x84, 0x8E, 0xE3, 0x84, 0xA8, 0xE3, 0x84, 0x9A, 0x33,
    0xE5, 0x9E, 0xAE, 0xE4, 0xBE, 0x89, 0xE9, 0x8A, 0x99, 0xE3, 0x84, 0x8E, 0xE3, 0x84, 0xA8, 0xE3,
    0x84, 0x9A, 0x34, 0xE8, 0xB7, 0xA8, 0xE8, 0x83, 0xAF, 0xE9, 0xAA, 0xBB, 0xE3, 0x84, 0x8E, 0xE3,
    0x84, 0xA8, 0xE3, 0x84, 0x9B, 0x33, 0xE6, 0x93, 0x83, 0xE3, 0x84, 0x8E, 0xE3, 0x84, 0xA8, 0xE3,
    0x84, 0x9B, 0x34, 0xE6, 0x8B, 0xAC, 0xE6, 0x93, 0xB4, 0xE9, 0x97, 0x8A, 0xE5, 0xBB, 0x93, 0xE9,
    0x9E, 0xB9, 0xE6, 0xBC, 0xB7, 0xE8, 0x9B, 0x9E, 0xE5, 0xA7, 0xA1, 0xE9, 0x9C, 0xA9, 0xE7, 0xB1,
    0x97, 0xE5, 0xBD, 0x89, 0xE3, 0x84, 0x8E, 0xE3, 0x84, 0xA8, 0xE3, 0x84, 0x9E, 0x31, 0xE5, 0x92,
    0xBC, 0xE5, 0x96, 0x8E, 0xE3, 0x84, 0x8E, 0xE3, 0x84, 0xA8, 0xE3, 0x84, 0x9E, 0x33, 0xE8, 0x92,
    0xAF, 0xE3, 0x84, 0x8E, 0xE3, 0x84, 0xA8, 0xE3, 0x84, 0x9E, 0x34, 0xE5, 0xBF, 0xAB, 0xE5, 0xA1,
    0x8A, 0xE6, 0x9C, 0x83, 0xE7, 0xAD, 0xB7, 0xE6, 0xAA, 0x9C, 0xE5, 0x8A, 0x8A, 0xE9, 0x84, 0xB6,
    0xE6, 0xBE, 0xAE, 0xE8, 0x86, 0xBE, 0xE5, 0x99, 0xB2, 0xE7, 0x8D, 0xAA, 0xE5, 0x84, 0x88, 0xE9,
    0xB1, 0xA0, 0xE9, 0xA7, 0x83, 0xE9, 0xAC, 0xA0, 0xE6, 0xAC, 0xB3, 0xE3, 0x84, 0x8E, 0xE3, 0x84,
    0xA8, 0xE3, 0x84, 0x9F, 0x31, 0xE8, 0x99, 0xA7, 0xE7, 0xAA, 0xBA, 0xE7, 0x9B, 0x94, 0xE9, 0x97,
    0x9A, 0xE5, 0x88, 0xB2, 0xE6, 0x82, 0x9D, 0xE9, 0x9E, 0xB9, 0xE9, 0x8D, 0xB7, 0xE8, 0x8C, 0xA5,
    0xE8, 0x97, 0x88, 0xE5, 0x99, 0x85, 0xE5, 0xB7, 0x8B, 0xE8, 0x98, 0xAC, 0xE3, 0x84, 0x8E, 0xE3,
    0x84, 0xA8, 0xE3, 0x84, 0x9F, 0x32, 0xE9, 0xAD, 0x81, 0xE7, 0x9D, 0xBD, 0xE5, 0xA5, 0x8E, 0xE6,
    0x8F, 0x86, 0xE8, 0x91, 0xB5, 0xE9, 0x80, 0xB5, 0xE6, 0x88, 0xA3, 0xE5, 0xA4, 0x94, 0xE9, 0xA8,
    0xA4, 0xE6, 0x9A, 0x8C, 0xE9, 0x84, 0x88, 0xE9, 0xA0, 0xAF, 0xE8, 0x81, 0xA7, 0xE6, 0xA5, 0x8F,
    0xE6, 0xAB, 0x86, 0xE6, 0xB9, 0x80, 0xE9, 0xA6, 0x97, 0xE6, 0xA5, 0x91, 0xE7, 0x8A, 0xAA, 0xE8,
    0xBA, 0xA8, 0xE3, 0x84, 0x8E, 0xE3, 0x84, 0xA8, 0xE3, 0x84, 0x9F, 0x33, 0xE5, 0x82, 0x80, 0xE8,
    0xB7, 0xAC, 0xE9, 0xA0, 0x8D, 0xE7, 0x85, 0x83, 0xE8, 0xB9, 0x9E, 0xE5, 0xB3, 0x9E, 0xE3, 0x84,
    0x8E, 0xE3, 0x84, 0xA8, 0xE3, 0x84, 0x9F, 0x34, 0xE6, 0x84, 0xA7, 0xE6, 0xBD, 0xB0, 0xE5, 0x8C,
    0xB1, 0xE9, 0xA5, 0x8B, 0xE9, 0xA4, 0xBD, 0xE5, 0x96, 0x9F, 0xE7, 0xB0, 0xA3, 0xE5, 0xAA, 0xBF,
    0xE8, 0x81, 0xB5, 0xE6, 0x86, 0x92, 0xE7, 0xB0, 0x80, 0xE8, 0x95, 0xA2, 0xE7, 0x9E, 0xB6, 0xE6,
    0xA7, 0xB6, 0xE6, 0xA8, 0xBB, 0xE9, 0x90, 0x80, 0xE5, 0x98, 0xB3, 0xE6, 0x92, 0x8C, 0xE9, 0xA8,
    0xA9, 0xE7, 0xA1, 0x8A, 0xE8, 0x94, 0xAE, 0xE3, 0x84, 0x8E, 0xE3, 0x84, 0xA8, 0xE3, 0x84, 0xA2,
    0x31, 0xE5, 0xAF, 0xAC, 0xE9, 0xAB, 0x96, 0xE8, 0x87, 0x97, 0xE3, 0x84, 0x8E, 0xE3, 0x84, 0xA8,
    0xE3, 0x84, 0xA2, 0x33, 0xE6, 0xAC, 0xBE, 0xE7, 0xAA, 0xBE, 0xE6, 0xA2, 0xA1, 0xE3, 0x84, 0x8E,
    0xE3, 0x84, 0xA8, 0xE3, 0x84, 0xA3, 0x31, 0xE6, 0x98, 0x86, 0xE5, 0xB4, 0x91, 0xE5, 0x9D, 0xA4,
    0xE7, 0x90, 0xA8, 0xE9, 0x8C, 0x95, 0xE7, 0x84, 0x9C, 0xE8, 0xA4, 0x8C, 0xE6, 0x99, 0x9C, 0xE9,
    0xAF, 0xA4, 0xE8, 0x8F, 0x8E, 0xE9, 0xA8, 0x89, 0xE9, 0xAB, 0xA1, 0xE6, 0x83, 0x83, 0xE7, 0x8C,
    0x91, 0xE5, 0xA0, 0x83, 0xE3, 0x84, 0x8E, 0xE3, 0x84, 0xA8, 0xE3, 0x84, 0xA3, 0x33, 0xE6, 0x8D,
    0x86, 0xE7, 0xB6, 0x91, 0xE6, 0x82, 0x83, 0xE6, 0xA2, 0xB1, 0xE9, 0x96, 0xAB, 0xE5, 0xA3, 0xBC,
    0xE7, 0xA8, 0x9B, 0xE7, 0xA1, 0xB1, 0xE8, 0xA3, 0x8D, 0xE9, 0xBD, 0xAB, 0xE3, 0x84, 0x8E, 0xE3,
    0x84, 0xA8, 0xE3, 0x84, 0xA3, 0x34, 0xE5, 0x9B, 0xB0, 0xE7, 0x9D, 0x8F, 0xE6, 0xB6, 0x83, 0xE3,
    0x84, 0x8E, 0xE3, 0x84, 0xA8, 0xE3, 0x84, 0xA4, 0x31, 0xE5, 0x8C, 0xA1, 0xE6, 0xA1, 0x86, 0xE7,
    0xAD, 0x90, 0xE8, 0xAA, 0x86, 0xE5, 0x8A, 0xBB, 0xE6, 0x81, 0x87, 0xE6, 0xB4, 0xAD, 0xE3, 0x84,
    0x8E, 0xE3, 0x84, 0xA8, 0xE3, 0x84, 0xA4, 0x32, 0xE7, 0x8B, 0x82, 0xE8, 0xAA, 0x91, 0xE9, 0xB5,
    0x9F, 0xE3, 0x84, 0x8E, 0xE3, 0x84, 0xA8, 0xE3, 0x84, 0xA4, 0x33, 0xE4, 0xBF, 0x87, 0xE3, 0x84,
    0x8E, 0xE3, 0x84, 0xA8, 0xE3, 0x84, 0xA4, 0x34, 0xE6, 0xB3, 0x81, 0xE7, 0xA4, 0xA6, 0xE6, 0x9B,
    0xA0, 0xE6, 0xA1, 0x86, 0xE7, 0x9C, 0xB6, 0xE9, 0x84, 0xBA, 0xE8, 0xB2, 0xBA, 0xE5, 0xA3, 0x99,
    0xE7, 0xBA, 0x8A, 0xE7, 0xB5, 0x96, 0xE6, 0x87, 0xAD, 0xE7, 0x88, 0x8C, 0xE5, 0xBD, 0x89, 0xE9,
    0x91, 0x9B, 0xE3, 0x84, 0x8E, 0xE3, 0x84, 0xA8, 0xE3, 0x84, 0xA5, 0x31, 0xE7, 0xA9, 0xBA, 0xE5,
    0xB4, 0x86, 0xE5, 0x80, 0xA5, 0xE7, 0xAE, 0x9C, 0xE6, 0x82, 0xBE, 0xE7, 0xA1, 0xBF, 0xE6, 0xB6,
    0xB3, 0xE9, 0x8C, 0x93, 0xE3, 0x84, 0x8E, 0xE3, 0x84, 0xA8, 0xE3, 0x84, 0xA5, 0x33, 0xE6, 0x81,
    0x90, 0xE5, 0xAD, 0x94, 0xE5, 0x80, 0xA5, 0xE3, 0x84, 0x8E, 0xE3, 0x84, 0xA8, 0xE3, 0x84, 0xA5,
    0x34, 0xE7, 0xA9, 0xBA, 0xE6, 0x8E, 0xA7, 0xE9, 0x9E, 0x9A, 0xE3, 0x84, 0x8F, 0x31, 0xE3, 0x84,
    0x8F, 0xE3, 0x84, 0x8F, 0xE3, 0x84, 0x9A, 0x31, 0xE5, 0x93, 0x88, 0xE3, 0x84, 0x8F, 0xE3, 0x84,
    0x9A, 0x32, 0xE8, 0x9B, 0xA4, 0xE8, 0x9D, 0xA6, 0xE3, 0x84, 0x8F, 0xE3, 0x84, 0x9A, 0x33, 0xE5,
    0x93, 0x88, 0xE3, 0x84, 0x8F, 0xE3, 0x84, 0x9C, 0x31, 0xE5, 0x96, 0x9D, 0xE5, 0x91, 0xB5, 0xE8,
    0xA8, 0xB6, 0xE5, 0xB3, 0x86, 0xE3, 0x84, 0x8F, 0xE3, 0x84, 0x9C, 0x32, 0xE4, 0xBD, 0x95, 0xE5,
    0x90, 0x88, 0xE5, 0x92, 0x8C, 0xE6, 0xB2, 0xB3, 0xE8, 0x8D, 0xB7, 0xE6, 0xA0, 0xB8, 0xE7, 0x9B,
    0x92, 0xE7, 0xA6, 0xBE, 0xE8, 0xA4, 0x90, 0xE5, 0x8A, 0xBE, 0xE9, 0x97, 0x94, 0xE9, 0x96, 0xA4,
    0xE6, 0x9B, 0xB7, 0xE9, 0xBE, 0xA2, 0xE6, 0xB6, 0xB8, 0xE7, 0x9B, 0x8D, 0xE8, 0xA6, 0x88, 0xE8,
    0x93, 0x8B, 0xE8, 0xB2, 0x89, 0xE9, 0x96, 0xA1, 0xE7, 0xB4, 0x87, 0xE6, 0xBB, 0x86, 0xE7, 0xBF,
    0xAE, 0xE8, 0x9D, 0x8E, 0xE5, 0x97, 0x91, 0xE9, 0xBD, 0x95, 0xE9, 0x83, 0x83, 0xE9, 0xA4, 0xB2,
    0xE9, 0xB6, 0xA1, 0xE9, 0x89, 0x8C, 0xE9, 0xAD, 0xBA, 0xE9, 0x9E, 0xA8, 0xE8, 0x8F, 0x8F, 0xE5,
    0xA7, 0x80, 0xE6, 0xAF, 0xBC, 0xE7, 0x86, 0x86, 0xE8, 0x92, 0x9A, 0xE7, 0xAF, 0x95, 0xE8, 0x9E,
    0x9B, 0xE7, 0xA4, 0x89, 0xE7, 0x9B, 0x89, 0xE5, 0xBB, 0x85, 0xE6, 0xA5, 0x81, 0xE6, 0xBE, 0x95,
    0xE8, 0xB6, 0xB7, 0xE3, 0x84, 0x8F, 0xE3, 0x84, 0x9C, 0x34, 0xE8, 0xB3, 0x80, 0xE5, 0x92, 0x8C,
    0xE9, 0xB6, 0xB4, 0xE5, 0x96, 0x9D, 0xE8, 0x8D, 0xB7, 0xE5, 0x9A, 0x87, 0xE8, 0xB5, 0xAB, 0xE9,
    0x83, 0x9D, 0xE6, 0x9A, 0x8D, 0xE5, 0x97, 0x83, 0xE7, 0x86, 0x87, 0xE7, 0x8C, 0xB2, 0xE7, 0xBF,
    0xAF, 0xE4, 0xBD, 0xAB, 0xE7, 0x85, 0x82, 0xE3, 0x84, 0x8F, 0xE3, 0x84, 0x9E, 0x31, 0xE5, 0x92,
    0xB3, 0xE5, 0x97, 0xA8, 0xE5, 0x92, 0x8D, 0xE3, 0x84, 0x8F, 0xE3, 0x84, 0x9E, 0x32, 0xE9, 0x82,
    0x84, 0xE5, 0xAD, 0xA9, 0xE9, 0xAA, 0xB8, 0xE9, 0xA0, 0xA6, 0xE3, 0x84, 0x8F, 0xE3, 0x84, 0x9E,
    0x33, 0xE6, 0xB5, 0xB7, 0xE9, 0x86, 0xA2, 0xE7, 0x83, 0xB8, 0xE3, 0x84, 0x8F, 0xE3, 0x84, 0x9E,
    0x34, 0xE5, 0xAE, 0xB3, 0xE4, 0xBA, 0xA5, 0xE9, 0xA7, 0xAD, 0xE5, 0x97, 0xA8, 0xE6, 0xB0, 0xA6,
    0xE5, 0x97, 0x90, 0xE7, 0xB5, 0xAF, 0xE9, 0xA4, 0x80, 0xE3, 0x84, 0x8F, 0xE3, 0x84, 0x9F, 0x31,
    0xE9, 0xBB, 0x91, 0xE5, 0x98, 0xBF, 0xE6, 0xBD, 0xB6, 0xE9, 0xBB, 0x92, 0xE3, 0x84, 0x8F, 0xE3,
    0x84, 0x9F, 0x33, 0xE9, 0xBB, 0x91, 0xE3, 0x84, 0x8F, 0xE3, 0x84, 0xA0, 0x31, 0xE8, 0x92, 0xBF,
    0xE5, 0x9A, 0x86, 0xE8, 0x96, 0x85, 0xE3, 0x84, 0x8F, 0xE3, 0x84, 0xA0, 0x32, 0xE8, 0x99, 0x9F,
    0xE6, 0xAF, 0xAB, 0xE8, 0xB1, 0xAA, 0xE5, 0xA3, 0x95, 0xE6, 0xBF, 0xA0, 0xE8, 0xA0, 0x94, 0xE8,
    0xB2, 0x89, 0xE5, 0x9A, 0x8E, 0xE9, 0xB6, 0xB4, 0xE5, 0x97, 0xA5, 0xE7, 0xB1, 0x87, 0xE8, 0xAB,
    0x95, 0xE5, 0x8B, 0x82, 0xE8, 0xAD, 0xB9, 0xE3, 0x84, 0x8F, 0xE3, 0x84, 0xA0, 0x33, 0xE5, 0xA5,
    0xBD, 0xE9, 0x83, 0x9D, 0xE3, 0x84, 0x8F, 0xE3, 0x84, 0xA0, 0x34, 0xE8, 0x99, 0x9F, 0xE8, 0x80,
    0x97, 0xE6, 0xB5, 0xA9, 0xE7, 0x9A, 0x93, 0xE9, 0x8E, 0xAC, 0xE6, 0xB6, 0xB8, 0xE6, 0x98, 0x8A,
    0xE5, 0xA5, 0xBD, 0xE7, 0x81, 0x9D, 0xE6, 0xBE, 0x94, 0xE7, 0x9A, 0x9C, 0xE9, 0xA1, 0xA5, 0xE9,
    0x84, 0x97, 0xE7, 0xA7, 0x8F, 0xE6, 0xB7, 0x8F, 0xE6, 0xBB, 0x88, 0xE7, 0x9A, 0x9E, 0xE5, 0x93,
    0xA0, 0xE6, 0x82, 0x8E, 0xE9, 0xB0, 0x9D, 0xE6, 0x98, 0xA6, 0xE8, 0x96, 0x83, 0xE6, 0x99, 0xA7,
    0xE3, 0x84, 0x8F, 0xE3, 0x84, 0xA1, 0x31, 0xE9, 0xBD, 0x81, 0xE5, 0x91, 0xB4, 0xE3, 0x84, 0x8F,
    0xE3, 0x84, 0xA1, 0x32, 0xE7, 0x8C, 0xB4, 0xE4, 0xBE, 0xAF, 0xE5, 0x96, 0x89, 0xE7, 0xAF, 0x8C,
    0xE9, 0x8D, 0xAD, 0xE9, 0xA4, 0xB1, 0xE7, 0x98, 0x8A, 0xE9, 0x8A, 0x97, 0xE7, 0xBF, 0xAD, 0xE9,
    0xAF, 0xB8, 0xE8, 0x91, 0x94, 0xE3, 0x84, 0x8F, 0xE3, 0x84, 0xA1, 0x33, 0xE5, 0x90, 0xBC, 0xE3,
    0x84, 0x8F, 0xE3, 0x84, 0xA1, 0x34, 0xE5, 0xBE, 0x8C, 0xE5, 0x80, 0x99, 0xE5, 0x8E, 0x9A, 0xE5,
    0x90, 0x8E, 0xE9, 0x80, 0x85, 0xE9, 0xB1, 0x9F, 0xE5, 0x9E, 0x95, 0xE5, 0xA0, 0xA0, 0xE9, 0x83,
    0x88, 0xE9, 0x84, 0x87, 0xE7, 0xBC, 0xBF, 0xE6, 0xB4, 0x89, 0xE3, 0x84, 0x8F, 0xE3, 0x84, 0xA2,
    0x31, 0xE9, 0x85, 0xA3, 0xE9, 0xBC, 0xBE, 0xE8, 0x9A, 0xB6, 0xE6, 0x86, 0xA8, 0xE9, 0xA0, 0x87,
    0xE9, 0xAD, 0xBD, 0xE5, 0x94, 0x85, 0xE7, 0x94, 0x9D, 0xE8, 0xB0, 0xBD, 0xE5, 0xAB, 0xA8, 0xE3,
    0x84, 0x8F, 0xE3, 0x84, 0xA2, 0x32, 0xE5, 0xAF, 0x92, 0xE5, 0x90, 0xAB, 0xE5, 0x87, 0xBD, 0xE6,
    0xB6, 0xB5, 0xE9, 0x9F, 0x93, 0xE9, 0x82, 0xAF, 0xE6, 0xB1, 0x97, 0xE9, 0x82, 0x97, 0xE6, 0xA6,
    0xA6, 0xE7, 0x90, 0x80, 0xE6, 0xA2, 0x92, 0xE9, 0x8B, 0xA1, 0xE7, 0x84, 0x93, 0xE3, 0x84, 0x8F,
    0xE3, 0x84, 0xA2, 0x33, 0xE5, 0x96, 0x8A, 0xE7, 0xBD, 0x95, 0xE5, 0x8E, 0x82, 0xE8, 0x94, 0x8A,
    0xE8, 0xB1, 0x83, 0xE5, 0x9A, 0x82, 0xE3, 0x84, 0x8F, 0xE3, 0x84, 0xA2, 0x34, 0xE5, 0x92, 0x8C,
    0xE6, 0xBC, 0xA2, 0xE6, 0xB1, 0x97, 0xE6, 0x97, 0xB1, 0xE7, 0x84, 0x8A, 0xE6, 0x86, 0xBE, 0xE7,
    0xBF, 0xB0, 0xE6, 0x92, 0xBC, 0xE6, 0x82, 0x8D, 0xE9, 0xA0, 0xB7, 0xE6, 0x89, 0x9E, 0xE7, 0x80,
    0x9A, 0xE9, 0x96, 0x88, 0xE6, 0x8D, 0x8D, 0xE6, 0x9A, 0xB5, 0xE7, 0x86, 0xAF, 0xE6, 0x99, 0xA5,
    0xE7, 0x8A, 0xB4, 0xE7, 0x9D, 0x85, 0xE8, 0x8F, 0xA1, 0xE8, 0xB1, 0xBB, 0xE9, 0x8A, 0xB2, 0xE9,
    0x87, 0xAC, 0xE9, 0xA7, 0xBB, 0xE5, 0x93, 0xBB, 0xE6, 0xB6, 0x86, 0xE6, 0xB7, 0x8A, 0xE9, 0xA6,
    0xAF, 0xE8, 0x9C, 0xAD, 0xE9, 0xA0, 0x9C, 0xE8, 0x9E, 0x92, 0xE9, 0xA1, 0x84, 0xE9, 0x9B, 0x97,
    0xE6, 0x94, 0x8C, 0xE8, 0xAD, 0x80, 0xE9, 0x8B, 0x8E, 0xE9, 0xB6, 0xBE, 0xE3, 0x84, 0x8F, 0xE3,
    0x84, 0xA3, 0x32, 0xE7, 0x97, 0x95, 0xE6, 0x8B, 0xAB, 0xE9, 0x9E, 0x8E, 0xE3, 0x84, 0x8F, 0xE3,
    0x84, 0xA3, 0x33, 0xE5, 0xBE, 0x88, 0xE7, 0x8B, 0xA0, 0xE3, 0x84, 0x8F, 0xE3, 0x84, 0xA3, 0x34,
    0xE6, 0x81, 0xA8, 0xE3, 0x84, 0x8F, 0xE3, 0x84, 0xA4, 0x31, 0xE5, 0xA4, 0xAF, 0xE3, 0x84, 0x8F,
    0xE3, 0x84, 0xA4, 0x32, 0xE8, 0xA1, 0x8C, 0xE8, 0x88, 0xAA, 0xE6, 0x9D, 0xAD, 0xE5, 0x90, 0xAD,
    0xE9, 0xA0, 0x8F, 0xE6, 0xA1, 0x81, 0xE8, 0xBF, 0x92, 0xE8, 0x8B, 0x80, 0xE8, 0x82, 0xAE, 0xE8,
    0x9A, 0xA2, 0xE6, 0x96, 0xBB, 0xE8, 0xB2, 0xA5, 0xE9, 0x9B, 0xBD, 0xE9, 0xAD, 0xA7, 0xE3, 0x84,
    0x8F, 0xE3, 0x84, 0xA4, 0x33, 0xE9, 0x85, 0x90, 0xE3, 0x84, 0x8F, 0xE3, 0x84, 0xA4, 0x34, 0xE8,
    0xA1, 0x8C, 0xE6, 0xB2, 0x86, 0xE3, 0x84, 0x8F, 0xE3, 0x84, 0xA5, 0x31, 0xE4, 0xBA, 0xA8, 0xE5,
    0x93, 0xBC, 0xE8, 0x84, 0x9D, 0xE8, 0xAB, 0xBB, 0xE3, 0x84, 0x8F, 0xE3, 0x84, 0xA5, 0x32, 0xE6,
    0xA9, 0xAB, 0xE6, 0x81, 0x86, 0xE8, 0xA1, 0xA1, 0xE6, 0x81, 0x92, 0xE7, 0x8F, 0xA9, 0xE8, 0x98,
    0x85, 0xE6, 0xA1, 0x81, 0xE9, 0xB4, 0xB4, 0xE5, 0xA7, 0xAE, 0xE9, 0x91, 0x85, 0xE6, 0xA5, 0xBB,
    0xE8, 0xAA, 0x99, 0xE8, 0xAB, 0xBB, 0xE6, 0x8F, 0x98, 0xE4, 0xBD, 0xB7, 0xE3, 0x84, 0x8F, 0xE3,
    0x84, 0xA5, 0x34, 0xE6, 0xA9, 0xAB, 0xE5, 0x95, 0x88, 0xE6, 0xBE, 0x8B, 0xE7, 0xB5, 0x8E, 0xE3,
    0x84, 0x8F, 0xE3, 0x84, 0xA8, 0x31, 0xE5, 0xBF, 0xBD, 0xE5, 0x91, 0xBC, 0xE4, 0xB9, 0x8E, 0xE6,
    0x83, 0x9A, 0xE6, 0xBB, 0xB9, 0xE6, 0x88, 0xB2, 0xE7, 0x8C, 0xA2, 0xE6, 0xAC, 0xBB, 0xE8, 0x86,
    0xB4, 0xE8, 0x99, 0x96, 0xE5, 0x90, 0xB0, 0xE8, 0x99, 0x8D, 0xE5, 0xB9, 0xA0, 0xE5, 0xAF, 0xA3,
    0xE6, 0x98, 0x92, 0xE6, 0xAD, 0x91, 0xE7, 0x83, 0xBC, 0xE5, 0x9E, 0x80, 0xE6, 0x9B, 0xB6, 0xE5,
    0x95, 0x92, 0xE5, 0xB3, 0x98, 0xE6, 0xB7, 0xB4, 0xE8, 0xAC, 0xBC, 0xE5, 0x8C, 0xA2, 0xE6, 0xB7,
    0xB2, 0xE7, 0xB3, 0x8A, 0xE8, 0x99, 0x8E, 0xE3, 0x84, 0x8F, 0xE3, 0x84, 0xA8, 0x32, 0xE8, 0x83,
    0xA1, 0xE6, 0xB9, 0x96, 0xE5, 0xA3, 0xBA, 0xE8, 0x9D, 0xB4, 0xE7, 0xB3, 0x8A, 0xE7, 0x8B, 0x90,
    0xE5, 0xBC, 0xA7, 0xE8, 0x91, 0xAB, 0xE9, 0xAC, 0x8D, 0xE7, 0x91, 0x9A, 0xE9, 0xA4, 0xAC, 0xE6,
    0x96, 0x9B, 0xE9, 0xB5, 0xA0, 0xE5, 0x9B, 0xAB, 0xE7, 0xB8, 0xA0, 0xE8, 0xA1, 0x9A, 0xE8, 0xA7,
    0xB3, 0xE9, 0x86, 0x90, 0xE7, 0x8C, 0xA2, 0xE6, 0x90, 0xB0, 0xE9, 0xB6, 0x98, 0xE6, 0xA7, 0xB2,
    0xE5, 0xAA, 0xA9, 0xE6, 0x8A, 0x87, 0xE9, 0xB0, 0x97, 0xE7, 0x84, 0x80, 0xE9, 0xAD, 0xB1, 0xE8,
    0x9E, 0x9C, 0xE7, 0x80, 0xAB, 0xE6, 0xA5, 0x9C, 0xE5, 0x98, 0x9D, 0xE9, 0xB6, 0xA6, 0xE9, 0xB6,
    0xBB, 0xE3, 0x84, 0x8F, 0xE3, 0x84, 0xA8, 0x33, 0xE8, 0x99, 0x8E, 0xE7, 0x90, 0xA5, 0xE6, 0xBB,
    0xB8, 0xE5, 0x94, 0xAC, 0xE8, 0xA8, 0xB1, 0xE6, 0xB1, 0xBB, 0xE3, 0x84, 0x8F, 0xE3, 0x84, 0xA8,
    0x34, 0xE8, 0xAD, 0xB7, 0xE6, 0x88, 0xB6, 0xE4, 0xBA, 0x92, 0xE6, 0xBB, 0xAC, 0xE6, 0x89, 0x88,
    0xE7, 0x93, 0xA0, 0xE6, 0x80, 0x99, 0xE7, 0xA5, 0x9C, 0xE7, 0xAC, 0x8F, 0xE5, 0x86, 0xB1, 0xE6,
    0x88, 0xBD, 0xE6, 0xA5, 0x9B, 0xE6, 0xB2, 0x8D, 0xE5, 0xB2, 0xB5, 0xE9, 0x84, 0xA0, 0xE8, 0x87,
    0x9B, 0xE9, 0xA0, 0x80, 0xE6, 0x9E, 0x91, 0xE6, 0xA7, 0xB4, 0xE6, 0x98, 0x88, 0xE5, 0xAB, 0xAD,
    0xE5, 0xA9, 0x9F, 0xE5, 0xAB, 0xAE, 0xE7, 0x86, 0xA9, 0xE8, 0xB1, 0xB0, 0xE7, 0xB6, 0x94, 0xE8,
    0xAC, 0xA2, 0xE8, 0x94, 0xB0, 0xE7, 0xB3, 0x8A, 0xE3, 0x84, 0x8F, 0xE3, 0x84, 0xA8, 0xE3, 0x84,
    0x9A, 0x31, 0xE8, 0x8A, 0xB1, 0xE8, 0x8F, 0xAF, 0xE5, 0x98, 0xA9, 0xE9, 0xB7, 0xA8, 0xE9, 0x8C,
    0xB5, 0xE5, 0x8C, 0x96, 0xE3, 0x84, 0x8F, 0xE3, 0x84, 0xA8, 0xE3, 0x84, 0x9A, 0x32, 0xE8, 0x8F,
    0xAF, 0xE6, 0xBB, 0x91, 0xE5, 0x88, 0x92, 0xE7, 0x8C, 0xBE, 0xE8, 0xAD, 0x81, 0xE5, 0x98, 0xA9,
    0xE6, 0xA8, 0xBA, 0xE9, 0xA9, 0x8A, 0xE9, 0x8F, 0xB5, 0xE8, 0xB1, 0x81, 0xE5, 0x8A, 0x83, 0xE5,
    0xB4, 0x8B, 0xE9, 0x87, 0xAB, 0xE8, 0x9E, 0x96, 0xE3, 0x84, 0x8F, 0xE3, 0x84, 0xA8, 0xE3, 0x84,
    0x9A, 0x34, 0xE8, 0xA9, 0xB1, 0xE5, 0x8C, 0x96, 0xE7, 0x95, 0xAB, 0xE5, 0x8A, 0x83, 0xE6, 0xA8,
    0xBA, 0xE8, 0x8F, 0xAF, 0xE5, 0xAB, 0xBF, 0xE6, 0x91, 0xA6, 0xE5, 0xB4, 0x8B, 0xE5, 0xAC, 0x85,
    0xE6, 0x9D, 0xB9, 0xE8, 0xA7, 0x9F, 0xE6, 0xA7, 0xAC, 0xE7, 0xB9, 0xA3, 0xE6, 0xBE, 0x85, 0xE3,
    0x84, 0x8F, 0xE3, 0x84, 0xA8, 0xE3, 0x84, 0x9B, 0x31, 0xE8, 0xB1, 0x81, 0xE3, 0x84, 0x8F, 0xE3,
    0x84, 0xA8, 0xE3, 0x84, 0x9B, 0x32, 0xE6, 0xB4, 0xBB, 0xE4, 0xBD, 0xB8, 0xE9, 0x88, 0xA5, 0xE8,
    0x90, 0xBF, 0xE3, 0x84, 0x8F, 0xE3, 0x84, 0xA8, 0xE3, 0x84, 0x9B, 0x33, 0xE7, 0x81, 0xAB, 0xE4,
    0xBC, 0x99, 0xE5, 0xA4, 0xA5, 0xE9, 0x88, 0xA5, 0xE3, 0x84, 0x8F, 0xE3, 0x84, 0xA8, 0xE3, 0x84,
    0x9B, 0x34, 0xE6, 0x88, 0x96, 0xE7, 0xA9, 0xAB, 0xE7, 0x8D, 0xB2, 0xE5, 0x92, 0x8C, 0xE6, 0x83,
    0x91, 0xE7, 0xA6, 0x8D, 0xE9, 0x9C, 0x8D, 0xE8, 0xB2, 0xA8, 0xE8, 0xB1, 0x81, 0xE5, 0xA3, 0x91,
    0xE8, 0xA0, 0x96, 0xE5, 0x9A, 0x84, 0xE8, 0x97, 0xBF, 0xE9, 0x91, 0x8A, 0xE7, 0x9F, 0xB1, 0xE6,
    0xAA, 0xB4, 0xE6, 0xBF, 0xA9, 0xE7, 0xA0, 0x89, 0xE9, 0x9B, 0x98, 0xE7, 0xA1, 0x85, 0xE6, 0x93,
    0xAD, 0xE6, 0xB9, 0xB1, 0xE9, 0xA8, 0x9E, 0xE8, 0xAC, 0x8B, 0xE6, 0x8D, 0x87, 0xE6, 0xB2, 0x8E,
    0xE7, 0x9C, 0x93, 0xE6, 0x8E, 0x9D, 0xE5, 0x97, 0x80, 0xEF, 0xA8, 0x8D, 0xE7, 0x93, 0x81, 0xE8,
    0x87, 0x92, 0xE6, 0x94, 0x89, 0xE7, 0x80, 0x96, 0xE6, 0x9B, 0xA4, 0xE7, 0x9F, 0x90, 0xE9, 0x9F,
    0x84, 0xE9, 0x9D, 0x83, 0xE3, 0x84, 0x8F, 0xE3, 0x84, 0xA8, 0xE3, 0x84, 0x9B, 0x35, 0xE5, 0x92,
    0x8C, 0xE3, 0x84, 0x8F, 0xE3, 0x84, 0xA8, 0xE3, 0x84, 0x9E, 0x32, 0xE6, 0x87, 0xB7, 0xE6, 0xB7,
    0xAE, 0xE5, 0xBE, 0x8A, 0xE6, 0xA7, 0x90, 0xE8, 0xB8, 0x9D, 0xE4, 0xBD, 0xAA, 0xE6, 0x80, 0x80,
    0xE8, 0xA4, 0xA2, 0xE8, 0xA4, 0xB1, 0xE6, 0xAB, 0xB0, 0xE7, 0x80, 0xA4, 0xE3, 0x84, 0x8F, 0xE3,
    0x84, 0xA8, 0xE3, 0x84, 0x9E, 0x34, 0xE5, 0xA3, 0x9E, 0xE5, 0x9D, 0x8F, 0xE8, 0xAB, 0x99, 0xE5,
    0x92, 0xB6, 0xE8, 0x98, 0xB9, 0xE8, 0x98, 0xBE, 0xE3, 0x84, 0x8F, 0xE3, 0x84, 0xA8, 0xE3, 0x84,
    0x9F, 0x31, 0xE7, 0x81, 0xB0, 0xE6, 0x8F, 0xAE, 0xE8, 0xBC, 0x9D, 0xE6, 0x81, 0xA2, 0xE8, 0xA9,
    0xBC, 0xE6, 0x9A, 0x89, 0xE9, 0xBA, 0xBE, 0xE5, 0xBE, 0xBD, 0xE5, 0xA2, 0xAE, 0xE8, 0xA4, 0x8C,
    0xE6, 0x92, 0x9D, 0xE9, 0x9A, 0xB3, 0xE7, 0x85, 0x87, 0xE7, 0xBF, 0xAC, 0xE8, 0xB1, 0x97, 0xE8,
    0xA4, 0x98, 0xE6, 0xB4, 0x83, 0xE9, 0x9A, 0x93, 0xE9, 0xA1, 0xAA, 0xE9, 0xB0, 0xB4, 0xE6, 0x8B,
    0xBB, 0xE5, 0x99, 0x85, 0xE7, 0xA6, 0x88, 0xE3, 0x84, 0x8F, 0xE3, 0x84, 0xA8, 0xE3, 0x84, 0x9F,
    0x32, 0xE5, 0x9B, 0x9E, 0xE8, 0xBF, 0xB4, 0xE8, 0x9B, 0x94, 0xE8, 0x8C, 0xB4, 0xE8, 0x9A, 0x98,
    0xE6, 0xB4, 0x84, 0xE7, 0x97, 0x90, 0xE6, 0x81, 0x9B, 0xE8, 0x97, 0xB1, 0xE3, 0x84, 0x8F, 0xE3,
    0x84, 0xA8, 0xE3, 0x84, 0x9F, 0x33, 0xE6, 0x9C, 0x83, 0xE6, 0x82, 0x94, 0xE8, 0xAA, 0xA8, 0xE6,
    0xAF, 0x80, 0xE7, 0x87, 0xAC, 0xE8, 0xB3, 0x84, 0xE8, 0x99, 0xBA, 0xE8, 0x99, 0xAB, 0xE7, 0x83,
    0xA0, 0xE6, 0xAF, 0x87, 0xE6, 0xAA, 0x93, 0xE8, 0xAD, 0xAD, 0xE3, 0x84, 0x8F, 0xE3, 0x84, 0xA8,
    0xE3, 0x84, 0x9F, 0x34, 0xE6, 0x9C, 0x83, 0xE6, 0x83, 0xA0, 0xE5, 0x8C, 0xAF, 0xE7, 0xB9, 0xAA,
    0xE6, 0x85, 0xA7, 0xE5, 0xBD, 0x99, 0xE7, 0xA9, 0xA2, 0xE8, 0xAA, 0xA8, 0xE8, 0xB3, 0x84, 0xE6,
    0x99, 0xA6, 0xE5, 0xBD, 0x97, 0xE8, 0xAB, 0xB1, 0xE6, 0xBD, 0xB0, 0xE5, 0x8D, 0x89, 0xE8, 0x95,
    0x99, 0xE6, 0xBF, 0x8A, 0xE7, 0x87, 0xB4, 0xE5, 0x96, 0x99, 0xE6, 0x81, 0x9A, 0xE8, 0x96, 0x88,
    0xE7, 0xBF, 0xBD, 0xE9, 0x97, 0xA0, 0xE5, 0x98, 0x92, 0xE6, 0xA7, 0xA5, 0xE7, 0xAF, 0xB2, 0xE7,
    0xB9, 0xA2, 0xE7, 0xB9, 0x90, 0xE8, 0x9F, 0xAA, 0xE7, 0x92, 0xAF, 0xE5, 0xAC, 0x87, 0xE6, 0x86,
    0x93, 0xE6, 0xBD, 0x93, 0xE7, 0x9E, 0xBA, 0xE8, 0xAD, 0x93, 0xE8, 0xAD, 0xBF, 0xE9, 0x8F, 0xB8,
    0xE6, 0xA9, 0x9E, 0xE5, 0xBB, 0x86, 0xE8, 0xA9, 0xB4, 0xE5, 0x9C, 0x9A, 0xE8, 0x94, 0xA7, 0xE7,
    0x8D, 0xA9, 0xE9, 0xA4, 0xAF, 0xE9, 0x90, 0xAC, 0xE9, 0xA5, 0x96, 0xE8, 0x8A, 0x94, 0xE7, 0xA6,
    0xAC, 0xE8, 0xA5, 0x98, 0xE3, 0x84, 0x8F, 0xE3, 0x84, 0xA8, 0xE3, 0x84, 0xA2, 0x31, 0xE6, 0xAD,
    0xA1, 0xE9, 0xA9, 0xA9, 0xE8, 0xAE, 0x99, 0xE7, 0x8D, 0xBE, 0xE7, 0x8A, 0xBF, 0xE6, 0x87, 0xBD,
    0xE9, 0x85, 0x84, 0xE9, 0xB4, 0x85, 0xE3, 0x84, 0x8F, 0xE3, 0x84, 0xA8, 0xE3, 0x84, 0xA2, 0x32,
    0xE9, 0x82, 0x84, 0xE7, 0x92, 0xB0, 0xE6, 0xA1, 0x93, 0xE5, 0x9C, 0x9C, 0xE7, 0xB9, 0xAF, 0xE9,
    0xAC, 0x9F, 0xE9, 0x8D, 0xB0, 0xE9, 0x90, 0xB6, 0xE5, 0xAF, 0xB0, 0xE9, 0x97, 0xA4, 0xE6, 0xA2,
    0xA1, 0xE6, 0xB4, 0xB9, 0xE7, 0x93, 0x9B, 0xE8, 0xB2, 0x86, 0xE6, 0xBE, 0xB4, 0xE8, 0x8D, 0x81,
    0xE8, 0x90, 0x91, 0xE8, 0x82, 0x92, 0xE6, 0x8D, 0x96, 0xE7, 0xBE, 0xA6, 0xE6, 0x87, 0x81, 0xE8,
    0xB1, 0xB2, 0xE5, 0xAC, 0x9B, 0xE7, 0x8B, 0x9F, 0xE9, 0x9B, 0x88, 0xE3, 0x84, 0x8F, 0xE3, 0x84,
    0xA8, 0xE3, 0x84, 0xA2, 0x33, 0xE7, 0xB7, 0xA9, 0xE7, 0x9A, 0x96, 0xE6, 0xBE, 0xA3, 0xE7, 0x9D,
    0x86, 0xE8, 0xBC, 0x90, 0xE6, 0xB5, 0xA3, 0xE3, 0x84, 0x8F, 0xE3, 0x84, 0xA8, 0xE3, 0x84, 0xA2,
    0x34, 0xE6, 0x8F, 0x9B, 0xE5, 0x96, 0x9A, 0xE5, 0xAE, 0xA6, 0xE6, 0x82, 0xA3, 0xE5, 0xB9, 0xBB,
    0xE7, 0x85, 0xA5, 0xE5, 0xA5, 0x90, 0xE6, 0xB8, 0x99, 0xE7, 0x98, 0x93, 0xE8, 0xB1, 0xA2, 0xE6,
    0xA2, 0xA1, 0xE9, 0x80, 0xAD, 0xE6, 0x93, 0x90, 0xE6, 0xBC, 0xB6, 0xE5, 0x9E, 0xB8, 0xE8, 0xBD,
    0x98, 0xE7, 0x91, 0x8D, 0xE8, 0xA7, 0xA8, 0xE5, 0x9A, 0xBE, 0xE7, 0x9E, 0xA3, 0xE3, 0x84, 0x8F,
    0xE3, 0x84, 0xA8, 0xE3, 0x84, 0xA3, 0x31, 0xE5, 0xA9, 0x9A, 0xE6, 0x98, 0x8F, 0xE8, 0x91, 0xB7,
    0xE9, 0x96, 0xBD, 0xE6, 0x83, 0x9B, 0xE7, 0x9D, 0xAF, 0xE6, 0xAE, 0x99, 0xE6, 0xA3, 0x94, 0xE6,
    0xB6, 0xBD, 0xE6, 0x95, 0xAF, 0xE7, 0x9D, 0xA7, 0xE3, 0x84, 0x8F, 0xE3, 0x84, 0xA8, 0xE3, 0x84,
    0xA3, 0x32, 0xE9, 0xAD, 0x82, 0xE6, 0xB8, 0xBE, 0xE9, 0xA4, 0x9B, 0xE6, 0xB7, 0xB7, 0xE7, 0x90,
    0xBF, 0xE6, 0xA5, 0x8E, 0xE9, 0xA4, 0xAB, 0xE6, 0xA3, 0x9E, 0xE9, 0xA1, 0x90, 0xE9, 0xBC, 0xB2,
    0xE7, 0xB9, 0x89, 0xE8, 0xBD, 0x8B, 0xE3, 0x84, 0x8F, 0xE3, 0x84, 0xA8, 0xE3, 0x84, 0xA3, 0x33,
    0xE6, 0xB7, 0xB7, 0xE7, 0x9D, 0x94, 0xE3, 0x84, 0x8F, 0xE3, 0x84, 0xA8, 0xE3, 0x84, 0xA3, 0x34,
    0xE6, 0xB7, 0xB7, 0xE6, 0xB8, 0xBE, 0xE6, 0xBA, 0xB7, 0xE8, 0xAB, 0xA2, 0xE5, 0x9C, 0x82, 0xE6,
    0x85, 0x81, 0xE8, 0xBC, 0xA5, 0xE5, 0x80, 0xB1, 0xE6, 0xA2, 0xA1, 0xE3, 0x84, 0x8F, 0xE3, 0x84,
    0xA8, 0xE3, 0x84, 0xA4, 0x31, 0xE8, 0x8D, 0x92, 0xE6, 0x85, 0x8C, 0xE8, 0x82, 0x93, 0xE8, 0xA1,
    0x81, 0xE5, 0xB7, 0x9F, 0xE5, 0x9A, 0x9D, 0xE3, 0x84, 0x8F, 0xE3, 0x84, 0xA8, 0xE3, 0x84, 0xA4,
    0x32, 0xE9, 0xBB, 0x83, 0xE5, 0xBE, 0xA8, 0xE6, 0x83, 0xB6, 0xE7, 0xB0, 0xA7, 0xE7, 0x92, 0x9C,
    0xE7, 0xA3, 0xBA, 0xE8, 0x9D, 0x97, 0xE7, 0x85, 0x8C, 0xE7, 0x9A, 0x87, 0xE5, 0x87, 0xB0, 0xE6,
    0xB9, 0x9F, 0xE9, 0x81, 0x91, 0xE9, 0x9A, 0x8D, 0xE6, 0xBD, 0xA2, 0xE7, 0xAF, 0x81, 0xE5, 0x96,
    0xA4, 0xE8, 0x89, 0x8E, 0xE9, 0x8D, 0xA0, 0xE7, 0x86, 0xBF, 0xE9, 0x9F, 0xB9, 0xE9, 0xB0, 0x89,
    0xE5, 0xA0, 0xAD, 0xE8, 0x9F, 0xA5, 0xE5, 0x81, 0x9F, 0xE7, 0xA9, 0x94, 0xE9, 0xB7, 0xAC, 0xE5,
    0xAA, 0x93, 0xE9, 0xA8, 0x9C, 0xE5, 0xB4, 0xB2, 0xE8, 0x91, 0x9F, 0xE9, 0xA4, 0xAD, 0xE6, 0x92,
    0x97, 0xE7, 0x8D, 0x9A, 0xE8, 0xB6, 0xAA, 0xE3, 0x84, 0x8F, 0xE3, 0x84, 0xA8, 0xE3, 0x84, 0xA4,
    0x33, 0xE8, 0xAC, 0x8A, 0xE6, 0x81, 0x8D, 0xE6, 0x99, 0x83, 0xE5, 0xB9, 0x8C, 0xE6, 0xB4, 0xB8,
    0xE6, 0x80, 0xB3, 0xE6, 0xA6, 0xA5, 0xE7, 0x86, 0x80, 0xE9, 0x8E, 0xA4, 0xE6, 0xBB, 0x89, 0xE7,
    0x9A, 0x9D, 0xE3, 0x84, 0x8F, 0xE3, 0x84, 0xA8, 0xE3, 0x84, 0xA4, 0x34, 0xE6, 0x99, 0x83, 0xE8,
    0xBB, 0xA6, 0xE3, 0x84, 0x8F, 0xE3, 0x84, 0xA8, 0xE3, 0x84, 0xA5, 0x31, 0xE8, 0xBD, 0x9F, 0xE5,
    0x93, 0x84, 0xE7, 0x83, 0x98, 0xE8, 0x96, 0xA8, 0xE8, 0xA8, 0x87, 0xE5, 0x90, 0xBD, 0xE6, 0x8F,
    0x88, 0xE6, 0xB8, 0xB9, 0xE5, 0x93, 0x85, 0xE8, 0xBC, 0xB7, 0xE8, 0xB0, 0xBE, 0xE9, 0x8D, 0xA7,
    0xE7, 0x84, 0xA2, 0xE9, 0xAD, 0x9F, 0xE3, 0x84, 0x8F, 0xE3, 0x84, 0xA8, 0xE3, 0x84, 0xA5, 0x32,
    0xE7, 0xB4, 0x85, 0xE6, 0xB4, 0xAA, 0xE5, 0xAE, 0x8F, 0xE9, 0xB4, 0xBB, 0xE8, 0x99, 0xB9, 0xE5,
    0xBC, 0x98, 0xE6, 0xB3, 0x93, 0xE8, 0xA8, 0x8C, 0xE9, 0x8B, 0x90, 0xE9, 0x96, 0x8E, 0xE9, 0xBB,
    0x8C, 0xE7, 0xAB, 0x91, 0xE7, 0xB4, 0x98, 0xE7, 0xBF, 0x83, 0xE6, 0xB5, 0xA4, 0xE9, 0x9E, 0x83,
    0xE7, 0x81, 0xB4, 0xE8, 0x91, 0x92, 0xE8, 0x80, 0xBE, 0xE4, 0xBB, 0x9C, 0xE6, 0xB1, 0xAF, 0xE7,
    0xAB, 0xA4, 0xE9, 0x88, 0x9C, 0xE9, 0x9C, 0x9F, 0xE5, 0xA6, 0x85, 0xE7, 0x8E, 0x92, 0xE8, 0xB0,
    0xB9, 0xE6, 0xB8, 0xB1, 0xE8, 0x88, 0xBC, 0xE8, 0xA7, 0xA6, 0xE8, 0xB0, 0xBC, 0xE7, 0xAF, 0x8A,
    0xE5, 0xBD, 0x8B, 0xE7, 0x93, 0xA8, 0xE8, 0x8B, 0xB0, 0xE3, 0x84, 0x8F, 0xE3, 0x84, 0xA8, 0xE3,
    0x84, 0xA5, 0x33, 0xE5, 0x93, 0x84, 0xE5, 0x97, 0x8A, 0xE3, 0x84, 0x8F, 0xE3, 0x84, 0xA8, 0xE3,
    0x84, 0xA5, 0x34, 0xE9, 0xAC, 0xA8, 0xE6, 0xB1, 0x9E, 0xE6, 0xBE, 0x92, 0xE8, 0x95, 0xBB, 0xE9,
    0x8D, 0x99, 0xE3, 0x84, 0x90, 0x31, 0xE3, 0x84, 0x90, 0xE3, 0x84, 0x90, 0xE3, 0x84, 0xA7, 0x31,
    0xE6, 0xA9, 0x9F, 0xE5, 0x9F, 0xBA, 0xE7, 0xA9, 0x8D, 0xE7, 0xB8, 0xBE, 0xE8, 0xB9, 0x9F, 0xE6,
    0xBF, 0x80, 0xE8, 0xB7, 0xA1, 0xE5, 0xA7, 0xAC, 0xE9, 0x9B, 0x9E, 0xE9, 0xA5, 0x91, 0xE8, 0x82,
    0x8C, 0xE7, 0xA8, 0xBD, 0xE9, 0xA3, 0xA2, 0xE5, 0xA5, 0x87, 0xE7, 0x95, 0xB8, 0xE7, 0xA2, 0x81,
    0xE7, 0xAE, 0x95, 0xE7, 0xA3, 0xAF, 0xE8, 0xAD, 0x8F, 0xE7, 0xBE, 0x88, 0xE5, 0x87, 0xA0, 0xE6,
    0x9C, 0xBA, 0xE4, 0xB9, 0xA9, 0xE5, 0xB1, 0x90, 0xE8, 0xBA, 0x8B, 0xE7, 0x92, 0xA3, 0xE5, 0xB9,
    0xBE, 0xE5, 0x98, 0xB0, 0xE7, 0x95, 0xBF, 0xE5, 0xB5, 0x87, 0xE7, 0x8A, 0x84, 0xE9, 0xBD, 0x8E,
    0xE5, 0x85, 0xB6, 0xE6, 0x9C, 0x9F, 0xE5, 0xB1, 0x85, 0xE5, 0x94, 0xA7, 0xE5, 0x8B, 0xA3, 0xE7,
    0xA6, 0xA8, 0xE6, 0xAC, 0x9A, 0xE7, 0x99, 0x98, 0xE7, 0xBE, 0x87, 0xE8, 0x99, 0x80, 0xE8, 0xA7,
    0xAD, 0xE9, 0x9C, 0x99, 0xE8, 0x9B, 0xA3, 0xE9, 0x8A, 0x88, 0xE6, 0x9E, 0x85, 0xE4, 0xB8, 0x8C,
    0xE5, 0xB0, 0x90, 0xE7, 0xB0, 0x8A, 0xE8, 0x99, 0xAE, 0xE9, 0x90, 0x96, 0xE6, 0xAB, 0x85, 0xE7,
    0xA8, 0x98, 0xE6, 0xAF, 0x84, 0xE6, 0xA8, 0x8D, 0xE8, 0xAB, 0x85, 0xE9, 0xBD, 0x8D, 0xE9, 0x9E,
    0xBF, 0xE9, 0x91, 0x87, 0xE9, 0xB0, 0xBF, 0xE9, 0xBD, 0x8F, 0xE7, 0xAC, 0x84, 0xE5, 0x89, 0x9E,
    0xE9, 0x9A, 0xAE, 0xE9, 0xB8, 0x84, 0xE7, 0x99, 0xAA, 0xE9, 0xB7, 0x84, 0xE3, 0x84, 0x90, 0xE3,
    0x84, 0xA7, 0x32, 0xE5, 0x8F, 0x8A, 0xE7, 0xB4, 0x9A, 0xE6, 0xA5, 0xB5, 0xE5, 0x8D, 0xB3, 0xE9,
    0x9B, 0x86, 0xE6, 0x80, 0xA5, 0xE6, 0x93, 0x8A, 0xE7, 0x96, 0xBE, 0xE7, 0xB1, 0x8D, 0xE5, 0x90,
    0x89, 0xE5, 0xAF, 0x82, 0xE8, 0xBC, 0xAF, 0xE8, 0x84, 0x8A, 0xE5, 0x9C, 0xBE, 0xE5, 0x94, 0xA7,
    0xE5, 0xAB, 0x89, 0xE6, 0xB1, 0xB2, 0xE4, 0xBA, 0x9F, 0xE5, 0x90, 0x83, 0xE6, 0xA3, 0x98, 0xE8,
    0x97, 0x89, 0xE7, 0x98, 0xA0, 0xE6, 0xA5, 0xAB, 0xE5, 0xB2, 0x8C, 0xE7, 0xAC, 0x88, 0xE9, 0xB6,
    0xBA, 0xE6, 0x88, 0xA2, 0xE6, 0xAE, 0x9B, 0xE8, 0xB9, 0x90, 0xE4, 0xBC, 0x8B, 0xE8, 0x92, 0xBA,
    0xE8, 0x80, 0xA4, 0xE8, 0x8A, 0xA8, 0xE8, 0x95, 0xBA, 0xE8, 0xB8, 0x96, 0xE9, 0x88, 0x92, 0xE4,
    0xBD, 0xB6, 0xE5, 0xA0, 0xB2, 0xE5, 0xA7, 0x9E, 0xE6, 0xBF, 0x88, 0xE8, 0xA5, 0x8B, 0xE5, 0xA2,
    0xBC, 0xE6, 0xBD, 0x97, 0xE9, 0xB4, 0xB6, 0xE5, 0xB6, 0xAF, 0xE6, 0xB4, 0x81, 0xE5, 0xBF, 0xA3,
    0xE6, 0xB9, 0x92, 0xE6, 0x9E, 0x81, 0xE9, 0x8A, 0xA1, 0xE7, 0x8B, 0xA4, 0xE9, 0x8F, 0xB6, 0xE8,
    0x9D, 0x8D, 0xE8, 0xA1, 0xB1, 0xE5, 0x81, 0xAE, 0xE5, 0xBA, 0xB4, 0xE8, 0x8E, 0x8B, 0xE5, 0xA1,
    0x89, 0xE6, 0xA7, 0x89, 0xE6, 0xBC, 0x83, 0xE8, 0x86, 0x8C, 0xE8, 0x93, 0xBB, 0xE6, 0xA9, 0xB6,
    0xE8, 0x95, 0x80, 0xE8, 0xBD, 0x9A, 0xE9, 0x9C, 0xB5, 0xE5, 0xBD, 0xB6, 0xE6, 0x8F, 0xA4, 0xE6,
    0xA5, 0x96, 0xE7, 0xA7, 0xB8, 0xE9, 0x9E, 0x8A, 0xE8, 0x9E, 0x8F, 0xE8, 0xA7, 0x99, 0xE3, 0x84,
    0x90, 0xE3, 0x84, 0xA7, 0x33, 0xE5, 0xB9, 0xBE, 0xE7, 0xB5, 0xA6, 0xE5, 0xB7, 0xB1, 0xE6, 0x93,
    0xA0, 0xE8, 0x84, 0x8A, 0xE6, 0x88, 0x9F, 0xE6, 0xBF, 0x9F, 0xE5, 0x87, 0xA0, 0xE9, 0xBA, 0x82,
    0xE5, 0xBA, 0x8B, 0xE8, 0x9F, 0xA3, 0xE5, 0x89, 0x9E, 0xE6, 0x8E, 0x8E, 0xE6, 0xB3, 0xB2, 0xE8,
    0xB8, 0xA6, 0xE9, 0xAD, 0x95, 0xE4, 0xB8, 0xAE, 0xE7, 0xA9, 0x96, 0xE5, 0xA6, 0x80, 0xE6, 0x92,
    0xA0, 0xE3, 0x84, 0x90, 0xE3, 0x84, 0xA7, 0x34, 0xE8, 0xA8, 0x88, 0xE8, 0xA8, 0x98, 0xE6, 0x97,
    0xA2, 0xE7, 0xB4, 0x80, 0xE9, 0x9A, 0x9B, 0xE7, 0xB9, 0xBC, 0xE5, 0xAD, 0xA3, 0xE5, 0xAF, 0x84,
    0xE6, 0x8A, 0x80, 0xE5, 0xA6, 0x93, 0xE6, 0xBF, 0x9F, 0xE5, 0x8A, 0x91, 0xE7, 0xB9, 0xAB, 0xE6,
    0x82, 0xB8, 0xE7, 0xA5, 0xAD, 0xE5, 0xBF, 0x8C, 0xE6, 0x9A, 0xA8, 0xE5, 0x86, 0x80, 0xE9, 0xA8,
    0x8E, 0xE9, 0xAF, 0xBD, 0xE7, 0xA8, 0xB7, 0xE8, 0xBA, 0x8B, 0xE8, 0x96, 0xBA, 0xE9, 0xA9, 0xA5,
    0xE9, 0x9C, 0xBD, 0xE8, 0x96, 0x8A, 0xE9, 0xAB, 0xBB, 0xE7, 0xBD, 0xBD, 0xE8, 0xA6, 0xAC, 0xE4,
    0xBC, 0x8E, 0xE6, 0xB4, 0x8E, 0xE7, 0x98, 0x88, 0xE8, 0xB7, 0xBD, 0xE5, 0x9A, 0x8C, 0xE5, 0xA1,
    0x88, 0xE6, 0x83, 0x8E, 0xE6, 0xBC, 0x88, 0xE7, 0xA9, 0xA7, 0xE8, 0x8A, 0xB0, 0xE8, 0x94, 0x87,
    0xE7, 0x97, 0xB5, 0xE7, 0x99, 0xA0, 0xE7, 0xA9, 0x84, 0xE9, 0xAE, 0x86, 0xE9, 0xB1, 0xAD, 0xE9,
    0xAF, 0x9A, 0xE9, 0xB0, 0xB6, 0xE6, 0x97, 0xA1, 0xE5, 0x88, 0x89, 0xE8, 0x87, 0xAE, 0xE8, 0xA3,
    0x9A, 0xE7, 0xA9, 0x8A, 0xE8, 0xAA, 0x8B, 0xE9, 0xAC, 0xBE, 0xE7, 0x9E, 0xA1, 0xE6, 0xAA, 0x95,
    0xE7, 0x92, 0xBE, 0xE9, 0xB5, 0x8B, 0xE9, 0xBD, 0x8C, 0xE6, 0x87, 0xBB, 0xE7, 0x80, 0xB1, 0xE9,
    0xB1, 0x80, 0xE8, 0x98, 0xAE, 0xE8, 0x98, 0xBB, 0xE3, 0x84, 0x90, 0xE3, 0x84, 0xA7, 0xE3, 0x84,
    0x9A, 0x31, 0xE5, 0xAE, 0xB6, 0xE5, 0x8A, 0xA0, 0xE5, 0x98, 0x89, 0xE4, 0xBD, 0xB3, 0xE5, 0x82,
    0xA2, 0xE8, 0xBF, 0xA6, 0xE6, 0x9E, 0xB7, 0xE8, 0xA2, 0x88, 0xE7, 0x97, 0x82, 0xE7, 0xAC, 0xB3,
    0xE7, 0x8F, 0x88, 0xE8, 0xB7, 0x8F, 0xE8, 0x8C, 0x84, 0xE8, 0x91, 0xAD, 0xE8, 0xB1, 0xAD, 0xE8,
    0x80, 0x9E, 0xE9, 0xBA, 0x9A, 0xE6, 0xB3, 0x87, 0xE6, 0xAF, 0xA0, 0xE9, 0x8E, 0xB5, 0xE9, 0xB4,
    0x90, 0xE7, 0x8C, 0xB3, 0xE5, 0xB9, 0x8F, 0xE7, 0x8A, 0x8C, 0xE8, 0xB2, 0x91, 0xE5, 0xA4, 0xBE,
    0xE4, 0xBC, 0xBD, 0xE3, 0x84, 0x90, 0xE3, 0x84, 0xA7, 0xE3, 0x84, 0x9A, 0x32, 0xE5, 0xA4, 0xBE,
    0xE6, 0x8C, 0xBE, 0xE9, 0xA0, 0xB0, 0xE8, 0x9B, 0xBA, 0xE8, 0x8E, 0xA2, 0xE6, 0xB5, 0xB9, 0xE6,
    0x88, 0x9B, 0xE9, 0x83, 0x9F, 0xE6, 0x81, 0x9D, 0xE8, 0xA2, 0xB7, 0xE7, 0xAD, 0xB4, 0xE8, 0xA3,
    0x8C, 0xE9, 0x8B, 0x8F, 0xE6, 0xA2, 0x9C, 0xE8, 0xB7, 0xB2, 0xE8, 0x88, 0xBA, 0xE5, 0x94, 0x8A,
    0xE9, 0x89, 0xBF, 0xE7, 0xA1, 0x88, 0xE6, 0x89, 0xB4, 0xE9, 0x9E, 0x82, 0xE9, 0x9E, 0x88, 0xE9,
    0xB5, 0x8A, 0xE3, 0x84, 0x90, 0xE3, 0x84, 0xA7, 0xE3, 0x84, 0x9A, 0x33, 0xE5, 0x81, 0x87, 0xE7,
    0x94, 0xB2, 0xE8, 0xB3, 0x88, 0xE9, 0x89, 0x80, 0xE5, 0xB2, 0xAC, 0xE8, 0x83, 0x9B, 0xE6, 0x96,
    0x9D, 0xE6, 0xA6, 0x8E, 0xE7, 0x98, 0x95, 0xE6, 0xAA, 0x9F, 0xE5, 0xA9, 0xBD, 0xE7, 0x8E, 0xBE,
    0xE5, 0xBE, 0xA6, 0xE6, 0xA4, 0xB5, 0xE5, 0xA4, 0x8F, 0xE8, 0x88, 0xBA, 0xE3, 0x84, 0x90, 0xE3,
    0x84, 0xA7, 0xE3, 0x84, 0x9A, 0x34, 0xE5, 0x83, 0xB9, 0xE5, 0x81, 0x87, 0xE6, 0x9E, 0xB6, 0xE9,
    0xA7, 0x95, 0xE5, 0xAB, 0x81, 0xE8, 0xB3, 0x88, 0xE7, 0xA8, 0xBC, 0xE4, 0xBB, 0xB7, 0xE5, 0xA4,
    0xBE, 0xE3, 0x84, 0x90, 0xE3, 0x84, 0xA7, 0xE3, 0x84, 0x9D, 0x31, 0xE8, 0xA1, 0x97, 0xE6, 0x8E,
    0xA5, 0xE7, 0x9A, 0x86, 0xE9, 0x9A, 0x8E, 0xE6, 0x8F, 0xAD, 0xE5, 0x81, 0x95, 0xE5, 0x97, 0x9F,
    0xE5, 0x96, 0x88, 0xE5, 0xB9, 0xAF, 0xE7, 0xB5, 0x90, 0xE6, 0xB9, 0x9D, 0xE8, 0x96, 0xA2, 0xE8,
    0xA2, 0xBA, 0xE5, 0x95, 0x91, 0xE6, 0xA4, 0x84, 0xE8, 0x8F, 0xA8, 0xE8, 0x9D, 0x94, 0xE9, 0xB6,
    0x9B, 0xE3, 0x84, 0x90, 0xE3, 0x84, 0xA7, 0xE3, 0x84, 0x9D, 0x32, 0xE7, 0xAF, 0x80, 0xE6, 0xBD,
    0x94, 0xE5, 0x82, 0x91, 0xE6, 0x8D, 0xB7, 0xE7, 0xAB, 0xAD, 0xE5, 0x8A, 0xAB, 0xE6, 0x88, 0xAA,
    0xE7, 0xB5, 0x90, 0xE6, 0x9D, 0xB0, 0xE9, 0xA0, 0xA1, 0xE8, 0xA9, 0xB0, 0xE6, 0xA1, 0x80, 0xE7,
    0x9D, 0xAB, 0xE8, 0xA8, 0x90, 0xE5, 0x92, 0xAD, 0xE6, 0x8B, 0xAE, 0xE7, 0xBE, 0xAF, 0xE6, 0xAB,
    0x9B, 0xE6, 0xA1, 0x94, 0xE5, 0xAD, 0x91, 0xE7, 0x99, 0xA4, 0xE7, 0xB5, 0x9C, 0xE5, 0x81, 0x88,
    0xE6, 0x93, 0xB7, 0xE5, 0x80, 0xA2, 0xE5, 0x8A, 0xBC, 0xE5, 0xA9, 0x95, 0xE6, 0xA5, 0xAC, 0xE7,
    0xA2, 0xA3, 0xE9, 0xAE, 0x9A, 0xE5, 0xB2, 0x8A, 0xE6, 0xA6, 0xA4, 0xE7, 0x8A, 0xB5, 0xE8, 0xA2,
    0xBA, 0xE5, 0xB5, 0x91, 0xE6, 0xA0, 0xA8, 0xE9, 0xA8, 0x94, 0xE6, 0xBB, 0x90, 0xE9, 0x89, 0xA3,
    0xE9, 0x90, 0x91, 0xE8, 0xA1, 0xB1, 0xE8, 0xBF, 0xBC, 0xE5, 0xB4, 0xA8, 0xE5, 0xB5, 0xA5, 0xE6,
    0xA5, 0xB6, 0xE8, 0xB6, 0x8C, 0xE8, 0xB8, 0x95, 0xE6, 0x93, 0xB3, 0xE7, 0x80, 0x84, 0xE9, 0x8D,
    0xBB, 0xE8, 0xA0, 0xBD, 0xE6, 0x98, 0x85, 0xE6, 0x8F, 0xA4, 0xE7, 0xB7, 0x81, 0xE5, 0xB7, 0x80,
    0xE7, 0xB7, 0xB3, 0xE3, 0x84, 0x90, 0xE3, 0x84, 0xA7, 0xE3, 0x84, 0x9D, 0x33, 0xE5, 0xA7, 0x90,
    0xE8, 0xA7, 0xA3, 0xE5, 0xA7, 0x8A, 0xE6, 0xAA, 0x9E, 0xE5, 0xAA, 0x8E, 0xE3, 0x84, 0x90, 0xE3,
    0x84, 0xA7, 0xE3, 0x84, 0x9D, 0x34, 0xE7, 0x95, 0x8C, 0xE5, 0x80, 0x9F, 0xE4, 0xBB, 0x8B, 0xE6,
    0x88, 0x92, 0xE8, 0x97, 0x89, 0xE5, 0xB1, 0x86, 0xE7, 0x96, 0xA5, 0xE8, 0x8A, 0xA5, 0xE8, 0xAA,
    0xA1, 0xE8, 0xA7, 0xA3, 0xE5, 0x94, 0xB6, 0xE5, 0x96, 0x88, 0xE7, 0x8E, 0xA0, 0xE8, 0x9A, 0xA7,
    0xE7, 0x8A, 0x97, 0xE8, 0xA4, 0xAF, 0xE5, 0x90, 0xA4, 0xE5, 0xB2, 0x95, 0xE4, 0xBB, 0xB7, 0xE7,
    0xA0, 0x8E, 0xE6, 0x82, 0x88, 0xE7, 0xB4, 0x92, 0xE7, 0xA5, 0xB4, 0xE8, 0xBA, 0xA4, 0xE7, 0xB9,
    0xB2, 0xE3, 0x84, 0x90, 0xE3, 0x84, 0xA7, 0xE3, 0x84, 0x9D, 0x35, 0xE5, 0xA7, 0x8A, 0xE3, 0x84,
    0x90, 0xE3, 0x84, 0xA7, 0xE3, 0x84, 0xA0, 0x31, 0xE6, 0x95, 0x99, 0xE4, 0xBA, 0xA4, 0xE8, 0x86,
    0xA0, 0xE9, 0xA9, 0x95, 0xE7, 0x84, 0xA6, 0xE5, 0xAC, 0x8C, 0xE9, 0x83, 0x8A, 0xE8, 0xB7, 0xA4,
    0xE6, 0xBE, 0x86, 0xE8, 0x9B, 0x9F, 0xE8, 0x95, 0x89, 0xE7, 0xA4, 0x81, 0xE6, 0xA4, 0x92, 0xE8,
    0x8C, 0xAD, 0xE5, 0xA7, 0xA3, 0xE9, 0xAE, 0xAB, 0xE5, 0x83, 0xAC, 0xE6, 0x86, 0x8D, 0xE8, 0x89,
    0xBD, 0xE9, 0xB7, 0xA6, 0xE7, 0x87, 0x8B, 0xE8, 0xA9, 0xA8, 0xE9, 0xB1, 0x8E, 0xE9, 0x90, 0x8E,
    0xE9, 0xB5, 0x81, 0xE9, 0xB7, 0xAE, 0xE5, 0x98, 0x84, 0xE6, 0x86, 0xBF, 0xE8, 0x86, 0xB2, 0xE7,
    0xA9, 0x9A, 0xE8, 0x9F, 0x82, 0xE9, 0xB7, 0x8D, 0xE5, 0xB6, 0x95, 0xE8, 0x9F, 0xAD, 0xE5, 0x99,
    0x8D, 0xE3, 0x84, 0x90, 0xE3, 0x84, 0xA7, 0xE3, 0x84, 0xA0, 0x32, 0xE5, 0x9A, 0xBC, 0xE3, 0x84,
    0x90, 0xE3, 0x84, 0xA7, 0xE3, 0x84, 0xA0, 0x33, 0xE8, 0x85, 0xB3, 0xE8, 0xA7, 0x92, 0xE7, 0xB9,
    0xB3, 0xE6, 0x94, 0xAA, 0xE5, 0x8B, 0xA6, 0xE7, 0x9F, 0xAF, 0xE7, 0xB5, 0x9E, 0xE5, 0xA7, 0xA3,
    0xE4, 0xBD, 0xBC, 0xE9, 0xA4, 0x83, 0xE7, 0x9A, 0x8E, 0xE5, 0x83, 0xA5, 0xE5, 0x89, 0xBF, 0xE8,
    0xBC, 0x83, 0xE9, 0x89, 0xB8, 0xE7, 0x8B, 0xA1, 0xE7, 0x9A, 0xA6, 0xE5, 0x84, 0x8C, 0xE7, 0xAD,
    0x8A, 0xE8, 0x9F, 0x9C, 0xE6, 0x91, 0xB7, 0xE6, 0x92, 0x9F, 0xE6, 0x8D, 0x81, 0xE7, 0x81, 0x9A,
    0xE6, 0x9B, 0x92, 0xE6, 0xBC, 0x85, 0xE5, 0x8A, 0x8B, 0xE8, 0xAD, 0x91, 0xE7, 0x85, 0x8D, 0xE5,
    0xBE, 0xBC, 0xE3, 0x84, 0x90, 0xE3, 0x84, 0xA7, 0xE3, 0x84, 0xA0, 0x34, 0xE6, 0x95, 0x99, 0xE5,
    0x8F, 0xAB, 0xE6, 0xA0, 0xA1, 0xE8, 0xBC, 0x83, 0xE8, 0xA6, 0xBA, 0xE8, 0xBD, 0x8E, 0xE7, 0xAA,
    0x96, 0xE7, 0x9A, 0xAD, 0xE9, 0x86, 0xAE, 0xE5, 0xBE, 0xBC, 0xE5, 0x99, 0xAD, 0xE5, 0xB6, 0xA0,
    0xE6, 0x8C, 0x8D, 0xE6, 0x96, 0xA0, 0xE7, 0x8F, 0x93, 0xE9, 0x87, 0x82, 0xE6, 0xBB, 0x98, 0xE7,
    0xAA, 0x8C, 0xE5, 0x98, 0x82, 0xE6, 0xBD, 0x90, 0xE8, 0xAD, 0xA5, 0xE5, 0x99, 0x8D, 0xE3, 0x84,
    0x90, 0xE3, 0x84, 0xA7, 0xE3, 0x84, 0xA1, 0x31, 0xE7, 0xB3, 0xBE, 0xE6, 0x8F, 0xAA, 0xE5, 0x95,
    0xBE, 0xE9, 0xB3, 0xA9, 0xE8, 0xBD, 0x87, 0xE6, 0xB9, 0xAB, 0xE6, 0xA8, 0x9B, 0xE6, 0x8F, 0xAB,
    0xE5, 0x8B, 0xBC, 0xE6, 0x9C, 0xBB, 0xE7, 0x89, 0x9E, 0xE8, 0xA7, 0x93, 0xE6, 0x8F, 0x82, 0xE8,
    0x90, 0x9B, 0xE9, 0xAC, 0xAE, 0xE8, 0xB5, 0xB3, 0xE3, 0x84, 0x90, 0xE3, 0x84, 0xA7, 0xE3, 0x84,
    0xA1, 0x33, 0xE4, 0xB9, 0x9D, 0xE4, 0xB9, 0x85, 0xE9, 0x85, 0x92, 0xE7, 0x8E, 0x96, 0xE8, 0xB5,
    0xB3, 0xE7, 0x81, 0xB8, 0xE9, 0x9F, 0xAD, 0xE7, 0xB3, 0xBE, 0xE3, 0x84, 0x90, 0xE3, 0x84, 0xA7,
    0xE3, 0x84, 0xA1, 0x34, 0xE5, 0xB0, 0xB1, 0xE7, 0xA9, 0xB6, 0xE6, 0x95, 0x91, 0xE8, 0x88, 0x8A,
    0xE8, 0x88, 0x85, 0xE8, 0x87, 0xBC, 0xE6, 0x9F, 0xA9, 0xE7, 0x96, 0x9A, 0xE5, 0x92, 0x8E, 0xE5,
    0x83, 0xA6, 0xE9, 0xB7, 0xB2, 0xE5, 0xBB, 0x84, 0xE6, 0x8D, 0x84, 0xE6, 0x85, 0xA6, 0xE9, 0xAF,
    0xA6, 0xE9, 0xBA, 0x94, 0xE3, 0x84, 0x90, 0xE3, 0x84, 0xA7, 0xE3, 0x84, 0xA1, 0x35, 0xE8, 0x88,
    0x85, 0xE3, 0x84, 0x90, 0xE3, 0x84, 0xA7, 0xE3, 0x84, 0xA2, 0x31, 0xE9, 0x96, 0x93, 0xE7, 0x9B,
    0xA3, 0xE5, 0xA0, 0x85, 0xE5, 0xB0, 0x96, 0xE5, 0x85, 0xBC, 0xE8, 0x82, 0xA9, 0xE8, 0x89, 0xB1,
    0xE5, 0xA5, 0xB8, 0xE5, 0xA7, 0xA6, 0xE7, 0x85, 0x8E, 0xE7, 0xB7, 0x98, 0xE6, 0xBF, 0xBA, 0xE6,
    0xBC, 0xB8, 0xE7, 0xAE, 0x8B, 0xE6, 0xAE, 0xB2, 0xE8, 0x8F, 0x85, 0xE6, 0x88, 0x94, 0xE9, 0x9E,
    0xAC, 0xE7, 0x89, 0x8B, 0xE6, 0xA4, 0xB7, 0xE7, 0xB8, 0x91, 0xE6, 0xB9, 0x94, 0xE7, 0x86, 0xB8,
    0xE8, 0x92, 0xB9, 0xE9, 0xB6, 0xBC, 0xE5, 0xBB, 0x8C, 0xE7, 0x8A, 0x8D, 0xE7, 0xB1, 0x9B, 0xE8,
    0xB1, 0x9C, 0xE9, 0x9F, 0x89, 0xE9, 0xAC, 0x8B, 0xE9, 0x88, 0x83, 0xE9, 0x91, 0xAF, 0xE9, 0xB0,
    0xB9, 0xE9, 0xB0, 0x9C, 0xE6, 0xAB, 0xBC, 0xE7, 0x86, 0x9E, 0xE8, 0x95, 0x91, 0xE6, 0x8F, 0x83,
    0xE6, 0x90, 0x9B, 0xE5, 0xB9, 0xB5, 0xE8, 0x8F, 0xBA, 0xE9, 0x9D, 0xAC, 0xE8, 0x91, 0x8C, 0xE9,
    0xB3, 0xBD, 0xE9, 0xA4, 0xB0, 0xE7, 0xA4, 0x9B, 0xE9, 0xA8, 0x9D, 0xE9, 0xB5, 0xB3, 0xE7, 0x80,
    0xB8, 0xE8, 0x99, 0x83, 0xE6, 0x83, 0xA4, 0xE7, 0x8C, 0x8F, 0xE9, 0xBA, 0x89, 0xE3, 0x84, 0x90,
    0xE3, 0x84, 0xA7, 0xE3, 0x84, 0xA2, 0x33, 0xE7, 0xB0, 0xA1, 0xE6, 0x92, 0xBF, 0xE5, 0x89, 0xAA,
    0xE6, 0xB8, 0x9B, 0xE6, 0xAA, 0xA2, 0xE6, 0x8F, 0x80, 0xE7, 0xB9, 0xAD, 0xE5, 0x84, 0x89, 0xE9,
    0xB9, 0xBC, 0xE6, 0x9F, 0xAC, 0xE7, 0xAD, 0xA7, 0xE7, 0xBF, 0xA6, 0xE8, 0xAC, 0x87, 0xE6, 0x88,
    0xA9, 0xE8, 0xB9, 0x87, 0xE8, 0xAD, 0xBE, 0xE8, 0xB6, 0xBC, 0xE5, 0xA0, 0xBF, 0xE5, 0x9B, 0x9D,
    0xE9, 0xB0, 0x94, 0xE6, 0x8C, 0xB8, 0xE6, 0xB9, 0x95, 0xE7, 0x9E, 0xBC, 0xE5, 0xAF, 0x8B, 0xE8,
    0x97, 0x86, 0xE8, 0xA5, 0xBA, 0xE6, 0x9A, 0x95, 0xE7, 0x91, 0x90, 0xE5, 0xBD, 0x85, 0xE3, 0x84,
    0x90, 0xE3, 0x84, 0xA7, 0xE3, 0x84, 0xA2, 0x34, 0xE8, 0xA6, 0x8B, 0xE5, 0xBB, 0xBA, 0xE5, 0x81,
    0xA5, 0xE6, 0xBC, 0xB8, 0xE4, 0xBB, 0xB6, 0xE9, 0x96, 0x93, 0xE7, 0x9B, 0xA3, 0xE9, 0x8D, 0xB5,
    0xE9, 0x91, 0x91, 0xE7, 0xAE, 0xAD, 0xE5, 0x8A, 0x8D, 0xE8, 0x89, 0xA6, 0xE9, 0x91, 0x92, 0xE8,
    0xB3, 0xA4, 0xE8, 0xB8, 0x90, 0xE8, 0xAB, 0xAB, 0xE6, 0xAF, 0xBD, 0xE8, 0x96, 0xA6, 0xE9, 0xA4,
    0x9E, 0xE8, 0x85, 0xB1, 0xE6, 0xBF, 0xBA, 0xE5, 0x83, 0xAD, 0xE6, 0xAA, 0xBB, 0xE9, 0x96, 0x92,
    0xE6, 0xB4, 0x8A, 0xE4, 0xBF, 0xB4, 0xE7, 0x89, 0xAE, 0xE6, 0xA0, 0xAB, 0xE6, 0xA5, 0x97, 0xE7,
    0x8F, 0x94, 0xE7, 0x80, 0xB3, 0xE6, 0xBE, 0x97, 0xE7, 0x9E, 0xB7, 0xE8, 0x8D, 0x90, 0xE8, 0xAB,
    0x93, 0xE6, 0xA6, 0x97, 0xE7, 0xB3, 0x8B, 0xE9, 0xB0, 0x8E, 0xE8, 0x94, 0xAA, 0xE9, 0x8B, 0xBB,
    0xE8, 0x9E, 0xB9, 0xE8, 0xA5, 0x89, 0xE7, 0xB3, 0xAE, 0xE9, 0x91, 0xB3, 0xE3, 0x84, 0x90, 0xE3,
    0x84, 0xA7, 0xE3, 0x84, 0xA3, 0x31, 0xE4, 0xBB, 0x8A, 0xE9, 0x87, 0x91, 0xE7, 0xA6, 0x81, 0xE6,
    0xB4, 0xA5, 0xE6, 0x96, 0xA4, 0xE5, 0xB7, 0xBE, 0xE7, 0xAD, 0x8B, 0xE8, 0xA5, 0x9F, 0xE7, 0x9F,
    0x9C, 0xE6, 0xB5, 0xB8, 0xE8, 0xA7, 0x94, 0xE8, 0xA1, 0xBF, 0xE7, 0xA5, 0xB2, 0xE7, 0x91, 0xA7,
    0xE8, 0x8F, 0xB3, 0xE7, 0x8F, 0x92, 0xE5, 0x9F, 0x90, 0xE7, 0xB4, 0x9F, 0xE5, 0xB6, 0x9C, 0xE6,
    0x83, 0x8D, 0xE3, 0x84, 0x90, 0xE3, 0x84, 0xA7, 0xE3, 0x84, 0xA3, 0x33, 0xE7, 0xB7, 0x8A, 0xE5,
    0x83, 0x85, 0xE9, 0x8C, 0xA6, 0xE8, 0xAC, 0xB9, 0xE5, 0x84, 0x98, 0xE8, 0xA6, 0xB2, 0xE7, 0x91,
    0xBE, 0xE9, 0xA5, 0x89, 0xE6, 0xA7, 0xBF, 0xE5, 0xA2, 0x90, 0xE6, 0xAE, 0xA3, 0xE5, 0xA0, 0x87,
    0xE6, 0x85, 0xAC, 0xE8, 0x8F, 0xAB, 0xE5, 0xB7, 0xB9, 0xE3, 0x84, 0x90, 0xE3, 0x84, 0xA7, 0xE3,
    0x84, 0xA3, 0x34, 0xE9, 0x80, 0xB2, 0xE8, 0xBF, 0x91, 0xE7, 0x9B, 0xA1, 0xE7, 0xA6, 0x81, 0xE6,
    0x99, 0x89, 0xE5, 0x84, 0x98, 0xE6, 0xB5, 0xB8, 0xE5, 0x8B, 0x81, 0xE8, 0xA6, 0xB2, 0xE7, 0x87,
    0xBC, 0xE5, 0xBB, 0x91, 0xE5, 0x99, 0xA4, 0xE9, 0x9D, 0xB3, 0xE7, 0xB8, 0x89, 0xE5, 0x83, 0x85,
    0xE8, 0x97, 0x8E, 0xE5, 0xA6, 0x97, 0xE8, 0xB4, 0x90, 0xE5, 0xAF, 0x96, 0xE6, 0x90, 0xA2, 0xE8,
    0x82, 0xB5, 0xE7, 0x92, 0xA1, 0xE8, 0xB3, 0xAE, 0xE5, 0xAC, 0xA7, 0xE6, 0xA6, 0x97, 0xE5, 0x83,
    0xB8, 0xE8, 0x93, 0xB3, 0xE7, 0x98, 0xBD, 0xE5, 0x9A, 0x8D, 0xE6, 0xBF, 0x9C, 0xE7, 0x92, 0xB6,
    0xE4, 0xBC, 0x92, 0xE6, 0xBA, 0x8D, 0xE3, 0x84, 0x90, 0xE3, 0x84, 0xA7, 0xE3, 0x84, 0xA4, 0x31,
    0xE5, 0xB0, 0x87, 0xE6, 0xB1, 0x9F, 0xE7, 0x96, 0x86, 0xE5, 0x83, 0xB5, 0xE6, 0xBC, 0xBF, 0xE5,
    0xA7, 0x9C, 0xE8, 0x96, 0x91, 0xE8, 0xB1, 0x87, 0xE6, 0xAE, 0xAD, 0xE9, 0x9F, 0x81, 0xE8, 0x9E,
    0xBF, 0xE6, 0xA9, 0xBF, 0xE8, 0x8C, 0xB3, 0xE7, 0xA4, 0x93, 0xE7, 0x93, 0xA8, 0xE7, 0xBF, 0x9E,
    0xE7, 0xB9, 0xAE, 0xE3, 0x84, 0x90, 0xE3, 0x84, 0xA7, 0xE3, 0x84, 0xA4, 0x33, 0xE8, 0xAC, 0x9B,
    0xE7, 0x8D, 0x8E, 0xE8, 0x94, 0xA3, 0xE6, 0xA7, 0xB3, 0xE9, 0xA1, 0x9C, 0xE8, 0x86, 0x99, 0xE3,
    0x84, 0x90, 0xE3, 0x84, 0xA7, 0xE3, 0x84, 0xA4, 0x34, 0xE9, 0x99, 0x8D, 0xE5, 0x8C, 0xA0, 0xE9,
    0x86, 0xAC, 0xE5, 0xBC, 0xB7, 0xE5, 0xB0, 0x87, 0xE7, 0xB5, 0xB3, 0xE7, 0xB3, 0xA8, 0xE6, 0xB4,
    0x9A, 0xE8, 0xAC, 0xBD, 0xE5, 0xB5, 0xB9, 0xE5, 0xBD, 0x8A, 0xE5, 0xBC, 0xB6, 0xE8, 0xA2, 0xB6,
    0xE6, 0xBC, 0xBF, 0xE5, 0xBC, 0xBA, 0xE3, 0x84, 0x90, 0xE3, 0x84, 0xA7, 0xE3, 0x84, 0xA5, 0x31,
    0xE7, 0xB6, 0x93, 0xE7, 0xB2, 0xBE, 0xE4, 0xBA, 0xAC, 0xE9, 0xA9, 0x9A, 0xE7, 0x9D, 0x9B, 0xE8,
    0x8E, 0x96, 0xE6, 0x99, 0xB6, 0xE8, 0x8F, 0x81, 0xE6, 0x9B, 0xB4, 0xE5, 0x85, 0xA2, 0xE6, 0xB6,
    0x87, 0xE9, 0xAF, 0xA8, 0xE8, 0x8D, 0x8A, 0xE6, 0x97, 0x8C, 0xE7, 0xB2, 0xB3, 0xE9, 0xBB, 0xA5,
    0xE7, 0xAE, 0x90, 0xE9, 0xB6, 0x84, 0xE5, 0xB7, 0xA0, 0xE5, 0xA9, 0x9B, 0xE6, 0x97, 0x8D, 0xE9,
    0xB5, 0x9B, 0xE9, 0xB6, 0x81, 0xE9, 0xBC, 0xB1, 0xE9, 0xBA, 0xA0, 0xE4, 0xBB, 0xB1, 0xE6, 0x83,
    0x8A, 0xE7, 0x95, 0x8A, 0xE3, 0x84, 0x90, 0xE3, 0x84, 0xA7, 0xE3, 0x84, 0xA5, 0x33, 0xE6, 0x99,
    0xAF, 0xE8, 0xAD, 0xA6, 0xE4, 0xBA, 0x95, 0xE9, 0xA0, 0xB8, 0xE9, 0x98, 0xB1, 0xE5, 0x84, 0x86,
    0xE7, 0x92, 0x9F, 0xE6, 0x86, 0xAC, 0xE5, 0x89, 0x84, 0xE7, 0x92, 0xA5, 0xE4, 0xB8, 0xBC, 0xE6,
    0x86, 0xBC, 0xE6, 0x9A, 0xBB, 0xE8, 0x9F, 0xBC, 0xE7, 0x87, 0x9B, 0xE3, 0x84, 0x90, 0xE3, 0x84,
    0xA7, 0xE3, 0x84, 0xA5, 0x34, 0xE6, 0x95, 0xAC, 0xE7, 0xAB, 0x9F, 0xE9, 0x8F, 0xA1, 0xE9, 0x9D,
    0x9C, 0xE5, 0xA2, 0x83, 0xE6, 0xB7, 0xA8, 0xE7, 0xAB, 0xB6, 0xE9, 0x80, 0x95, 0xE5, 0xBE, 0x91,
    0xE9, 0x9D, 0x96, 0xE5, 0x8B, 0x81, 0xE5, 0x87, 0x8A, 0xE8, 0x84, 0x9B, 0xE7, 0x97, 0x99, 0xE7,
    0x8D, 0x8D, 0xE5, 0x80, 0x9E, 0xE9, 0x9D, 0x9A, 0xE7, 0xAB, 0xAB, 0xE5, 0xA9, 0xA7, 0xE6, 0xA1,
    0xB1, 0xE4, 0xBF, 0x93, 0xE5, 0x87, 0x88, 0xE8, 0x91, 0x9D, 0xE6, 0x93, 0x8F, 0xE5, 0xBC, 0xB3,
    0xE7, 0x80, 0x9E, 0xE3, 0x84, 0x90, 0xE3, 0x84, 0xA9, 0x31, 0xE5, 0xB1, 0x85, 0xE6, 0x8B, 0x98,
    0xE9, 0xA7, 0x92, 0xE6, 0xB2, 0xAE, 0xE7, 0x96, 0xBD, 0xE8, 0x9B, 0x86, 0xE7, 0x8B, 0x99, 0xE4,
    0xBF, 0xB1, 0xE8, 0xBB, 0x8A, 0xE6, 0x8D, 0xAE, 0xE9, 0x8B, 0xB8, 0xE8, 0xA3, 0xBE, 0xE8, 0x8B,
    0xB4, 0xE8, 0xB6, 0x84, 0xE7, 0xBD, 0x9D, 0xE8, 0x8F, 0xB9, 0xE5, 0xA8, 0xB5, 0xE6, 0xA4, 0x90,
    0xE8, 0x85, 0x92, 0xE5, 0xB4, 0x8C, 0xE7, 0x97, 0x80, 0xE7, 0x90, 0x9A, 0xE9, 0x9B, 0x8E, 0xE6,
    0xB6, 0xBA, 0xE8, 0x91, 0x85, 0xE9, 0xAE, 0x88, 0xE9, 0xB6, 0x8B, 0xE6, 0x96, 0xAA, 0xE6, 0x8F,
    0x9F, 0xE8, 0x9C, 0x9B, 0xE8, 0xB8, 0x99, 0xE8, 0xBC, 0x8B, 0xE3, 0x84, 0x90, 0xE3, 0x84, 0xA9,
    0x32, 0xE5, 0xB1, 0x80, 0xE9, 0x9E, 0xA0, 0xE8, 0x8F, 0x8A, 0xE6, 0xA9, 0x98, 0xE6, 0x8E, 0xAC,
    0xE8, 0xB7, 0xBC, 0xE6, 0xA1, 0x94, 0xE6, 0x8C, 0xB6, 0xE9, 0x9E, 0xAB, 0xE4, 0xBE, 0xB7, 0xE5,
    0x8C, 0x8A, 0xE8, 0xB8, 0x98, 0xE9, 0x8B, 0xA6, 0xE9, 0xB5, 0x99, 0xE9, 0xB6, 0xAA, 0xE6, 0xA4,
    0x88, 0xE7, 0x84, 0x97, 0xE6, 0xB7, 0x97, 0xE9, 0xA9, 0xA7, 0xE7, 0x8B, 0x8A, 0xE6, 0xA2, 0xAE,
    0xE9, 0x83, 0xB9, 0xE7, 0x8A, 0x91, 0xE8, 0xBC, 0x82, 0xE7, 0xAE, 0xA4, 0xE8, 0xB6, 0x9C, 0xE9,
    0xB5, 0xB4, 0xE8, 0x98, 0x9C, 0xE9, 0xBC, 0xB3, 0xE9, 0x99, 0xB1, 0xE9, 0xA7, 0xB6, 0xE9, 0xB4,
    0x83, 0xE3, 0x84, 0x90, 0xE3, 0x84, 0xA9, 0x33, 0xE8, 0x88, 0x89, 0xE7, 0x9F, 0xA9, 0xE5, 0x92,
    0x80, 0xE8, 0x8E, 0x92, 0xE6, 0xB2, 0xAE, 0xE9, 0xBD, 0x9F, 0xE6, 0xAB, 0xB8, 0xE7, 0xAD, 0xA5,
    0xE8, 0xB8, 0xBD, 0xE8, 0x92, 0x9F, 0xE6, 0xA4, 0x87, 0xE6, 0x9F, 0x9C, 0xE7, 0xAB, 0x98, 0xE8,
    0xA2, 0x93, 0xE8, 0xB7, 0x99, 0xE8, 0x9D, 0xBA, 0xE6, 0x93, 0xA7, 0xE3, 0x84, 0x90, 0xE3, 0x84,
    0xA9, 0x34, 0xE6, 0x93, 0x9A, 0xE5, 0x8F, 0xA5, 0xE5, 0x85, 0xB7, 0xE5, 0xB7, 0xA8, 0xE5, 0x8A,
    0x87, 0xE8, 0x81, 0x9A, 0xE4, 0xBF, 0xB1, 0xE6, 0x8B, 0x92, 0xE8, 0xB7, 0x9D, 0xE9, 0x8B, 0xB8,
    0xE6, 0x87, 0xBC, 0xE9, 0x89, 0x85, 0xE7, 0x82, 0xAC, 0xE8, 0xA9, 0x8E, 0xE9, 0x81, 0xBD, 0xE5,
    0x80, 0xA8, 0xE7, 0x9E, 0xBF, 0xE8, 0xB8, 0x9E, 0xE9, 0xA2, 0xB6, 0xE6, 0xB3, 0x83, 0xE8, 0x8B,
    0xA3, 0xE7, 0xAA, 0xB6, 0xE9, 0x86, 0xB5, 0xE5, 0xB1, 0xA8, 0xE7, 0xA7, 0xAC, 0xE8, 0x99, 0xA1,
    0xE5, 0xAF, 0xA0, 0xE9, 0x90, 0xBB, 0xE4, 0xBD, 0xA2, 0xE6, 0x8D, 0xAE, 0xE7, 0xB2, 0x94, 0xE5,
    0xA7, 0x96, 0xE6, 0x80, 0x9A, 0xE7, 0xB5, 0x87, 0xE8, 0xB6, 0xB3, 0xE8, 0x80, 0x9F, 0xE5, 0xB2,
    0xA0, 0xE5, 0x9F, 0xA7, 0xE8, 0x9A, 0xB7, 0xE9, 0xA7, 0x8F, 0xE6, 0xBE, 0xBD, 0xE8, 0xB2, 0x97,
    0xE8, 0xBA, 0x86, 0xE6, 0xB4, 0xB0, 0xE7, 0x84, 0xA3, 0xE5, 0xA3, 0x89, 0xE7, 0x8A, 0x8B, 0xE6,
    0xB2, 0xAE, 0xE3, 0x84, 0x90, 0xE3, 0x84, 0xA9, 0xE3, 0x84, 0x9D, 0x31, 0xE5, 0x99, 0x98, 0xE5,
    0x97, 0x9F, 0xE6, 0x92, 0x85, 0xE3, 0x84, 0x90, 0xE3, 0x84, 0xA9, 0xE3, 0x84, 0x9D, 0x32, 0xE6,
    0xB1, 0xBA, 0xE8, 0xA6, 0xBA, 0xE7, 0xB5, 0x95, 0xE7, 0x88, 0xB5, 0xE6, 0x8E, 0x98, 0xE5, 0x9A,
    0xBC, 0xE8, 0xA8, 0xA3, 0xE5, 0x8E, 0xA5, 0xE7, 0x8D, 0x97, 0xE8, 0xB9, 0xB6, 0xE8, 0x95, 0xA8,
    0xE5, 0xB4, 0x9B, 0xE6, 0x94, 0xAB, 0xE5, 0x80, 0x94, 0xE7, 0x82, 0x94, 0xE6, 0x8A, 0x89, 0xE5,
    0x99, 0xB1, 0xE7, 0x9F, 0x8D, 0xE8, 0xA7, 0x96, 0xE8, 0xA7, 0x92, 0xE5, 0xAD, 0x93, 0xE7, 0x8E,
    0xA8, 0xE5, 0x8A, 0x82, 0xE6, 0xA9, 0x9B, 0xE7, 0x88, 0x9D, 0xE8, 0xAD, 0x8E, 0xE5, 0xB1, 0xA9,
    0xE8, 0xA7, 0xBC, 0xE7, 0x8E, 0xA6, 0xE8, 0x85, 0xB3, 0xE8, 0x87, 0x84, 0xE8, 0x95, 0x9D, 0xE8,
    0xBA, 0xA9, 0xE6, 0x88, 0x84, 0xE6, 0xA1, 0xB7, 0xE6, 0xBD, 0x8F, 0xE9, 0xB4, 0x83, 0xE8, 0xB2,
    0x9C, 0xE8, 0xB6, 0xB9, 0xE9, 0xB1, 0x96, 0xE5, 0x82, 0x95, 0xE5, 0xB5, 0x91, 0xE7, 0x98, 0x9A,
    0xE8, 0xA0, 0xBC, 0xE9, 0x90, 0x8D, 0xE9, 0x92, 0x81, 0xE7, 0x8E, 0x83, 0xE6, 0x8D, 0x94, 0xE8,
    0x8A, 0xB5, 0xE7, 0x84, 0x86, 0xE9, 0x88, 0x8C, 0xE8, 0x9A, 0x97, 0xE8, 0xB0, 0xBB, 0xE8, 0xB5,
    0xBD, 0xE5, 0x83, 0xAA, 0xE6, 0x86, 0xB0, 0xE8, 0x9F, 0xA8, 0xE5, 0xBD, 0x8F, 0xE9, 0xB1, 0x8A,
    0xE9, 0xB7, 0xA2, 0xE5, 0xA0, 0x80, 0xE6, 0xAE, 0x8C, 0xE7, 0xA9, 0xB1, 0xE3, 0x84, 0x90, 0xE3,
    0x84, 0xA9, 0xE3, 0x84, 0x9D, 0x33, 0xE8, 0xB9, 0xB6, 0xE3, 0x84, 0x90, 0xE3, 0x84, 0xA9, 0xE3,
    0x84, 0x9D, 0x34, 0xE5, 0x80, 0x94, 0xE3, 0x84, 0x90, 0xE3, 0x84, 0xA9, 0xE3, 0x84, 0xA2, 0x31,
    0xE6, 0x8D, 0x90, 0xE5, 0xA8, 0x9F, 0xE9, 0xB5, 0x91, 0xE6, 0xB6, 0x93, 0xE9, 0x90, 0xAB, 0xE5,
    0x9C, 0x88, 0xE8, 0xA0, 0xB2, 0xE6, 0x9C, 0x98, 0xE8, 0xBA, 0xAB, 0xE8, 0x84, 0xA7, 0xE8, 0xA3,
    0x90, 0xE3, 0x84, 0x90, 0xE3, 0x84, 0xA9, 0xE3, 0x84, 0xA2, 0x33, 0xE6, 0x8D, 0xB2, 0xE5, 0x8D,
    0xB7, 0xE5, 0x9F, 0xA2, 0xE8, 0x8F, 0xA4, 0xE8, 0x87, 0x87, 0xE3, 0x84, 0x90, 0xE3, 0x84, 0xA9,
    0xE3, 0x84, 0xA2, 0x34, 0xE5, 0x80, 0xA6, 0xE5, 0x8D, 0xB7, 0xE7, 0x9C, 0xB7, 0xE7, 0xB5, 0xB9,
    0xE9, 0x9B, 0x8B, 0xE6, 0x82, 0x81, 0xE7, 0x8B, 0xB7, 0xE5, 0x9C, 0x88, 0xE7, 0x8D, 0xA7, 0xE7,
    0x9D, 0x8A, 0xE7, 0x9D, 0xA0, 0xE7, 0xBD, 0xA5, 0xE9, 0x84, 0x84, 0xE5, 0xB8, 0xA3, 0xE9, 0x8C,
    0x88, 0xE8, 0x85, 0x83, 0xE9, 0x9F, 0x8F, 0xE9, 0xAC, 0xB3, 0xE3, 0x84, 0x90, 0xE3, 0x84, 0xA9,
    0xE3, 0x84, 0xA3, 0x31, 0xE8, 0xBB, 0x8D, 0xE5, 0x90, 0x9B, 0xE5, 0x9D, 0x87, 0xE9, 0x88, 0x9E,
    0xE7, 0x9A, 0xB8, 0xE5, 0x9B, 0xB7, 0xE9, 0xBA, 0x87, 0xE8, 0x8E, 0x99, 0xE9, 0xAE, 0xB6, 0xE6,
    0xA1, 0xBE, 0xE8, 0x9A, 0x90, 0xE8, 0xA2, 0x80, 0xE9, 0xA0, 0xB5, 0xE9, 0xBE, 0x9C, 0xE7, 0xA2,
    0x85, 0xE3, 0x84, 0x90, 0xE3, 0x84, 0xA9, 0xE3, 0x84, 0xA3, 0x33, 0xE7, 0xAA, 0x98, 0xE8, 0x9C,
    0xA0, 0xE3, 0x84, 0x90, 0xE3, 0x84, 0xA9, 0xE3, 0x84, 0xA3, 0x34, 0xE4, 0xBF, 0x8A, 0xE8, 0x8F,
    0x8C, 0xE9, 0x83, 0xA1, 0xE5, 0xB3, 0xBB, 0xE7, 0xAB, 0xA3, 0xE9, 0x9B, 0x8B, 0xE6, 0xBF, 0xAC,
    0xE9, 0xA7, 0xBF, 0xE8, 0x95, 0x88, 0xE6, 0xB5, 0x9A, 0xE7, 0x8F, 0xBA, 0xE7, 0x95, 0xAF, 0xE7,
    0x84, 0x8C, 0xE6, 0x8D, 0x83, 0xE9, 0xA4, 0x95, 0xE7, 0xAE, 0x98, 0xE5, 0xAF, 0xAF, 0xE6, 0x99,
    0x99, 0xE5, 0x91, 0x81, 0xE9, 0xB5, 0x98, 0xE8, 0x91, 0xB0, 0xE8, 0x94, 0xA8, 0xE3, 0x84, 0x90,
    0xE3, 0x84, 0xA9, 0xE3, 0x84, 0xA5, 0x31, 0xE6, 0x89, 0x83, 0xE5, 0x9D, 0xB0, 0xE9, 0xA7, 0x89,
    0xE3, 0x84, 0x90, 0xE3, 0x84, 0xA9, 0xE3, 0x84, 0xA5, 0x33, 0xE7, 0xAA, 0x98, 0xE8, 0xBF, 0xA5,
    0xE7, 0x85, 0x9A, 0xE6, 0xB3, 0x82, 0xE7, 0x82, 0x85, 0xE7, 0xB5, 0x85, 0xE8, 0xA4, 0xA7, 0xE5,
    0x86, 0x8F, 0xE7, 0x86, 0xB2, 0xE5, 0x9B, 0xA7, 0xE7, 0x9A, 0x9B, 0xE7, 0x82, 0xAF, 0xE5, 0xB9,
    0x9C, 0xE9, 0xA1, 0x88, 0xE3, 0x84, 0x91, 0x31, 0xE3, 0x84, 0x91, 0xE3, 0x84, 0x91, 0xE3, 0x84,
    0xA7, 0x31, 0xE4, 0xB8, 0x83, 0xE5, 0xA6, 0xBB, 0xE6, 0xAC, 0xBA, 0xE6, 0x88, 0x9A, 0xE6, 0xBC,
    0x86, 0xE6, 0xA3, 0xB2, 0xE6, 0x82, 0xBD, 0xE6, 0xB7, 0x92, 0xE6, 0x9F, 0x92, 0xE8, 0x90, 0x8B,
    0xE6, 0x85, 0xBC, 0xE6, 0xBA, 0xAA, 0xE6, 0xB2, 0x8F, 0xE8, 0xAB, 0x86, 0xE9, 0x83, 0xAA, 0xE5,
    0xA8, 0xB8, 0xE9, 0xB8, 0x82, 0xE5, 0x98, 0x81, 0xE9, 0xA1, 0xA3, 0xE6, 0x82, 0x8A, 0xE6, 0xA6,
    0xBF, 0xE7, 0xA3, 0x8E, 0xE5, 0x80, 0x9B, 0xE5, 0x92, 0xA0, 0xE6, 0xA0, 0x96, 0xE8, 0xB0, 0xBF,
    0xE5, 0x87, 0x84, 0xE5, 0x94, 0xAD, 0xE5, 0xBE, 0x9B, 0xE6, 0xA1, 0xBC, 0xE5, 0x83, 0x9B, 0xE7,
    0xB7, 0x80, 0xE7, 0xA3, 0xA9, 0xE9, 0x9C, 0x8B, 0xE9, 0xAD, 0x8C, 0xE9, 0xB6, 0x88, 0xE6, 0x94,
    0xB2, 0xE6, 0xA7, 0xAD, 0xE3, 0x84, 0x91, 0xE3, 0x84, 0xA7, 0x32, 0xE5, 0x85, 0xB6, 0xE6, 0x9C,
    0x9F, 0xE9, 0xBD, 0x8A, 0xE5, 0xA5, 0x87, 0xE6, 0x97, 0x97, 0xE9, 0xA8, 0x8E, 0xE7, 0xA5, 0x88,
    0xE6, 0xA3, 0x8B, 0xE7, 0xA5, 0xBA, 0xE7, 0xA2, 0x81, 0xE7, 0xA5, 0x81, 0xE5, 0xB4, 0x8E, 0xE7,
    0x90, 0xA6, 0xE5, 0xB2, 0x90, 0xE6, 0xAD, 0xA7, 0xE7, 0x90, 0xAA, 0xE9, 0xBA, 0x92, 0xE9, 0xB0,
    0xAD, 0xE7, 0x95, 0xA6, 0xE8, 0x87, 0x8D, 0xE7, 0xA5, 0x87, 0xE8, 0x80, 0x86, 0xE6, 0xB7, 0x87,
    0xE8, 0xB7, 0x82, 0xE6, 0x9E, 0x9D, 0xE7, 0xB6, 0xA6, 0xE9, 0xA8, 0x8F, 0xE8, 0xA1, 0xB9, 0xE8,
    0x98, 0x84, 0xE5, 0x9C, 0xBB, 0xE9, 0x8C, 0xA1, 0xE6, 0x97, 0x82, 0xE8, 0x90, 0x81, 0xE8, 0x9C,
    0x9E, 0xE5, 0x9F, 0xBC, 0xE5, 0xA2, 0x98, 0xE8, 0xA0, 0x90, 0xE9, 0xA0, 0x8E, 0xE6, 0x87, 0xA0,
    0xE8, 0x89, 0xA9, 0xE8, 0x9A, 0x94, 0xE8, 0xBB, 0x9D, 0xE8, 0x97, 0x84, 0xE9, 0x84, 0xBF, 0xE9,
    0xAF, 0x95, 0xE9, 0xAC, 0x90, 0xE8, 0x9A, 0x91, 0xE9, 0x8C, 0xA4, 0xE6, 0x8E, 0x91, 0xE5, 0xB2,
    0x93, 0xE7, 0xA2, 0x95, 0xE7, 0xBF, 0x97, 0xE9, 0x87, 0xAE, 0xE4, 0xBA, 0x93, 0xE8, 0x9A, 0x9A,
    0xE7, 0xA8, 0x98, 0xE9, 0xAC, 0xBF, 0xE8, 0xB8, 0x91, 0xE9, 0xAE, 0xA8, 0xE9, 0xB6, 0x80, 0xE9,
    0xB5, 0xB8, 0xE7, 0x8E, 0x82, 0xE9, 0xBA, 0xA1, 0xE6, 0xBF, 0x9D, 0xE3, 0x84, 0x91, 0xE3, 0x84,
    0xA7, 0x33, 0xE8, 0xB5, 0xB7, 0xE5, 0x95, 0x9F, 0xE8, 0xB1, 0x88, 0xE4, 0xB9, 0x9E, 0xE7, 0xB6,
    0xBA, 0xE6, 0x9D, 0x9E, 0xE7, 0xA8, 0xBD, 0xE7, 0xB6, 0xAE, 0xE5, 0xB1, 0xBA, 0xE6, 0xA3, 0xA8,
    0xE6, 0x95, 0xA7, 0xE8, 0x8A, 0x91, 0xE5, 0xA9, 0x8D, 0xE9, 0x82, 0x94, 0xE8, 0x8A, 0x9E, 0xE5,
    0x91, 0x87, 0xE5, 0x95, 0x93, 0xE3, 0x84, 0x91, 0xE3, 0x84, 0xA7, 0x34, 0xE4, 0xBC, 0x81, 0xE6,
    0xB0, 0xA3, 0xE5, 0x99, 0xA8, 0xE6, 0xB1, 0xBD, 0xE6, 0xA3, 0x84, 0xE5, 0xA5, 0x91, 0xE7, 0xA0,
    0x8C, 0xE6, 0xB3, 0xA3, 0xE8, 0xBF, 0x84, 0xE8, 0xA8, 0x96, 0xE6, 0xB1, 0x94, 0xE6, 0x86, 0xA9,
    0xE7, 0xB7, 0x9D, 0xE4, 0xBA, 0x9F, 0xE8, 0x91, 0xBA, 0xE7, 0xA3, 0xA7, 0xE6, 0xA0, 0x94, 0xE6,
    0x84, 0x92, 0xE5, 0xA6, 0xBB, 0xE8, 0x9F, 0xBF, 0xE9, 0x8F, 0x9A, 0xE7, 0x9B, 0xB5, 0xE8, 0x9A,
    0x91, 0xE5, 0xBF, 0x94, 0xE6, 0xB9, 0x86, 0xE6, 0xB0, 0x94, 0xE8, 0xAB, 0xBF, 0xE6, 0xB9, 0x87,
    0xE7, 0x94, 0x88, 0xE9, 0xBC, 0x9C, 0xE3, 0x84, 0x91, 0xE3, 0x84, 0xA7, 0xE3, 0x84, 0x9A, 0x31,
    0xE6, 0x8E, 0x90, 0xE3, 0x84, 0x91, 0xE3, 0x84, 0xA7, 0xE3, 0x84, 0x9A, 0x33, 0xE5, 0x8D, 0xA1,
    0xE9, 0x85, 0xA0, 0xE3, 0x84, 0x91, 0xE3, 0x84, 0xA7, 0xE3, 0x84, 0x9A, 0x34, 0xE6, 0x81, 0xB0,
    0xE6, 0xB4, 0xBD, 0xE5, 0xB8, 0xA2, 0xE6, 0x84, 0x98, 0xE6, 0xAE, 0x8E, 0xE3, 0x84, 0x91, 0xE3,
    0x84, 0xA7, 0xE3, 0x84, 0x9D, 0x31, 0xE5, 0x88, 0x87, 0xE6, 0xB2, 0x8F, 0xE3, 0x84, 0x91, 0xE3,
    0x84, 0xA7, 0xE3, 0x84, 0x9D, 0x32, 0xE8, 0x8C, 0x84, 0xE4, 0xBC, 0xBD, 0xE7, 0x99, 0xBF, 0xE3,
    0x84, 0x91, 0xE3, 0x84, 0xA7, 0xE3, 0x84, 0x9D, 0x33, 0xE4, 0xB8, 0x94, 0xE3, 0x84, 0x91, 0xE3,
    0x84, 0xA7, 0xE3, 0x84, 0x9D, 0x34, 0xE5, 0x88, 0x87, 0xE7, 0xAB, 0x8A, 0xE5, 0xA6, 0xBE, 0xE6,
    0x80, 0xAF, 0xE6, 0x84, 0x9C, 0xE6, 0x8C, 0x88, 0xE7, 0xAF, 0x8B, 0xE9, 0x8D, 0xA5, 0xE5, 0xA5,
    0x91, 0xE6, 0x9C, 0x85, 0xE8, 0xB8, 0xA5, 0xE9, 0xAF, 0x9C, 0xE8, 0x9B, 0xAA, 0xE7, 0xB7, 0x80,
    0xE8, 0x97, 0x92, 0xE6, 0xB4, 0xAF, 0xE3, 0x84, 0x91, 0xE3, 0x84, 0xA7, 0xE3, 0x84, 0xA0, 0x31,
    0xE6, 0x95, 0xB2, 0xE9, 0x8D, 0xAC, 0xE6, 0xA9, 0x87, 0xE6, 0x92, 0xAC, 0xE8, 0xB9, 0xBA, 0xE7,
    0xA3, 0xBD, 0xE8, 0xB9, 0xBB, 0xE5, 0xA2, 0x9D, 0xE5, 0xB9, 0xA7, 0xE7, 0xB9, 0x91, 0xE9, 0xAB,
    0x9C, 0xE9, 0x90, 0xB0, 0xE9, 0x8F, 0x92, 0xE5, 0xA1, 0x99, 0xE9, 0x84, 0xA1, 0xE5, 0xA2, 0xBD,
    0xE9, 0xAA, 0xB9, 0xE5, 0xBA, 0xA8, 0xE9, 0x83, 0xBB, 0xE9, 0xA0, 0x9D, 0xE3, 0x84, 0x91, 0xE3,
    0x84, 0xA7, 0xE3, 0x84, 0xA0, 0x32, 0xE6, 0xA9, 0x8B, 0xE7, 0x9E, 0xA7, 0xE5, 0x83, 0x91, 0xE5,
    0x96, 0xAC, 0xE6, 0xA8, 0xB5, 0xE7, 0xBF, 0xB9, 0xE6, 0x86, 0x94, 0xE8, 0x95, 0x8E, 0xE7, 0xA4,
    0x84, 0xE8, 0xAD, 0x99, 0xE7, 0xB0, 0xA5, 0xE8, 0xB6, 0xAB, 0xE7, 0x87, 0x86, 0xE5, 0x8A, 0x81,
    0xE5, 0x98, 0xBA, 0xE5, 0xAB, 0xB6, 0xE8, 0xB6, 0xAC, 0xE6, 0x95, 0xBF, 0xE3, 0x84, 0x91, 0xE3,
    0x84, 0xA7, 0xE3, 0x84, 0xA0, 0x33, 0xE5, 0xB7, 0xA7, 0xE6, 0x82, 0x84, 0xE6, 0x84, 0x80, 0xE9,
    0xB5, 0xB2, 0xE9, 0x9B, 0x80, 0xE7, 0x87, 0x8B, 0xE9, 0xA0, 0x9D, 0xE3, 0x84, 0x91, 0xE3, 0x84,
    0xA7, 0xE3, 0x84, 0xA0, 0x34, 0xE7, 0xBF, 0xB9, 0xE7, 0xAB, 0x85, 0xE4, 0xBF, 0x8F, 0xE5, 0xB3,
    0xAD, 0xE9, 0x9E, 0x98, 0xE8, 0xAA, 0x9A, 0xE6, 0x92, 0xAC, 0xE8, 0xB9, 0xBA, 0xE6, 0xAE, 0xBC,
    0xE5, 0xB8, 0xA9, 0xE6, 0x92, 0xBD, 0xE8, 0xBA, 0x88, 0xE3, 0x84, 0x91, 0xE3, 0x84, 0xA7, 0xE3,
    0x84, 0xA1, 0x31, 0xE7, 0xA7, 0x8B, 0xE9, 0x82, 0xB1, 0xE4, 0xB8, 0x98, 0xE8, 0x9A, 0xAF, 0xE9,
    0x9E, 0xA6, 0xE9, 0xB0, 0x8D, 0xE9, 0xB6, 0x96, 0xE6, 0xA5, 0xB8, 0xE5, 0x9D, 0xB5, 0xE8, 0x90,
    0xA9, 0xE5, 0x81, 0xA2, 0xE7, 0xB7, 0xA7, 0xE5, 0xAA, 0x9D, 0xE8, 0x93, 0xB2, 0xE8, 0xB6, 0xA5,
    0xE9, 0xBE, 0x9C, 0xE6, 0x81, 0x98, 0xE8, 0x9D, 0xB5, 0xE8, 0x9F, 0x97, 0xE8, 0xA0, 0xA4, 0xE3,
    0x84, 0x91, 0xE3, 0x84, 0xA7, 0xE3, 0x84, 0xA1, 0x32, 0xE6, 0xB1, 0x82, 0xE7, 0x90, 0x83, 0xE5,
    0x9B, 0x9A, 0xE4, 0xBB, 0x87, 0xE9, 0x85, 0x8B, 0xE8, 0xA3, 0x98, 0xE9, 0x81, 0x92, 0xE6, 0xAF,
    0xAC, 0xE6, 0xB3, 0x85, 0xE9, 0xB0, 0xBD, 0xE9, 0x80, 0x91, 0xE4, 0xBF, 0x85, 0xE5, 0x8E, 0xB9,
    0xE7, 0x92, 0x86, 0xE7, 0xB5, 0xBF, 0xE8, 0x89, 0xBD, 0xE8, 0x99, 0xAF, 0xE8, 0x9D, 0xA4, 0xE8,
    0xA7, 0xA9, 0xE8, 0xB3, 0x95, 0xE7, 0x9B, 0x9A, 0xE9, 0x8A, 0xB6, 0xE9, 0xA0, 0x84, 0xE9, 0xBC,
    0xBD, 0xE8, 0xA8, 0x84, 0xE7, 0x8A, 0xB0, 0xE6, 0x9C, 0xB9, 0xE6, 0xA2, 0x82, 0xE9, 0x87, 0x9A,
    0xE7, 0x85, 0xAA, 0xE8, 0x8B, 0xAC, 0xE7, 0xB4, 0x8C, 0xE8, 0x84, 0x99, 0xE8, 0x8E, 0x8D, 0xE5,
    0xB4, 0xB7, 0xE5, 0x83, 0x8B, 0xE8, 0x9B, 0xB7, 0xE9, 0xAE, 0x82, 0xE9, 0xAF, 0x84, 0xE6, 0xAE,
    0x8F, 0xE3, 0x84, 0x91, 0xE3, 0x84, 0xA7, 0xE3, 0x84, 0xA1, 0x33, 0xE7, 0xB3, 0x97, 0xE3, 0x84,
    0x91, 0xE3, 0x84, 0xA7, 0xE3, 0x84, 0xA2, 0x31, 0xE5, 0x8D, 0x83, 0xE9, 0x89, 0x9B, 0xE9, 0x81,
    0xB7, 0xE7, 0xB0, 0xBD, 0xE7, 0x89, 0xBD, 0xE8, 0xAC, 0x99, 0xE7, 0xB1, 0xA4, 0xE5, 0xB5, 0x8C,
    0xE4, 0xBB, 0x9F, 0xE9, 0x98, 0xA1, 0xE9, 0x9F, 0x86, 0xE9, 0xA8, 0xAB, 0xE6, 0x84, 0x86, 0xE5,
    0x83, 0x89, 0xE6, 0x85, 0xB3, 0xE6, 0x90, 0xB4, 0xE8, 0xA4, 0xB0, 0xE7, 0xB2, 0x81, 0xE5, 0xB2,
    0x8D, 0xE6, 0xB1, 0xA7, 0xE7, 0xB8, 0xB4, 0xE8, 0x8A, 0x8A, 0xE6, 0x8E, 0x94, 0xE6, 0x89, 0xA6,
    0xE6, 0xAA, 0xB6, 0xE9, 0x90, 0xB1, 0xE5, 0xA9, 0x9C, 0xE6, 0x94, 0x90, 0xE6, 0x94, 0x93, 0xE8,
    0xAD, 0xA3, 0xE9, 0xA1, 0xA9, 0xE5, 0xA5, 0xB7, 0xE5, 0xBF, 0x8F, 0xE9, 0xA1, 0x85, 0xE9, 0xBA,
    0x89, 0xE6, 0xAB, 0x8F, 0xE3, 0x84, 0x91, 0xE3, 0x84, 0xA7, 0xE3, 0x84, 0xA2, 0x32, 0xE5, 0x89,
    0x8D, 0xE9, 0x8C, 0xA2, 0xE4, 0xB9, 0xBE, 0xE6, 0xBD, 0x9B, 0xE9, 0xBB, 0x94, 0xE9, 0x89, 0x97,
    0xE8, 0x99, 0x94, 0xE7, 0xAE, 0x9D, 0xE9, 0x88, 0x90, 0xE6, 0x8E, 0xAE, 0xE5, 0xAA, 0x8A, 0xE6,
    0x8F, 0xB5, 0xE7, 0x87, 0x82, 0xE6, 0x8B, 0x91, 0xE9, 0xAC, 0xB5, 0xE7, 0x81, 0x8A, 0xE9, 0xBB,
    0x9A, 0xE5, 0xBF, 0xB4, 0xE6, 0x89, 0xB2, 0xE5, 0xB2, 0x92, 0xE6, 0xBC, 0xA7, 0xE8, 0x91, 0xA5,
    0xE9, 0xB3, 0xB9, 0xE9, 0xA8, 0x9A, 0xE9, 0xB0, 0xAC, 0xE4, 0xBB, 0xB1, 0xE5, 0xA7, 0x8F, 0xE8,
    0x9A, 0x99, 0xE8, 0xBB, 0xA1, 0xE6, 0xA6, 0xA9, 0xE3, 0x84, 0x91, 0xE3, 0x84, 0xA7, 0xE3, 0x84,
    0xA2, 0x33, 0xE9, 0x81, 0xA3, 0xE6, 0xB7, 0xBA, 0xE8, 0xAD, 0xB4, 0xE7, 0xB9, 0xBE, 0xE6, 0xA7,
    0x8F, 0xE6, 0x92, 0x96, 0xE5, 0xBF, 0x8F, 0xE8, 0x9C, 0xB8, 0xE6, 0xBD, 0x9B, 0xE5, 0x97, 0x9B,
    0xE3, 0x84, 0x91, 0xE3, 0x84, 0xA7, 0xE3, 0x84, 0xA2, 0x34, 0xE6, 0xAC, 0xA0, 0xE6, 0xAD, 0x89,
    0xE5, 0x80, 0xA9, 0xE6, 0x85, 0x8A, 0xE8, 0x8C, 0x9C, 0xE5, 0xA1, 0xB9, 0xE8, 0x8A, 0xA1, 0xE5,
    0x82, 0x94, 0xE5, 0x97, 0x9B, 0xE6, 0xA7, 0xA7, 0xE7, 0xB8, 0xB4, 0xE7, 0xAF, 0x9F, 0xE7, 0xB6,
    0xAA, 0xE6, 0xA3, 0x88, 0xE8, 0x92, 0xA8, 0xE8, 0xBC, 0xA4, 0xE5, 0xB5, 0x8C, 0xE3, 0x84, 0x91,
    0xE3, 0x84, 0xA7, 0xE3, 0x84, 0xA3, 0x31, 0xE8, 0xA6, 0xAA, 0xE4, 0xBE, 0xB5, 0xE6, 0xAC, 0xBD,
    0xE8, 0xA1, 0xBE, 0xE9, 0xA7, 0xB8, 0xE5, 0xB6, 0x94, 0xE7, 0xB6, 0x85, 0xE7, 0x80, 0x99, 0xE9,
    0x8B, 0x9F, 0xE3, 0x84, 0x91, 0xE3, 0x84, 0xA7, 0xE3, 0x84, 0xA3, 0x32, 0xE5, 0x8B, 0xA4, 0xE7,
    0x90, 0xB4, 0xE7, 0xA7, 0xA6, 0xE7, 0xA6, 0xBD, 0xE6, 0x93, 0x92, 0xE8, 0x8A, 0xB9, 0xE6, 0xAA,
    0x8E, 0xE6, 0x87, 0x83, 0xE5, 0x99, 0x99, 0xE8, 0x8A, 0xA9, 0xE8, 0x9E, 0x93, 0xE9, 0x88, 0x99,
    0xE5, 0xAB, 0x80, 0xE6, 0x96, 0xB3, 0xE8, 0x80, 0xB9, 0xE9, 0x9D, 0xB2, 0xE6, 0xBE, 0xBF, 0xE5,
    0xBA, 0x88, 0xE8, 0x82, 0xA3, 0xE8, 0x9A, 0x99, 0xE8, 0xBB, 0xA1, 0xE9, 0x9B, 0x82, 0xE3, 0x84,
    0x91, 0xE3, 0x84, 0xA7, 0xE3, 0x84, 0xA3, 0x33, 0xE5, 0xAF, 0xA2, 0xE6, 0x98, 0x91, 0xE5, 0xAF,
    0x91, 0xE6, 0x9B, 0x8B, 0xE8, 0x9E, 0xBC, 0xE5, 0x9D, 0x85, 0xE9, 0xA1, 0x89, 0xE3, 0x84, 0x91,
    0xE3, 0x84, 0xA7, 0xE3, 0x84, 0xA3, 0x34, 0xE6, 0xB2, 0x81, 0xE6, 0x92, 0xB3, 0xE5, 0x94, 0x9A,
    0xE8, 0xA6, 0xAA, 0xE8, 0x8F, 0xA3, 0xE3, 0x84, 0x91, 0xE3, 0x84, 0xA7, 0xE3, 0x84, 0xA4, 0x31,
    0xE6, 0xA7, 0x8D, 0xE8, 0x85, 0x94, 0xE9, 0x8E, 0x97, 0xE7, 0xBE, 0x8C, 0xE5, 0x97, 0x86, 0xE6,
    0x90, 0xB6, 0xE9, 0x8F, 0x98, 0xE9, 0x8F, 0xB9, 0xE8, 0x9C, 0xA3, 0xE8, 0xB9, 0x8C, 0xE6, 0x96,
    0xA8, 0xE7, 0x91, 0xB2, 0xE6, 0xA4, 0x8C, 0xE8, 0xB9, 0xA1, 0xE9, 0x8C, 0x86, 0xE7, 0x9F, 0xBC,
    0xE5, 0xB6, 0x88, 0xE5, 0xB0, 0x87, 0xE7, 0x89, 0x84, 0xE8, 0xAC, 0x92, 0xE3, 0x84, 0x91, 0xE3,
    0x84, 0xA7, 0xE3, 0x84, 0xA4, 0x32, 0xE5, 0xBC, 0xB7, 0xE7, 0x89, 0x86, 0xE8, 0x96, 0x94, 0xE6,
    0x88, 0x95, 0xE5, 0xA2, 0xBB, 0xE5, 0xAC, 0x99, 0xE6, 0xAA, 0xA3, 0xE7, 0x88, 0xBF, 0xE6, 0xBC,
    0x92, 0xE8, 0x98, 0xA0, 0xE5, 0xBB, 0xA7, 0xE5, 0xBD, 0x8A, 0xE5, 0xBC, 0xBA, 0xE3, 0x84, 0x91,
    0xE3, 0x84, 0xA7, 0xE3, 0x84, 0xA4, 0x33, 0xE5, 0xBC, 0xB7, 0xE6, 0x90, 0xB6, 0xE8, 0xA5, 0x81,
    0xE7, 0xA3, 0xA2, 0xE5, 0x82, 0xB8, 0xE5, 0xA2, 0x8F, 0xE7, 0xB9, 0x88, 0xE7, 0xBE, 0xA5, 0xE5,
    0xBC, 0xBA, 0xE3, 0x84, 0x91, 0xE3, 0x84, 0xA7, 0xE3, 0x84, 0xA4, 0x34, 0xE5, 0x97, 0x86, 0xE7,
    0xBE, 0xBB, 0xE5, 0x94, 0xB4, 0xE7, 0x86, 0x97, 0xE8, 0xB9, 0x8C, 0xE3, 0x84, 0x91, 0xE3, 0x84,
    0xA7, 0xE3, 0x84, 0xA5, 0x31, 0xE6, 0xB8, 0x85, 0xE9, 0x9D, 0x92, 0xE8, 0xBC, 0x95, 0xE5, 0x82,
    0xBE, 0xE5, 0x8D, 0xBF, 0xE6, 0xB0, 0xAB, 0xE8, 0x9C, 0xBB, 0xE9, 0xA0, 0x83, 0xE9, 0xAF, 0x96,
    0xE5, 0x9C, 0x8A, 0xE6, 0xB0, 0xB0, 0xE7, 0x8B, 0x85, 0xE9, 0x83, 0xAC, 0xE3, 0x84, 0x91, 0xE3,
    0x84, 0xA7, 0xE3, 0x84, 0xA5, 0x32, 0xE6, 0x83, 0x85, 0xE6, 0x99, 0xB4, 0xE6, 0x93, 0x8E, 0xE6,
    0xAA, 0xA0, 0xE5, 0x8B, 0x8D, 0xE6, 0xAE, 0x91, 0xE6, 0xA8, 0x88, 0xE6, 0xAE, 0x8C, 0xE9, 0xBB,
    0xA5, 0xE3, 0x84, 0x91, 0xE3, 0x84, 0xA7, 0xE3, 0x84, 0xA5, 0x33, 0xE8, 0xAB, 0x8B, 0xE9, 0xA0,
    0x83, 0xE5, 0xBB, 0x8E, 0xE3, 0x84, 0x91, 0xE3, 0x84, 0xA7, 0xE3, 0x84, 0xA5, 0x34, 0xE6, 0x85,
    0xB6, 0xE7, 0xBD, 0x84, 0xE8, 0xA6, 0xAA, 0xE5, 0x87, 0x8A, 0xE7, 0xB6, 0xAE, 0xE8, 0xAC, 0xA6,
    0xE7, 0xA3, 0xAC, 0xE6, 0xBC, 0x80, 0xE6, 0xB1, 0xAB, 0xE9, 0x91, 0x8B, 0xE9, 0x9D, 0x98, 0xE6,
    0x8E, 0x85, 0xE7, 0xA2, 0x83, 0xE7, 0xBD, 0x8A, 0xE3, 0x84, 0x91, 0xE3, 0x84, 0xA9, 0x31, 0xE5,
    0x8D, 0x80, 0xE5, 0xB1, 0x88, 0xE9, 0xA9, 0x85, 0xE8, 0xB6, 0xA8, 0xE8, 0xBB, 0x80, 0xE5, 0xB6,
    0x87, 0xE6, 0x9B, 0xB2, 0xE8, 0x9B, 0x86, 0xE7, 0x9E, 0xBF, 0xE8, 0xA2, 0xAA, 0xE6, 0x95, 0xBA,
    0xE8, 0x9B, 0x90, 0xE4, 0xBD, 0x89, 0xE7, 0xA0, 0xA0, 0xE8, 0x83, 0xA0, 0xE5, 0xB2, 0xA8, 0xE7,
    0xA5, 0x9B, 0xE5, 0x91, 0xBF, 0xE5, 0x87, 0xB5, 0xE6, 0x8A, 0xBE, 0xE9, 0x98, 0xB9, 0xE9, 0x95,
    0xBC, 0xE9, 0xAD, 0xBC, 0xE9, 0xB6, 0x8C, 0xE9, 0xB1, 0x8B, 0xE7, 0xB4, 0xB6, 0xE9, 0xAB, 0xB7,
    0xE3, 0x84, 0x91, 0xE3, 0x84, 0xA9, 0x32, 0xE6, 0xB8, 0xA0, 0xE5, 0x8A, 0xAC, 0xE9, 0xBA, 0xB4,
    0xE8, 0xA1, 0xA2, 0xE8, 0x9F, 0x9D, 0xE7, 0x9E, 0xBF, 0xE7, 0xB1, 0xA7, 0xE7, 0x92, 0xA9, 0xE6,
    0xB0, 0x8D, 0xE8, 0x98, 0xA7, 0xE7, 0xA3, 0xB2, 0xE8, 0x95, 0x96, 0xE6, 0x9C, 0x90, 0xE8, 0xBB,
    0xA5, 0xE9, 0xB4, 0x9D, 0xE7, 0xBF, 0x91, 0xE8, 0x91, 0x8B, 0xE8, 0xB1, 0xA6, 0xE6, 0x87, 0x85,
    0xE8, 0x9E, 0xB6, 0xE9, 0xBC, 0xA9, 0xE5, 0x8C, 0xB7, 0xE7, 0x81, 0x88, 0xE6, 0xAC, 0x8B, 0xE8,
    0x87, 0x9E, 0xE8, 0xA0, 0xB7, 0xE8, 0xBA, 0xA3, 0xE8, 0x83, 0x8A, 0xE6, 0x96, 0xAA, 0xE6, 0xB7,
    0xAD, 0xE8, 0x8F, 0x83, 0xE7, 0xBF, 0xB5, 0xE3, 0x84, 0x91, 0xE3, 0x84, 0xA9, 0x33, 0xE5, 0x8F,
    0x96, 0xE6, 0x9B, 0xB2, 0xE5, 0xA8, 0xB6, 0xE9, 0xBD, 0xB2, 0xE6, 0xB5, 0x80, 0xE7, 0xB4, 0xB6,
    0xE3, 0x84, 0x91, 0xE3, 0x84, 0xA9, 0x34, 0xE5, 0x8E, 0xBB, 0xE8, 0xB6, 0xA3, 0xE5, 0xA8, 0xB6,
    0xE6, 0xBC, 0x86, 0xE8, 0xA6, 0xB7, 0xE9, 0x97, 0x83, 0xE6, 0xB9, 0xA8, 0xE9, 0xBA, 0xAE, 0xE5,
    0x88, 0x9E, 0xE9, 0xBC, 0x81, 0xE3, 0x84, 0x91, 0xE3, 0x84, 0xA9, 0xE3, 0x84, 0x9D, 0x31, 0xE7,
    0xBC, 0xBA, 0xE9, 0x97, 0x95, 0xE8, 0x92, 0x9B, 0xE3, 0x84, 0x91, 0xE3, 0x84, 0xA9, 0xE3, 0x84,
    0x9D, 0x32, 0xE7, 0x98, 0xB8, 0xE3, 0x84, 0x91, 0xE3, 0x84, 0xA9, 0xE3, 0x84, 0x9D, 0x34, 0xE5,
    0x8D, 0xBB, 0xE7, 0xA2, 0xBA, 0xE9, 0xB5, 0xB2, 0xE9, 0x9B, 0x80, 0xE6, 0x80, 0xAF, 0xE9, 0x97,
    0x95, 0xE6, 0xA6, 0xB7, 0xE6, 0x90, 0x89, 0xE6, 0x81, 0xAA, 0xE6, 0xAE, 0xBC, 0xE9, 0x97, 0x8B,
    0xE6, 0x84, 0xA8, 0xE5, 0x9F, 0x86, 0xE7, 0xA1, 0xAE, 0xE7, 0xA2, 0x8F, 0xE7, 0xA2, 0xBB, 0xE7,
    0xA4, 0x90, 0xE7, 0xA1, 0x9E, 0xE7, 0x9A, 0xB5, 0xE6, 0xAF, 0x83, 0xE7, 0xA4, 0xAD, 0xE5, 0x8D,
    0xB4, 0xE3, 0x84, 0x91, 0xE3, 0x84, 0xA9, 0xE3, 0x84, 0xA2, 0x31, 0xE5, 0x9C, 0x88, 0xE6, 0x82,
    0x9B, 0xE6, 0xA3, 0xAC, 0xE5, 0xBC, 0xAE, 0xE7, 0xB5, 0x9F, 0xE6, 0x83, 0x93, 0xE3, 0x84, 0x91,
    0xE3, 0x84, 0xA9, 0xE3, 0x84, 0xA2, 0x32, 0xE5, 0x85, 0xA8, 0xE6, 0xAC, 0x8A, 0xE6, 0xB3, 0x89,
    0xE8, 0xA9, 0xAE, 0xE6, 0x8B, 0xB3, 0xE9, 0x8A, 0x93, 0xE7, 0x97, 0x8A, 0xE9, 0xA1, 0xB4, 0xE8,
    0x9C, 0xB7, 0xE7, 0xAD, 0x8C, 0xE5, 0x8D, 0xB7, 0xE8, 0x8D, 0x83, 0xE9, 0xAC, 0x88, 0xE7, 0x89,
    0xB7, 0xE8, 0xBC, 0x87, 0xE4, 0xBD, 0xBA, 0xE7, 0x8A, 0xAC, 0xE8, 0xB8, 0xA1, 0xE9, 0x86, 0x9B,
    0xE6, 0x81, 0xAE, 0xE5, 0xA9, 0x98, 0xE7, 0x8A, 0x88, 0xE8, 0xA7, 0xA0, 0xE9, 0xA7, 0xA9, 0xE5,
    0xB7, 0x8F, 0xE9, 0xBD, 0xA4, 0xE8, 0xA0, 0xB8, 0xE5, 0xA7, 0xBE, 0xE7, 0x91, 0x94, 0xE8, 0xB7,
    0xA7, 0xE7, 0xB8, 0x93, 0xE7, 0x81, 0xA5, 0xE3, 0x84, 0x91, 0xE3, 0x84, 0xA9, 0xE3, 0x84, 0xA2,
    0x33, 0xE7, 0x8A, 0xAC, 0xE7, 0xB6, 0xA3, 0xE7, 0x94, 0xBD, 0xE7, 0x95, 0x8E, 0xE7, 0x90, 0x84,
    0xE8, 0x99, 0x87, 0xE6, 0xB1, 0xB1, 0xE5, 0x9C, 0x88, 0xE3, 0x84, 0x91, 0xE3, 0x84, 0xA9, 0xE3,
    0x84, 0xA2, 0x34, 0xE5, 0x8B, 0xB8, 0xE5, 0x88, 0xB8, 0xE7, 0x89, 0xB6, 0xE7, 0x83, 0x87, 0xE7,
    0xB5, 0xAD, 0xE3, 0x84, 0x91, 0xE3, 0x84, 0xA9, 0xE3, 0x84, 0xA3, 0x31, 0xE9, 0x80, 0xA1, 0xE8,
    0xB8, 0x86, 0xE5, 0xB3, 0xAE, 0xE3, 0x84, 0x91, 0xE3, 0x84, 0xA9, 0xE3, 0x84, 0xA3, 0x32, 0xE7,
    0xBE, 0xA4, 0xE8, 0xA3, 0x99, 0xE5, 0xAE, 0xAD, 0xE7, 0xBE, 0xA3, 0xE9, 0xBA, 0x95, 0xE3, 0x84,
    0x91, 0xE3, 0x84, 0xA9, 0xE3, 0x84, 0xA5, 0x31, 0xE8, 0x8A, 0x8E, 0xE7, 0xA9, 0xB9, 0xE9, 0x8A,
    0x8E, 0xE3, 0x84, 0x91, 0xE3, 0x84, 0xA9, 0xE3, 0x84, 0xA5, 0x32, 0xE7, 0xAA, 0xAE, 0xE7, 0x93,
    0x8A, 0xE8, 0x8A, 0x8E, 0xE7, 0xA9, 0xB9, 0xE8, 0xB7, 0xAB, 0xE8, 0x9B, 0xA9, 0xE6, 0x83, 0xB8,
    0xE9, 0x82, 0x9B, 0xE7, 0x92, 0x9A, 0xE8, 0x97, 0xAD, 0xE7, 0x9E, 0x8F, 0xE7, 0x85, 0xA2, 0xE7,
    0xAD, 0x87, 0xE8, 0xBC, 0x81, 0xE8, 0x97, 0x91, 0xE6, 0xA1, 0x8F, 0xE8, 0xB5, 0xB9, 0xE7, 0xAC,
    0xBB, 0xE6, 0xA9, 0xA9, 0xE8, 0x92, 0x86, 0xE3, 0x84, 0x92, 0x31, 0xE3, 0x84, 0x92, 0xE3, 0x84,
    0x92, 0xE3, 0x84, 0xA7, 0x31, 0xE8, 0xA5, 0xBF, 0xE5, 0xB8, 0x8C, 0xE5, 0x90, 0xB8, 0xE6, 0x94,
    0x9C, 0xE5, 0x98, 0xBB, 0xE7, 0x8A, 0xA7, 0xE7, 0xA8, 0x80, 0xE6, 0x82, 0x89, 0xE6, 0xBA, 0xAA,
    0xE6, 0x9E, 0x90, 0xE8, 0x9F, 0x8B, 0xE7, 0x86, 0x99, 0xE7, 0xA6, 0xA7, 0xE8, 0x86, 0x9D, 0xE6,
    0xA3, 0xB2, 0xE9, 0x87, 0x90, 0xE5, 0xAC, 0x89, 0xE5, 0x85, 0xAE, 0xE7, 0x8A, 0x80, 0xE6, 0x99,
    0xB0, 0xE7, 0xBE, 0xB2, 0xE7, 0x95, 0xA6, 0xE6, 0x9B, 0xA6, 0xE5, 0x83, 0x96, 0xE8, 0x9C, 0xA5,
    0xE6, 0x89, 0xB1, 0xE7, 0x86, 0xB9, 0xE5, 0xA5, 0x9A, 0xE7, 0x9B, 0xBB, 0xE8, 0xA7, 0xBF, 0xE8,
    0xAD, 0x86, 0xE6, 0x99, 0x9E, 0xE6, 0xAC, 0xB7, 0xE8, 0xB9, 0x8A, 0xE6, 0xA8, 0xA8, 0xE5, 0xB7,
    0x87, 0xE6, 0xB7, 0x85, 0xE7, 0x9A, 0x99, 0xE5, 0x94, 0x8F, 0xE7, 0x83, 0xAF, 0xE5, 0x82, 0x92,
    0xE5, 0xBE, 0xAF, 0xE6, 0x81, 0x93, 0xE7, 0xAA, 0xB8, 0xE7, 0xB2, 0x9E, 0xE8, 0xB1, 0xA8, 0xE9,
    0x86, 0xAF, 0xE9, 0xBC, 0xB7, 0xE6, 0xB0, 0xA5, 0xE6, 0xB5, 0xA0, 0xE6, 0xBD, 0x9D, 0xE7, 0x87,
    0xA8, 0xE7, 0x93, 0x97, 0xE7, 0x96, 0xA7, 0xE9, 0x85, 0x85, 0xE5, 0xAA, 0x90, 0xE5, 0xB7, 0x82,
    0xE6, 0x82, 0x95, 0xE7, 0x9D, 0x8E, 0xE7, 0xA1, 0x92, 0xE8, 0xA0, 0xB5, 0xE9, 0x91, 0xB4, 0xE6,
    0xA6, 0xBD, 0xE6, 0xAD, 0x96, 0xE7, 0x88, 0x94, 0xE7, 0x90, 0x8B, 0xE8, 0x9E, 0x87, 0xE4, 0xBF,
    0x99, 0xE5, 0xBE, 0x86, 0xE6, 0x80, 0xB7, 0xE5, 0xA8, 0xAD, 0xE5, 0xB1, 0x96, 0xE8, 0xB0, 0xBF,
    0xE8, 0x8E, 0x83, 0xE8, 0x8F, 0xA5, 0xE5, 0x83, 0x81, 0xE6, 0xA9, 0x80, 0xE8, 0x9E, 0x9D, 0xE8,
    0xB1, 0xAF, 0xE8, 0xB2, 0x95, 0xE9, 0xB5, 0x97, 0xE9, 0xA8, 0xB1, 0xE9, 0xA9, 0xA8, 0xE9, 0x83,
    0x8B, 0xE6, 0xA1, 0xB8, 0xE6, 0x83, 0x81, 0xE5, 0x87, 0x9E, 0xE9, 0x97, 0x9F, 0xE8, 0xAA, 0x92,
    0xE7, 0xA4, 0x82, 0xE8, 0x9E, 0x85, 0xE3, 0x84, 0x92, 0xE3, 0x84, 0xA7, 0x32, 0xE7, 0xBF, 0x92,
    0xE6, 0x98, 0x94, 0xE6, 0x81, 0xAF, 0xE5, 0xB8, 0xAD, 0xE6, 0x83, 0x9C, 0xE5, 0xAA, 0xB3, 0xE9,
    0x8C, 0xAB, 0xE8, 0xA5, 0xB2, 0xE7, 0x86, 0x84, 0xE8, 0x93, 0x86, 0xE8, 0xA4, 0xB6, 0xE6, 0xAA,
    0x84, 0xE8, 0xA6, 0xA1, 0xE9, 0x9A, 0xB0, 0xE8, 0xA3, 0xBC, 0xE5, 0xB6, 0x8D, 0xE8, 0x9E, 0x85,
    0xE9, 0xB0, 0xBC, 0xE8, 0x85, 0x8A, 0xE6, 0xA7, 0xA2, 0xE7, 0x84, 0x9F, 0xE8, 0xAC, 0xB5, 0xE9,
    0x8E, 0xB4, 0xE6, 0xAC, 0xAF, 0xE6, 0xA3, 0xA4, 0xE8, 0x92, 0xA0, 0xE7, 0x98, 0x9C, 0xE7, 0x8D,
    0xA5, 0xE8, 0x96, 0x82, 0xE9, 0x9C, 0xAB, 0xE9, 0xA3, 0x81, 0xE9, 0xA8, 0xBD, 0xE8, 0x9D, 0xB7,
    0xE3, 0x84, 0x92, 0xE3, 0x84, 0xA7, 0x33, 0xE5, 0x96, 0x9C, 0xE6, 0xB4, 0x97, 0xE5, 0xBE, 0x99,
    0xE7, 0x92, 0xBD, 0xE9, 0xB0, 0x93, 0xE5, 0xB1, 0xA3, 0xE8, 0x93, 0xB0, 0xE5, 0x9B, 0x8D, 0xE6,
    0x9E, 0xB2, 0xE8, 0x9F, 0xA2, 0xE7, 0xB8, 0xB0, 0xE7, 0xBA, 0x9A, 0xE8, 0xB9, 0x9D, 0xE9, 0x87,
    0x83, 0xE5, 0x8C, 0x9A, 0xE7, 0x8B, 0xB6, 0xE8, 0xAB, 0xB0, 0xE7, 0xB0, 0x81, 0xE8, 0x91, 0xB8,
    0xE6, 0xBC, 0x87, 0xE6, 0x95, 0xBC, 0xE3, 0x84, 0x92, 0xE3, 0x84, 0xA7, 0x34, 0xE7, 0xB4, 0xB0,
    0xE6, 0x88, 0xB2, 0xE4, 0xBF, 0x82, 0xE7, 0xB3, 0xBB, 0xE7, 0xB9, 0xAB, 0xE5, 0xA4, 0x95, 0xE6,
    0xB1, 0x90, 0xE9, 0x9A, 0x99, 0xE6, 0xAD, 0x99, 0xE9, 0xAC, 0xA9, 0xE7, 0xBF, 0x95, 0xE7, 0xA9,
    0xB8, 0xE5, 0x92, 0xA5, 0xE5, 0xB1, 0xAD, 0xE7, 0xB6, 0x8C, 0xE8, 0x82, 0xB8, 0xE9, 0x84, 0x8E,
    0xE9, 0x86, 0xAF, 0xE9, 0xA4, 0xBC, 0xE6, 0xBB, 0x8A, 0xE8, 0xA4, 0x89, 0xE9, 0x85, 0x85, 0xE6,
    0xBD, 0x9F, 0xE8, 0x88, 0x84, 0xE7, 0x9F, 0xBD, 0xE9, 0x91, 0xB4, 0xE5, 0x8D, 0x8C, 0xE6, 0x80,
    0xAC, 0xE9, 0x87, 0xB8, 0xE9, 0x8E, 0x8E, 0xE9, 0x87, 0xB3, 0xE8, 0xB5, 0xA9, 0xE9, 0x83, 0xA4,
    0xE7, 0x86, 0x82, 0xE8, 0xA6, 0xA4, 0xE8, 0x95, 0xAE, 0xE9, 0xBB, 0x96, 0xE8, 0xAC, 0x91, 0xE8,
    0x99, 0xA9, 0xE5, 0xBF, 0xA5, 0xE6, 0x81, 0x84, 0xE6, 0x91, 0xA1, 0xE7, 0xA6, 0x8A, 0xE9, 0xBD,
    0x82, 0xE3, 0x84, 0x92, 0xE3, 0x84, 0xA7, 0x35, 0xE8, 0xA5, 0xBF, 0xE4, 0xBF, 0x82, 0xE3, 0x84,
    0x92, 0xE3, 0x84, 0xA7, 0xE3, 0x84, 0x9A, 0x31, 0xE7, 0x9E, 0x8E, 0xE8, 0x9D, 0xA6, 0xE5, 0xB2,
    0x88, 0xE9, 0xA2, 0xAC, 0xE9, 0x8D, 0x9C, 0xE3, 0x84, 0x92, 0xE3, 0x84, 0xA7, 0xE3, 0x84, 0x9A,
    0x32, 0xE6, 0x9A, 0x87, 0xE5, 0xB3, 0xBD, 0xE8, 0xBD, 0x84, 0xE9, 0x9C, 0x9E, 0xE4, 0xBF, 0xA0,
    0xE7, 0x8B, 0xB9, 0xE6, 0x8C, 0xBE, 0xE5, 0x8C, 0xA3, 0xE5, 0x91, 0xB7, 0xE9, 0x81, 0x90, 0xE7,
    0xA1, 0xA4, 0xE7, 0x8B, 0x8E, 0xE7, 0x91, 0x95, 0xE6, 0x96, 0x9C, 0xE9, 0xBB, 0xA0, 0xE6, 0x9F,
    0x99, 0xE7, 0xA5, 0xAB, 0xE6, 0xB4, 0xBD, 0xE8, 0x88, 0x9D, 0xE7, 0xA2, 0xAC, 0xE9, 0xA8, 0xA2,
    0xE6, 0x90, 0xB3, 0xE7, 0x83, 0x9A, 0xE5, 0x86, 0xBE, 0xE7, 0xAC, 0x9A, 0xE7, 0xB8, 0x96, 0xE7,
    0x8F, 0xA8, 0xE9, 0x99, 0x9C, 0xE7, 0xA3, 0x8D, 0xE8, 0xB5, 0xAE, 0xE9, 0xAD, 0xBB, 0xE8, 0x95,
    0xB8, 0xE3, 0x84, 0x92, 0xE3, 0x84, 0xA7, 0xE3, 0x84, 0x9A, 0x34, 0xE4, 0xB8, 0x8B, 0xE5, 0xA4,
    0x8F, 0xE5, 0x9A, 0x87, 0xE5, 0xBB, 0x88, 0xE6, 0x9A, 0x87, 0xE7, 0xBD, 0x85, 0xE8, 0x8A, 0x90,
    0xE6, 0xAC, 0xB1, 0xE9, 0x8F, 0xAC, 0xE9, 0xB6, 0xB7, 0xE3, 0x84, 0x92, 0xE3, 0x84, 0xA7, 0xE3,
    0x84, 0x9A, 0x35, 0xE4, 0xB8, 0x8B, 0xE3, 0x84, 0x92, 0xE3, 0x84, 0xA7, 0xE3, 0x84, 0x9D, 0x31,
    0xE4, 0xBA, 0x9B, 0xE6, 0xAD, 0x87, 0xE8, 0xA0, 0x8D, 0xE8, 0x9D, 0x8E, 0xE7, 0x8C, 0xB2, 0xE8,
    0xA4, 0x89, 0xE5, 0x97, 0x8B, 0xE3, 0x84, 0x92, 0xE3, 0x84, 0xA7, 0xE3, 0x84, 0x9D, 0x32, 0xE5,
    0x8D, 0x94, 0xE9, 0x9E, 0x8B, 0xE6, 0x96, 0x9C, 0xE8, 0x84, 0x85, 0xE8, 0xAB, 0xA7, 0xE9, 0x82,
    0xAA, 0xE5, 0x81, 0x95, 0xE9, 0xA0, 0xA1, 0xE6, 0x8C, 0xBE, 0xE7, 0xB5, 0x9C, 0xE6, 0x94, 0x9C,
    0xE6, 0x93, 0xB7, 0xE5, 0x8B, 0xB0, 0xE7, 0xBA, 0x88, 0xE8, 0xA5, 0xAD, 0xE8, 0x84, 0xA5, 0xE6,
    0x85, 0x80, 0xE5, 0x8A, 0xA6, 0xE8, 0x9D, 0xA2, 0xE5, 0x9E, 0xA5, 0xE6, 0x8B, 0xB9, 0xE7, 0xB1,
    0xBA, 0xE5, 0xA5, 0x8A, 0xE9, 0xBE, 0xA4, 0xE6, 0x84, 0xB6, 0xE6, 0x90, 0x9A, 0xE7, 0x91, 0x8E,
    0xE7, 0x86, 0x81, 0xE7, 0x87, 0xB2, 0xE3, 0x84, 0x92, 0xE3, 0x84, 0xA7, 0xE3, 0x84, 0x9D, 0x33,
    0xE5, 0xAF, 0xAB, 0xE8, 0xA1, 0x80, 0xE3, 0x84, 0x92, 0xE3, 0x84, 0xA7, 0xE3, 0x84, 0x9D, 0x34,
    0xE8, 0xAC, 0x9D, 0xE6, 0xA2, 0xB0, 0xE6, 0xB4, 0xA9, 0xE5, 0xB1, 0x91, 0xE7, 0x80, 0x89, 0xE6,
    0x87, 0x88, 0xE5, 0x8D, 0xB8, 0xE6, 0xB3, 0x84, 0xE8, 0x9F, 0xB9, 0xE8, 0xA7, 0xA3, 0xE5, 0xB1,
    0x9C, 0xE8, 0xA4, 0xBB, 0xE6, 0xA6, 0xAD, 0xE5, 0xA5, 0x91, 0xE9, 0xA7, 0xAD, 0xE5, 0xBB, 0xA8,
    0xE6, 0xB8, 0xAB, 0xE9, 0x82, 0x82, 0xE7, 0x87, 0xAE, 0xE6, 0xA5, 0x94, 0xE7, 0xB5, 0x8F, 0xE8,
    0x96, 0xA4, 0xE7, 0xB4, 0xB2, 0xE5, 0xAA, 0x9F, 0xE5, 0xB6, 0xB0, 0xE6, 0xBE, 0xA5, 0xE7, 0x80,
    0xA3, 0xE7, 0x8D, 0xAC, 0xE8, 0xBA, 0x9E, 0xE7, 0x81, 0xBA, 0xE7, 0x96, 0xB6, 0xE9, 0x9E, 0xA2,
    0xE9, 0xAA, 0xB1, 0xE9, 0xA7, 0xB4, 0xE5, 0x81, 0xB0, 0xE6, 0xAA, 0x9E, 0xE9, 0xBD, 0x98, 0xE4,
    0xBC, 0xB3, 0xE5, 0xA6, 0x8E, 0xE7, 0xA5, 0x84, 0xE6, 0xA6, 0x8D, 0xE9, 0x9F, 0xB0, 0xE5, 0xB1,
    0xA7, 0xE7, 0x84, 0x8E, 0xE6, 0x8F, 0xB3, 0xE9, 0xBD, 0xA5, 0xE8, 0xBA, 0xA0, 0xE5, 0xAF, 0xAB,
    0xE3, 0x84, 0x92, 0xE3, 0x84, 0xA7, 0xE3, 0x84, 0x9D, 0x35, 0xE8, 0xAC, 0x9D, 0xE3, 0x84, 0x92,
    0xE3, 0x84, 0xA7, 0xE3, 0x84, 0xA0, 0x31, 0xE6, 0xB6, 0x88, 0xE9, 0x8A, 0xB7, 0xE8, 0x95, 0xAD,
    0xE7, 0x80, 0x9F, 0xE5, 0xAE, 0xB5, 0xE9, 0x80, 0x8D, 0xE5, 0x9B, 0x82, 0xE7, 0xB0, 0xAB, 0xE5,
    0x89, 0x8A, 0xE7, 0xA1, 0x9D, 0xE9, 0x9C, 0x84, 0xE5, 0x93, 0xAE, 0xE9, 0xA9, 0x8D, 0xE6, 0xA2,
    0x9F, 0xE8, 0xA0, 0xA8, 0xE6, 0x9E, 0xB5, 0xE9, 0xAD, 0x88, 0xE9, 0xB4, 0x9E, 0xE5, 0x98, 0xB5,
    0xE7, 0xB6, 0x83, 0xE5, 0x98, 0x90, 0xE6, 0xAD, 0x8A, 0xE6, 0xBD, 0x9A, 0xE7, 0x83, 0x8B, 0xE7,
    0x8D, 0xA2, 0xE8, 0x99, 0x93, 0xE8, 0x9B, 0xB8, 0xE7, 0x97, 0x9A, 0xE6, 0x86, 0xA2, 0xE7, 0x81,
    0xB1, 0xE5, 0x91, 0xBA, 0xE7, 0xA9, 0x98, 0xE6, 0xB4, 0xA8, 0xE6, 0xB6, 0x8D, 0xE7, 0x97, 0x9F,
    0xE8, 0x90, 0xB7, 0xE8, 0xB8, 0x83, 0xE8, 0x86, 0xAE, 0xE8, 0x97, 0x83, 0xE6, 0xAB, 0xB9, 0xE9,
    0xAB, 0x87, 0xE6, 0xAF, 0x8A, 0xE8, 0x99, 0x88, 0xE5, 0xBA, 0xA8, 0xE5, 0x95, 0x8B, 0xE7, 0xAA,
    0x99, 0xE9, 0xA1, 0xA4, 0xE8, 0xAC, 0xBC, 0xE3, 0x84, 0x92, 0xE3, 0x84, 0xA7, 0xE3, 0x84, 0xA0,
    0x32, 0xE5, 0xAD, 0xB8, 0xE6, 0xB4, 0xA8, 0xE7, 0xAC, 0x85, 0xE9, 0x83, 0xA9, 0xE3, 0x84, 0x92,
    0xE3, 0x84, 0xA7, 0xE3, 0x84, 0xA0, 0x33, 0xE5, 0xB0, 0x8F, 0xE6, 0x9B, 0x89, 0xE7, 0xAD, 0xB1,
    0xE7, 0xAF, 0xA0, 0xE8, 0xAC, 0x8F, 0xE3, 0x84, 0x92, 0xE3, 0x84, 0xA7, 0xE3, 0x84, 0xA0, 0x34,
    0xE6, 0xA0, 0xA1, 0xE7, 0xAC, 0x91, 0xE5, 0xAD, 0x9D, 0xE6, 0x95, 0x88, 0xE9, 0x85, 0xB5, 0xE5,
    0x98, 0xAF, 0xE8, 0x82, 0x96, 0xE5, 0x82, 0x9A, 0xE6, 0x81, 0x94, 0xE7, 0x86, 0xBD, 0xE8, 0xB8,
    0x8D, 0xE3, 0x84, 0x92, 0xE3, 0x84, 0xA7, 0xE3, 0x84, 0xA1, 0x31, 0xE4, 0xBF, 0xAE, 0xE4, 0xBC,
    0x91, 0xE7, 0xBE, 0x9E, 0xE8, 0x84, 0xA9, 0xE5, 0x92, 0xBB, 0xE5, 0xBA, 0xA5, 0xE8, 0xB2, 0x85,
    0xE9, 0xAB, 0xB9, 0xE9, 0xA5, 0x88, 0xE9, 0xB5, 0x82, 0xE6, 0xBB, 0xAB, 0xE6, 0xA8, 0x87, 0xE8,
    0x87, 0xB9, 0xE8, 0x8C, 0xA0, 0xE9, 0x8A, 0x9D, 0xE8, 0x93, 0xA8, 0xE9, 0x8E, 0x80, 0xE6, 0xBD,
    0x83, 0xE3, 0x84, 0x92, 0xE3, 0x84, 0xA7, 0xE3, 0x84, 0xA1, 0x33, 0xE6, 0x9C, 0xBD, 0xE5, 0xAE,
    0xBF, 0xE7, 0xB3, 0x94, 0xE3, 0x84, 0x92, 0xE3, 0x84, 0xA7, 0xE3, 0x84, 0xA1, 0x34, 0xE7, 0xA7,
    0x80, 0xE7, 0xB9, 0xA1, 0xE9, 0x8F, 0xBD, 0xE8, 0xA2, 0x96, 0xE5, 0x97, 0x85, 0xE5, 0xAE, 0xBF,
    0xE8, 0x87, 0xAD, 0xE9, 0x8A, 0xB9, 0xE7, 0x90, 0x87, 0xE6, 0xBA, 0xB4, 0xE5, 0xB2, 0xAB, 0xE7,
    0x8F, 0x9B, 0xE7, 0x8E, 0x8A, 0xE6, 0xAE, 0xA0, 0xE8, 0xA4, 0x8E, 0xE8, 0x9E, 0x91, 0xE7, 0xB6,
    0x89, 0xE3, 0x84, 0x92, 0xE3, 0x84, 0xA7, 0xE3, 0x84, 0xA2, 0x31, 0xE5, 0x85, 0x88, 0xE4, 0xBB,
    0x99, 0xE6, 0x8E, 0x80, 0xE9, 0xAE, 0xAE, 0xE7, 0xBA, 0x96, 0xE6, 0x9A, 0xB9, 0xE5, 0xA7, 0x8D,
    0xE5, 0xAD, 0x85, 0xE6, 0x86, 0xB8, 0xE8, 0xBA, 0x9A, 0xE9, 0x8A, 0x9B, 0xE7, 0xA7, 0x88, 0xE9,
    0x9F, 0xB1, 0xE6, 0x9E, 0xAE, 0xE6, 0xB0, 0x99, 0xE9, 0xA6, 0xA6, 0xE5, 0xAC, 0x90, 0xE4, 0xBB,
    0x9A, 0xE5, 0xB1, 0xB3, 0xE5, 0xA5, 0xBE, 0xE6, 0x9D, 0xB4, 0xE5, 0xBF, 0xBA, 0xE6, 0xBE, 0x96,
    0xE7, 0x81, 0xA6, 0xE7, 0xA5, 0x86, 0xE5, 0x83, 0x8A, 0xE5, 0x98, 0x95, 0xE8, 0x93, 0x92, 0xE8,
    0xA4, 0xBC, 0xE5, 0xBB, 0xAF, 0xE8, 0xA5, 0xB3, 0xE7, 0x8F, 0x97, 0xE3, 0x84, 0x92, 0xE3, 0x84,
    0xA7, 0xE3, 0x84, 0xA2, 0x32, 0xE8, 0xB3, 0xA2, 0xE9, 0x96, 0x92, 0xE5, 0xAB, 0x8C, 0xE5, 0x92,
    0xB8, 0xE9, 0xB9, 0xB9, 0xE5, 0xBC, 0xA6, 0xE9, 0x8A, 0x9C, 0xE7, 0xB5, 0x83, 0xE5, 0xAB, 0xBB,
    0xE5, 0xAB, 0xBA, 0xE6, 0xB6, 0x8E, 0xE5, 0x95, 0xA3, 0xE8, 0x88, 0xB7, 0xE9, 0x96, 0x91, 0xE7,
    0x99, 0x87, 0xE8, 0xAB, 0xB4, 0xE8, 0x9A, 0xBF, 0xE6, 0x86, 0xAA, 0xE9, 0xB7, 0xB4, 0xE5, 0xA8,
    0xB9, 0xE8, 0x91, 0xB4, 0xE8, 0x83, 0x98, 0xE8, 0x9B, 0x9D, 0xE7, 0xBE, 0xAC, 0xE7, 0x87, 0x85,
    0xE7, 0xA4, 0xA5, 0xE9, 0xB7, 0xB3, 0xE5, 0x94, 0x8C, 0xE3, 0x84, 0x92, 0xE3, 0x84, 0xA7, 0xE3,
    0x84, 0xA2, 0x33, 0xE9, 0x9A, 0xAA, 0xE9, 0xA1, 0xAF, 0xE9, 0xAE, 0xAE, 0xE7, 0x99, 0xAC, 0xE8,
    0x98, 0x9A, 0xE9, 0x8A, 0x91, 0xE7, 0x87, 0xB9, 0xE8, 0xB7, 0xA3, 0xE5, 0xB6, 0xAE, 0xE8, 0x9C,
    0x86, 0xE5, 0xA7, 0xBA, 0xE5, 0xB0, 0x9F, 0xE5, 0xB9, 0xB0, 0xE7, 0x8D, 0xAB, 0xE7, 0x8D, 0xAE,
    0xE7, 0x8E, 0x81, 0xE7, 0xAD, 0x85, 0xE9, 0x9F, 0x85, 0xE6, 0xAF, 0xA8, 0xE7, 0x83, 0x8D, 0xE9,
    0x8D, 0x8C, 0xE6, 0x90, 0x9F, 0xE9, 0xBC, 0xB8, 0xE9, 0xBD, 0xB4, 0xE8, 0xB5, 0xBB, 0xE6, 0x94,
    0x87, 0xE7, 0xA6, 0x92, 0xE6, 0xB4, 0x97, 0xE3, 0x84, 0x92, 0xE3, 0x84, 0xA7, 0xE3, 0x84, 0xA2,
    0x34, 0xE7, 0xB8, 0xA3, 0xE7, 0x8F, 0xBE, 0xE7, 0xB7, 0x9A, 0xE9, 0x99, 0x90, 0xE6, 0x86, 0xB2,
    0xE7, 0x8D, 0xBB, 0xE7, 0xBE, 0xA8, 0xE9, 0x99, 0xB7, 0xE8, 0x85, 0xBA, 0xE9, 0xA4, 0xA1, 0xE8,
    0x9C, 0x86, 0xE8, 0x8E, 0xA7, 0xE9, 0x9C, 0xB0, 0xE4, 0xBF, 0x94, 0xE5, 0x83, 0xA9, 0xE5, 0xB3,
    0xB4, 0xE6, 0x99, 0x9B, 0xE7, 0x9D, 0x8D, 0xE8, 0xB1, 0x8F, 0xE8, 0xBD, 0x9E, 0xE9, 0x8B, 0xA7,
    0xE6, 0xB6, 0x80, 0xE7, 0x80, 0x97, 0xE7, 0xB2, 0xAF, 0xE5, 0xA8, 0x8A, 0xE6, 0x92, 0x8A, 0xE9,
    0x8C, 0x8E, 0xE5, 0xA7, 0xAD, 0xE7, 0x8C, 0xAE, 0xE8, 0xA6, 0x8B, 0xE3, 0x84, 0x92, 0xE3, 0x84,
    0xA7, 0xE3, 0x84, 0xA3, 0x31, 0xE5, 0xBF, 0x83, 0xE6, 0x96, 0xB0, 0xE8, 0xBE, 0x9B, 0xE8, 0x96,
    0xAA, 0xE6, 0xAC, 0xA3, 0xE9, 0x8B, 0x85, 0xE9, 0xA6, 0xA8, 0xE9, 0x91, 0xAB, 0xE8, 0x8E, 0x98,
    0xE7, 0x82, 0x98, 0xE6, 0xAD, 0x86, 0xE8, 0x8A, 0xAF, 0xE6, 0x98, 0x95, 0xE8, 0xA8, 0xA2, 0xE9,
    0x88, 0x8A, 0xE7, 0x9B, 0xBA, 0xE5, 0x85, 0x9F, 0xE5, 0xBB, 0x9E, 0xE5, 0xBF, 0xBB, 0xE5, 0xA6,
    0xA1, 0xE5, 0x99, 0xB7, 0xE3, 0x84, 0x92, 0xE3, 0x84, 0xA7, 0xE3, 0x84, 0xA3, 0x32, 0xE5, 0xB0,
    0x8B, 0xE9, 0x84, 0xA9, 0xE6, 0x9D, 0xBA, 0xE6, 0x94, 0xB3, 0xE8, 0xA5, 0x91, 0xE3, 0x84, 0x92,
    0xE3, 0x84, 0xA7, 0xE3, 0x84, 0xA3, 0x33, 0xE4, 0xBC, 0x88, 0xE3, 0x84, 0x92, 0xE3, 0x84, 0xA7,
    0xE3, 0x84, 0xA3, 0x34, 0xE4, 0xBF, 0xA1, 0xE9, 0x87, 0x81, 0xE8, 0x8A, 0xAF, 0xE7, 0x84, 0xAE,
    0xE8, 0x88, 0x8B, 0xE8, 0x86, 0xB7, 0xE5, 0x9B, 0x9F, 0xE5, 0xA6, 0xA1, 0xE7, 0x85, 0xA1, 0xE9,
    0x98, 0xA0, 0xE5, 0xAD, 0x9E, 0xE3, 0x84, 0x92, 0xE3, 0x84, 0xA7, 0xE3, 0x84, 0xA4, 0x31, 0xE9,
    0x84, 0x89, 0xE7, 0x9B, 0xB8, 0xE9, 0xA6, 0x99, 0xE7, 0xAE, 0xB1, 0xE6, 0xB9, 0x98, 0xE8, 0xA5,
    0x84, 0xE9, 0x91, 0xB2, 0xE5, 0xBB, 0x82, 0xE9, 0xA9, 0xA4, 0xE7, 0xB7, 0x97, 0xE8, 0x96, 0x8C,
    0xE7, 0x93, 0x96, 0xE7, 0xBA, 0x95, 0xE6, 0xAC, 0x80, 0xE8, 0x91, 0x99, 0xE5, 0xBF, 0x80, 0xE3,
    0x84, 0x92, 0xE3, 0x84, 0xA7, 0xE3, 0x84, 0xA4, 0x32, 0xE8, 0xA9, 0xB3, 0xE7, 0xA5, 0xA5, 0xE9,
    0x99, 0x8D, 0xE7, 0xBF, 0x94, 0xE5, 0xBA, 0xA0, 0xE3, 0x84, 0x92, 0xE3, 0x84, 0xA7, 0xE3, 0x84,
    0xA4, 0x33, 0xE6, 0x83, 0xB3, 0xE9, 0x9F, 0xBF, 0xE4, 0xBA, 0xAB, 0xE9, 0xA4, 0x89, 0xE9, 0xA5,
    0x97, 0xE9, 0xAF, 0x97, 0xE9, 0xA5, 0x9F, 0xE6, 0x99, 0x91, 0xE3, 0x84, 0x92, 0xE3, 0x84, 0xA7,
    0xE3, 0x84, 0xA4, 0x34, 0xE5, 0xB7, 0xB7, 0xE5, 0x90, 0x91, 0xE7, 0x9B, 0xB8, 0xE5, 0x83, 0x8F,
    0xE9, 0xA0, 0x85, 0xE8, 0xB1, 0xA1, 0xE6, 0xA9, 0xA1, 0xE5, 0x9A, 0xAE, 0xE6, 0x9B, 0x8F, 0xE8,
    0xA0, 0x81, 0xE8, 0x90, 0xAB, 0xE9, 0x97, 0x80, 0xE8, 0x9F, 0x93, 0xE8, 0xA5, 0x90, 0xE9, 0x90,
    0x8C, 0xE9, 0x84, 0x89, 0xE6, 0x81, 0xA6, 0xE6, 0xBD, 0x92, 0xE9, 0xB1, 0x8C, 0xE3, 0x84, 0x92,
    0xE3, 0x84, 0xA7, 0xE3, 0x84, 0xA5, 0x31, 0xE8, 0x88, 0x88, 0xE6, 0x98, 0x9F, 0xE7, 0x8C, 0xA9,
    0xE8, 0x85, 0xA5, 0xE9, 0xA6, 0xA8, 0xE6, 0x83, 0xBA, 0xE9, 0xA8, 0x82, 0xE7, 0x85, 0x8B, 0xE7,
    0x91, 0x86, 0xE8, 0x83, 0x9C, 0xE5, 0x9E, 0xB6, 0xE8, 0x9B, 0xB5, 0xE8, 0xA7, 0xB2, 0xE9, 0xA6,
    0xAB, 0xE3, 0x84, 0x92, 0xE3, 0x84, 0xA7, 0xE3, 0x84, 0xA5, 0x32, 0xE8, 0xA1, 0x8C, 0xE5, 0xBD,
    0xA2, 0xE5, 0x9E, 0x8B, 0xE5, 0x88, 0x91, 0xE9, 0x82, 0xA2, 0xE9, 0x99, 0x98, 0xE7, 0xA1, 0x8E,
    0xE9, 0x89, 0xB6, 0xE9, 0xA4, 0xB3, 0xE4, 0xBE, 0x80, 0xE7, 0x83, 0x86, 0xE6, 0xB4, 0x90, 0xE8,
    0x83, 0xBB, 0xE9, 0x8B, 0x9E, 0xE6, 0xBF, 0xB4, 0xE3, 0x84, 0x92, 0xE3, 0x84, 0xA7, 0xE3, 0x84,
    0xA5, 0x33, 0xE7, 0x9C, 0x81, 0xE9, 0x86, 0x92, 0xE6, 0x93, 0xA4, 0xE6, 0xB8, 0xBB, 0xE3, 0x84,
    0x92, 0xE3, 0x84, 0xA7, 0xE3, 0x84, 0xA5, 0x34, 0xE8, 0xA1, 0x8C, 0xE8, 0x88, 0x88, 0xE6, 0x80,
    0xA7, 0xE5, 0xB9, 0xB8, 0xE5, 0xA7, 0x93, 0xE6, 0x9D, 0x8F, 0xE5, 0x80, 0x96, 0xE6, 0x82, 0xBB,
    0xE8, 0x8D, 0x87, 0xE5, 0xA9, 0x9E, 0xE8, 0x8E, 0x95, 0xE6, 0xB6, 0xAC, 0xE3, 0x84, 0x92, 0xE3,
    0x84, 0xA9, 0x31, 0xE9, 0xA0, 0x88, 0xE9, 0x9C, 0x80, 0xE8, 0x99, 0x9B, 0xE9, 0xAC, 0x9A, 0xE5,
    0x99, 0x93, 0xE5, 0xA2, 0x9F, 0xE6, 0x88, 0x8C, 0xE8, 0x83, 0xA5, 0xE8, 0xA8, 0x8F, 0xE5, 0x90,
    0x81, 0xE6, 0xAD, 0x94, 0xE7, 0x9B, 0xB1, 0xE5, 0xAC, 0x83, 0xE7, 0xB9, 0xBB, 0xE6, 0xAE, 0x88,
    0xE6, 0x97, 0xB4, 0xE6, 0xA5, 0x88, 0xE5, 0xAC, 0xAC, 0xE9, 0x91, 0x90, 0xE6, 0xAC, 0xA8, 0xE5,
    0x80, 0xA0, 0xE7, 0xA8, 0xB0, 0xE7, 0xB8, 0x83, 0xE8, 0x9D, 0x91, 0xE8, 0x95, 0xA6, 0xE9, 0xA9,
    0x89, 0xE9, 0xAD, 0x96, 0xE6, 0x99, 0x87, 0xE5, 0xB9, 0x81, 0xE6, 0x8F, 0x9F, 0xE7, 0xB3, 0x88,
    0xE3, 0x84, 0x92, 0xE3, 0x84, 0xA9, 0x32, 0xE5, 0xBE, 0x90, 0xE3, 0x84, 0x92, 0xE3, 0x84, 0xA9,
    0x33, 0xE8, 0xA8, 0xB1, 0xE6, 0xA0, 0xA9, 0xE7, 0x85, 0xA6, 0xE5, 0x92, 0xBB, 0xE8, 0xA9, 0xA1,
    0xE5, 0x86, 0x94, 0xE5, 0xA7, 0x81, 0xE6, 0xB9, 0x91, 0xE8, 0xAB, 0x9D, 0xE9, 0x86, 0x91, 0xE9,
    0x84, 0xA6, 0xE7, 0x8F, 0x9D, 0xE5, 0x96, 0xA3, 0xE5, 0x91, 0xB4, 0xE7, 0x9C, 0xAD, 0xE3, 0x84,
    0x92, 0xE3, 0x84, 0xA9, 0x34, 0xE5, 0xBA, 0x8F, 0xE7, 0xBA, 0x8C, 0xE8, 0x93, 0x84, 0xE7, 0xB7,
    0x92, 0xE6, 0x95, 0x98, 0xE7, 0xB5, 0xAE, 0xE6, 0x97, 0xAD, 0xE6, 0x81, 0xA4, 0xE5, 0x8D, 0xB9,
    0xE9, 0x85, 0x97, 0xE5, 0xA9, 0xBF, 0xE7, 0x95, 0x9C, 0xE6, 0xB4, 0xAB, 0xE6, 0x97, 0xAE, 0xE4,
    0xBE, 0x90, 0xE6, 0x85, 0x89, 0xE6, 0xBC, 0xB5, 0xE8, 0x97, 0x9A, 0xE9, 0xA0, 0x8A, 0xE8, 0x8A,
    0xA7, 0xE8, 0x97, 0x87, 0xE9, 0xAD, 0x86, 0xE5, 0x8B, 0x96, 0xE5, 0x8B, 0x97, 0xE8, 0xA8, 0xB9,
    0xE9, 0xB1, 0xAE, 0xE7, 0x83, 0x85, 0xE6, 0x80, 0xB4, 0xE5, 0x9E, 0xBF, 0xE7, 0xAA, 0xA2, 0xE7,
    0x9E, 0xB2, 0xE9, 0x8A, 0x8A, 0xE6, 0xB2, 0x80, 0xE6, 0x98, 0xAB, 0xE7, 0x9E, 0x81, 0xE5, 0xA3,
    0xBB, 0xE3, 0x84, 0x92, 0xE3, 0x84, 0xA9, 0xE3, 0x84, 0x9D, 0x31, 0xE8, 0x96, 0x9B, 0xE9, 0x9D,
    0xB4, 0xE5, 0x99, 0xB1, 0xE5, 0xB6, 0xA8, 0xE5, 0x90, 0x99, 0xE3, 0x84, 0x92, 0xE3, 0x84, 0xA9,
    0xE3, 0x84, 0x9D, 0x32, 0xE5, 0xAD, 0xB8, 0xE7, 0xA9, 0xB4, 0xE9, 0xB7, 0xBD, 0xE8, 0xA7, 0xB7,
    0xE8, 0xB8, 0x85, 0xE7, 0x87, 0xA2, 0xE6, 0xBE, 0xA9, 0xE5, 0xA3, 0x86, 0xE3, 0x84, 0x92, 0xE3,
    0x84, 0xA9, 0xE3, 0x84, 0x9D, 0x33, 0xE9, 0x9B, 0xAA, 0xE9, 0xB1, 0x88, 0xE3, 0x84, 0x92, 0xE3,
    0x84, 0xA9, 0xE3, 0x84, 0x9D, 0x34, 0xE8, 0xA1, 0x80, 0xE9, 0x9B, 0xAA, 0xE7, 0xA9, 0xB4, 0xE5,
    0x89, 0x8A, 0xE8, 0xB6, 0x90, 0xE6, 0xB3, 0xAC, 0xE8, 0xAC, 0x9E, 0xE5, 0xB2, 0xA4, 0xE8, 0xA2,
    0x95, 0xE5, 0xB1, 0x91, 0xE3, 0x84, 0x92, 0xE3, 0x84, 0xA9, 0xE3, 0x84, 0xA2, 0x31, 0xE5, 0xAE,
    0xA3, 0xE8, 0xBB, 0x92, 0xE5, 0x96, 0xA7, 0xE7, 0x91, 0x84, 0xE8, 0x90, 0xB1, 0xE6, 0x9A, 0x84,
    0xE5, 0xA3, 0x8E, 0xE5, 0x84, 0x87, 0xE8, 0xAB, 0xBC, 0xE5, 0xA1, 0xA4, 0xE5, 0xAC, 0x9B, 0xE6,
    0x8F, 0x8E, 0xE7, 0xBF, 0xBE, 0xE8, 0xAB, 0xA0, 0xE6, 0x84, 0x83, 0xE6, 0x99, 0x85, 0xE9, 0x8D,
    0xB9, 0xE9, 0xB6, 0xB1, 0xE6, 0xA2, 0x8B, 0xE7, 0x85, 0x96, 0xE8, 0x90, 0xB2, 0xE6, 0x84, 0x8B,
    0xE4, 0xBD, 0xA1, 0xE6, 0x98, 0x8D, 0xE9, 0x8B, 0x97, 0xE5, 0xAA, 0x97, 0xE7, 0xA6, 0xA4, 0xE8,
    0x9D, 0x96, 0xE8, 0xA0, 0x89, 0xE7, 0x9F, 0x8E, 0xE7, 0x85, 0x8A, 0xE3, 0x84, 0x92, 0xE3, 0x84,
    0xA9, 0xE3, 0x84, 0xA2, 0x32, 0xE7, 0x8E, 0x84, 0xE6, 0x97, 0x8B, 0xE6, 0x87, 0xB8, 0xE6, 0xBC,
    0xA9, 0xE7, 0x92, 0x87, 0xE7, 0x92, 0xBF, 0xE4, 0xBC, 0xAD, 0xE5, 0xA6, 0xB6, 0xE7, 0x90, 0x81,
    0xE7, 0x8E, 0xB9, 0xE5, 0xAB, 0x99, 0xE8, 0xAA, 0xB8, 0xE9, 0x82, 0x84, 0xE7, 0xB8, 0xA3, 0xE8,
    0x9C, 0x81, 0xE3, 0x84, 0x92, 0xE3, 0x84, 0xA9, 0xE3, 0x84, 0xA2, 0x33, 0xE9, 0x81, 0xB8, 0xE5,
    0x92, 0xBA, 0xE7, 0x83, 0x9C, 0xE7, 0x99, 0xAC, 0xE3, 0x84, 0x92, 0xE3, 0x84, 0xA9, 0xE3, 0x84,
    0xA2, 0x34, 0xE7, 0x82, 0xAB, 0xE7, 0xB5, 0xA2, 0xE6, 0xBC, 0xA9, 0xE7, 0x9C, 0xA9, 0xE6, 0xB3,
    0xAB, 0xE6, 0xB8, 0xB2, 0xE6, 0x97, 0x8B, 0xE7, 0x9C, 0xB4, 0xE6, 0xA5, 0xA6, 0xE6, 0x95, 0xBB,
    0xE9, 0x89, 0x89, 0xE8, 0xA1, 0x92, 0xE8, 0x94, 0x99, 0xE9, 0xA7, 0xBD, 0xE9, 0x9E, 0x99, 0xE9,
    0x8F, 0x87, 0xE6, 0x98, 0xA1, 0xE6, 0xA5, 0xA5, 0xE8, 0xA2, 0xA8, 0xE7, 0xB8, 0xBC, 0xE8, 0xAE,
    0x82, 0xE8, 0xB4, 0x99, 0xE3, 0x84, 0x92, 0xE3, 0x84, 0xA9, 0xE3, 0x84, 0xA3, 0x31, 0xE5, 0x8B,
    0xB3, 0xE8, 0x96, 0xB0, 0xE7, 0x87, 0xBB, 0xE7, 0x86, 0x8F, 0xE9, 0x86, 0xBA, 0xE5, 0xB3, 0x8B,
    0xE6, 0x9B, 0x9B, 0xE7, 0x84, 0x84, 0xE7, 0x8D, 0xAF, 0xE7, 0xBA, 0x81, 0xE8, 0x87, 0x90, 0xE8,
    0x94, 0x92, 0xE5, 0x8B, 0x9B, 0xE7, 0x9F, 0x84, 0xE3, 0x84, 0x92, 0xE3, 0x84, 0xA9, 0xE3, 0x84,
    0xA3, 0x32, 0xE5, 0xB0, 0x8B, 0xE5, 0xB7, 0xA1, 0xE8, 0xA9, 0xA2, 0xE5, 0xBE, 0xAA, 0xE6, 0x97,
    0xAC, 0xE9, 0xA6, 0xB4, 0xE6, 0xBD, 0xAF, 0xE7, 0x8F, 0xA3, 0xE8, 0x9F, 0xB3, 0xE6, 0xB4, 0xB5,
    0xE8, 0x8D, 0x80, 0xE5, 0xBE, 0x87, 0xE6, 0x81, 0x82, 0xE5, 0xB3, 0x8B, 0xE6, 0xA0, 0x92, 0xE7,
    0x87, 0x96, 0xE7, 0x92, 0xBF, 0xE7, 0xB4, 0x83, 0xE9, 0x83, 0x87, 0xE9, 0xB1, 0x98, 0xE6, 0xA7,
    0x86, 0xE6, 0x92, 0x8F, 0xE6, 0x9E, 0x94, 0xE5, 0x92, 0xB0, 0xE7, 0x92, 0x95, 0xE6, 0xA9, 0x81,
    0xE8, 0x95, 0x81, 0xE5, 0x99, 0x9A, 0xE3, 0x84, 0x92, 0xE3, 0x84, 0xA9, 0xE3, 0x84, 0xA3, 0x34,
    0xE8, 0xA8, 0x8A, 0xE8, 0xA8, 0x93, 0xE8, 0xBF, 0x85, 0xE9, 0x81, 0x9C, 0xE6, 0xAE, 0x89, 0xE9,
    0xA6, 0xB4, 0xE5, 0xBE, 0x87, 0xE5, 0xB7, 0xBD, 0xE6, 0xB1, 0x9B, 0xE8, 0x95, 0x88, 0xE5, 0x99,
    0x80, 0xE4, 0xBE, 0x9A, 0xE6, 0xBD, 0xA0, 0xE9, 0x9F, 0x97, 0xE8, 0xBF, 0xBF, 0xE9, 0xB5, 0x94,
    0xE3, 0x84, 0x92, 0xE3, 0x84, 0xA9, 0xE3, 0x84, 0xA5, 0x31, 0xE5, 0x85, 0x84, 0xE5, 0x85, 0x87,
    0xE8, 0x83, 0xB8, 0xE5, 0x87, 0xB6, 0xE5, 0x8C, 0x88, 0xE6, 0xB4, 0xB6, 0xE5, 0xBF, 0xB7, 0xE5,
    0x93, 0x85, 0xE6, 0x81, 0x9F, 0xE3, 0x84, 0x92, 0xE3, 0x84, 0xA9, 0xE3, 0x84, 0xA5, 0x32, 0xE9,
    0x9B, 0x84, 0xE7, 0x86, 0x8A, 0xE8, 0xB5, 0xA8, 0xE3, 0x84, 0x92, 0xE3, 0x84, 0xA9, 0xE3, 0x84,
    0xA5, 0x34, 0xE6, 0x95, 0xBB, 0xE8, 0xA9, 0x97, 0xE3, 0x84, 0x93, 0x31, 0xE4, 0xB9, 0x8B, 0xE7,
    0x9F, 0xA5, 0xE9, 0x9A, 0xBB, 0xE7, 0xB9, 0x94, 0xE6, 0x94, 0xAF, 0xE6, 0x9E, 0x9D, 0xE6, 0xB1,
    0x81, 0xE5, 0x8F, 0xAA, 0xE5, 0x90, 0xB1, 0xE8, 0x8A, 0x9D, 0xE8, 0x84, 0x82, 0xE8, 0x82, 0xA2,
    0xE8, 0x9C, 0x98, 0xE7, 0xA5, 0x87, 0xE6, 0xA2, 0x94, 0xE7, 0xA5, 0x97, 0xE6, 0xB0, 0x8F, 0xE6,
    0x9E, 0xB3, 0xE3, 0x84, 0x93, 0xE8, 0x83, 0x9D, 0xE9, 0xB4, 0x9F, 0xE5, 0x8D, 0xAE, 0xE6, 0x90,
    0x98, 0xE7, 0xA7, 0x96, 0xE8, 0xB7, 0x96, 0xE6, 0xB3, 0x9C, 0xE9, 0xB3, 0xB7, 0xE6, 0xB1, 0xA5,
    0xE7, 0xA7, 0xAA, 0xE6, 0xA6, 0xB0, 0xE8, 0x83, 0x91, 0xE8, 0xA1, 0xBC, 0xE6, 0xA4, 0xA5, 0xE3,
    0x84, 0x93, 0x32, 0xE7, 0x9B, 0xB4, 0xE8, 0x81, 0xB7, 0xE8, 0xB3, 0xAA, 0xE5, 0x80, 0xBC, 0xE6,
    0xA4, 0x8D, 0xE5, 0x9F, 0xB7, 0xE6, 0xAE, 0x96, 0xE6, 0x93, 0xB2, 0xE5, 0xA7, 0xAA, 0xE4, 0xBE,
    0x84, 0xE8, 0xB9, 0xA0, 0xE8, 0x9F, 0x84, 0xE8, 0xBA, 0x91, 0xE6, 0xA1, 0x8E, 0xE5, 0x9F, 0xB4,
    0xE7, 0xA8, 0x99, 0xE6, 0x91, 0xAD, 0xE7, 0xB8, 0xB6, 0xE6, 0x9F, 0xA3, 0xE7, 0x8A, 0x86, 0xE7,
    0xA7, 0xB7, 0xE6, 0x93, 0xBF, 0xE9, 0xA6, 0xBD, 0xE6, 0x85, 0xB9, 0xE6, 0xA8, 0xB4, 0xE8, 0x86,
    0xB1, 0xE6, 0x87, 0xAB, 0xE8, 0x9F, 0x99, 0xE8, 0xA4, 0x81, 0xE7, 0x93, 0xA1, 0xE5, 0xAC, 0x82,
    0xE8, 0x98, 0xB5, 0xE5, 0x80, 0xA4, 0xE3, 0x84, 0x93, 0x33, 0xE5, 0x8F, 0xAA, 0xE6, 0x8C, 0x87,
    0xE7, 0xB4, 0x99, 0xE6, 0xAD, 0xA2, 0xE6, 0x97, 0xA8, 0xE5, 0x9D, 0x80, 0xE5, 0xBE, 0xB5, 0xE7,
    0xA5, 0x87, 0xE8, 0xB6, 0xBE, 0xE7, 0xA5, 0x89, 0xE5, 0x92, 0xAB, 0xE6, 0x9E, 0xB3, 0xE9, 0x85,
    0xAF, 0xE6, 0x81, 0x89, 0xE6, 0xB2, 0x9A, 0xE9, 0x98, 0xAF, 0xE8, 0x8A, 0xB7, 0xE9, 0xBB, 0xB9,
    0xE8, 0xBB, 0xB9, 0xE7, 0x96, 0xBB, 0xE6, 0x99, 0x8A, 0xE5, 0x8E, 0x8E, 0xE5, 0x9D, 0x81, 0xE8,
    0x97, 0xA2, 0xE6, 0xA0, 0xBA, 0xE6, 0xB7, 0xBD, 0xE6, 0xBB, 0x8D, 0xE3, 0x84, 0x93, 0x34, 0xE8,
    0x87, 0xB3, 0xE5, 0x88, 0xB6, 0xE6, 0xB2, 0xBB, 0xE5, 0xBF, 0x97, 0xE8, 0xA3, 0xBD, 0xE8, 0x87,
    0xB4, 0xE7, 0xBD, 0xAE, 0xE6, 0x99, 0xBA, 0xE7, 0xA7, 0xA9, 0xE8, 0xAA, 0x8C, 0xE7, 0xA8, 0x9A,
    0xE8, 0xB3, 0xAA, 0xE5, 0xB3, 0x99, 0xE7, 0xB7, 0xBB, 0xE5, 0xB9, 0x9F, 0xE6, 0xBB, 0xAF, 0xE6,
    0x91, 0xAF, 0xE7, 0xAA, 0x92, 0xE7, 0x82, 0x99, 0xE7, 0x97, 0x94, 0xE9, 0x9B, 0x89, 0xE8, 0xAD,
    0x98, 0xE6, 0x87, 0xA5, 0xE7, 0x97, 0xA3, 0xE8, 0xBC, 0x8A, 0xE9, 0xA8, 0xAD, 0xE5, 0xB8, 0x99,
    0xE9, 0x99, 0x9F, 0xE7, 0x9F, 0xA5, 0xE5, 0xAF, 0x98, 0xE5, 0xBF, 0xAE, 0xE6, 0xA1, 0x8E, 0xE8,
    0xBA, 0x93, 0xE8, 0x9B, 0xAD, 0xE8, 0xB4, 0x84, 0xE9, 0xB7, 0x99, 0xE5, 0x8E, 0x94, 0xE9, 0x91,
    0x95, 0xE8, 0xB1, 0xB8, 0xE5, 0xBA, 0xA4, 0xE5, 0xBD, 0x98, 0xE7, 0x8C, 0x98, 0xE7, 0x95, 0xA4,
    0xE7, 0x96, 0x90, 0xE7, 0xB4, 0xA9, 0xE8, 0xA7, 0xB6, 0xE9, 0x83, 0x85, 0xE9, 0x8A, 0x8D, 0xE5,
    0x81, 0xAB, 0xE8, 0xB7, 0xB1, 0xE9, 0x81, 0xB0, 0xE9, 0x8B, 0x95, 0xE6, 0xAB, 0x8D, 0xE8, 0xA2,
    0x9F, 0xE9, 0xA8, 0xBA, 0xE6, 0xB7, 0x9B, 0xE7, 0x8B, 0xBE, 0xE7, 0xA4, 0xA9, 0xE8, 0x83, 0xB5,
    0xE8, 0x86, 0xA3, 0xE8, 0x9E, 0xB2, 0xE6, 0x8C, 0x83, 0xE6, 0xB4, 0xB7, 0xE8, 0xA6, 0x9F, 0xE5,
    0xBA, 0xA2, 0xE9, 0xB4, 0x99, 0xE8, 0xBF, 0xA3, 0xE7, 0xBF, 0x90, 0xE8, 0x87, 0xB8, 0xE9, 0xA7,
    0xA4, 0xE7, 0xA5, 0x91, 0xE8, 0xA7, 0xA2, 0xE9, 0xB4, 0xA9, 0xE3, 0x84, 0x93, 0xE3, 0x84, 0x9A,
    0x31, 0xE6, 0xB8, 0xA3, 0xE6, 0x89, 0x8E, 0xE5, 0x96, 0xB3, 0xE6, 0xA5, 0x82, 0xE6, 0x9F, 0xA5,
    0xE9, 0xBD, 0x87, 0xE6, 0x9F, 0xA4, 0xE7, 0x9A, 0xBB, 0xE6, 0x8A, 0xAF, 0xE6, 0x8C, 0x93, 0xE6,
    0xA8, 0x9D, 0xE8, 0xAC, 0xAF, 0xE3, 0x84, 0x93, 0xE3, 0x84, 0x9A, 0x32, 0xE6, 0x89, 0x8E, 0xE6,
    0x9C, 0xAD, 0xE7, 0xB4, 0xAE, 0xE9, 0x96, 0x98, 0xE7, 0x82, 0xB8, 0xE9, 0x9C, 0x85, 0xE9, 0x8D,
    0x98, 0xE5, 0x93, 0xB3, 0xE5, 0x8A, 0x84, 0xE8, 0x9A, 0xBB, 0xE8, 0xAD, 0x97, 0xE8, 0xA0, 0xBF,
    0xE3, 0x84, 0x93, 0xE3, 0x84, 0x9A, 0x33, 0xE7, 0x9C, 0xA8, 0xE6, 0xB8, 0xA3, 0xE9, 0xAE, 0x93,
    0xE5, 0x8E, 0x8F, 0xE8, 0x8B, 0xB2, 0xE3, 0x84, 0x93, 0xE3, 0x84, 0x9A, 0x34, 0xE6, 0xA6, 0xA8,
    0xE6, 0x9F, 0xB5, 0xE7, 0x82, 0xB8, 0xE8, 0xA9, 0x90, 0xE4, 0xB9, 0x8D, 0xE6, 0x90, 0xBE, 0xE8,
    0x9A, 0xB1, 0xE5, 0x92, 0x8B, 0xE8, 0x9C, 0xA1, 0xE5, 0x90, 0x92, 0xE6, 0xBA, 0xA0, 0xE7, 0xA0,
    0x9F, 0xE9, 0x86, 0xA1, 0xE9, 0xAE, 0x93, 0xE7, 0x97, 0x84, 0xE7, 0xB0, 0x8E, 0xE5, 0x92, 0xA4,
    0xE3, 0x84, 0x93, 0xE3, 0x84, 0x9C, 0x31, 0xE9, 0x81, 0xAE, 0xE8, 0x9E, 0xAB, 0xE6, 0x99, 0xA2,
    0xE5, 0xAB, 0xAC, 0xE3, 0x84, 0x93, 0xE3, 0x84, 0x9C, 0x32, 0xE6, 0x8A, 0x98, 0xE5, 0x93, 0xB2,
    0xE6, 0x91, 0xBA, 0xE6, 0x87, 0xBE, 0xE8, 0xA4, 0xB6, 0xE8, 0xAC, 0xAB, 0xE8, 0xBC, 0x92, 0xE6,
    0x91, 0x98, 0xE8, 0xBD, 0x8D, 0xE6, 0x85, 0xB4, 0xE8, 0x9C, 0x87, 0xE7, 0xA3, 0x94, 0xE4, 0xB9,
    0x87, 0xE8, 0xAE, 0x8B, 0xE6, 0x99, 0xA2, 0xE9, 0xAE, 0xBF, 0xE8, 0x80, 0xB4, 0xE6, 0x82, 0x8A,
    0xE7, 0xA0, 0x93, 0xE8, 0xAC, 0xBA, 0xE8, 0x99, 0xB4, 0xE9, 0xB8, 0x85, 0xE8, 0xAE, 0x98, 0xE7,
    0x93, 0x8B, 0xE5, 0x96, 0x86, 0xE3, 0x84, 0x93, 0xE3, 0x84, 0x9C, 0x33, 0xE8, 0x80, 0x85, 0xE8,
    0xB5, 0xAD, 0xE9, 0x8D, 0xBA, 0xE3, 0x84, 0x93, 0xE3, 0x84, 0x9C, 0x34, 0xE9, 0x80, 0x99, 0xE6,
    0xB5, 0x99, 0xE8, 0x94, 0x97, 0xE9, 0xB7, 0x93, 0xE6, 0x9F, 0x98, 0xE5, 0xAE, 0x85, 0xE6, 0xAA,
    0xA1, 0xE7, 0x83, 0xA2, 0xE8, 0x9F, 0x85, 0xE3, 0x84, 0x93, 0xE3, 0x84, 0x9C, 0x35, 0xE8, 0x91,
    0x97, 0xE9, 0x81, 0xAE, 0xE6, 0x99, 0xA2, 0xE5, 0xAB, 0xAC, 0xE7, 0x9D, 0x80, 0xE3, 0x84, 0x93,
    0xE3, 0x84, 0x9E, 0x31, 0xE6, 0x91, 0x98, 0xE9, 0xBD, 0x8B, 0xE9, 0xBD, 0x8A, 0xE6, 0x8D, 0x9A,
    0xE3, 0x84, 0x93, 0xE3, 0x84, 0x9E, 0x32, 0xE5, 0xAE, 0x85, 0xE7, 0xBF, 0x9F, 0xE3, 0x84, 0x93,
    0xE3, 0x84, 0x9E, 0x33, 0xE7, 0xAA, 0x84, 0xE5, 0xB2, 0x9D, 0xE3, 0x84, 0x93, 0xE3, 0x84, 0x9E,
    0x34, 0xE5, 0x82, 0xB5, 0xE5, 0xAF, 0xA8, 0xE7, 0xA5, 0xAD, 0xE8, 0xB2, 0xAC, 0xE7, 0x98, 0xB5,
    0xE7, 0xA0, 0xA6, 0xE3, 0x84, 0x93, 0xE3, 0x84, 0xA0, 0x31, 0xE6, 0x9C, 0x9D, 0xE6, 0x8B, 0x9B,
    0xE6, 0x98, 0xAD, 0xE5, 0x8F, 0xAC, 0xE8, 0x91, 0x97, 0xE5, 0x98, 0xB2, 0xE9, 0x87, 0x97, 0xE9,
    0xA7, 0x8B, 0xE9, 0x89, 0x8A, 0xE6, 0x99, 0x81, 0xE7, 0x9B, 0x84, 0xE9, 0x8D, 0xA3, 0xE5, 0xA6,
    0xB1, 0xE7, 0x9D, 0x80, 0xE3, 0x84, 0x93, 0xE3, 0x84, 0xA0, 0x32, 0xE8, 0x91, 0x97, 0xE7, 0x9D,
    0x80, 0xE3, 0x84, 0x93, 0xE3, 0x84, 0xA0, 0x33, 0xE6, 0x89, 0xBE, 0xE6, 0xB2, 0xBC, 0xE7, 0x88,
    0xAA, 0xE8, 0x8F, 0xAC, 0xE7, 0x91, 0xB5, 0xE3, 0x84, 0x93, 0xE3, 0x84, 0xA0, 0x34, 0xE7, 0x85,
    0xA7, 0xE8, 0xB6, 0x99, 0xE5, 0x8F, 0xAC, 0xE7, 0xBD, 0xA9, 0xE5, 0x85, 0x86, 0xE8, 0x82, 0x87,
    0xE8, 0xA9, 0x94, 0xE6, 0x99, 0x81, 0xE7, 0xAC, 0x8A, 0xE6, 0xAB, 0x82, 0xE7, 0x82, 0xA4, 0xE9,
    0x9B, 0xBF, 0xE7, 0x8B, 0xA3, 0xE6, 0xA3, 0xB9, 0xE7, 0xAE, 0x8C, 0xE9, 0xB5, 0xAB, 0xE5, 0x9E,
    0x97, 0xE6, 0x97, 0x90, 0xE6, 0x9B, 0x8C, 0xE3, 0x84, 0x93, 0xE3, 0x84, 0xA1, 0x31, 0xE5, 0x91,
    0xA8, 0xE9, 0x80, 0xB1, 0xE5, 0xB7, 0x9E, 0xE6, 0xB4, 0xB2, 0xE8, 0x88, 0x9F, 0xE7, 0xB2, 0xA5,
    0xE8, 0xB3, 0x99, 0xE5, 0x95, 0x81, 0xE7, 0x9B, 0xA9, 0xE8, 0xAD, 0xB8, 0xE8, 0xBC, 0x88, 0xE5,
    0x96, 0x8C, 0xE9, 0xA8, 0x86, 0xE9, 0xB5, 0x83, 0xE6, 0xB4, 0x80, 0xE6, 0xB7, 0x8D, 0xE9, 0x8A,
    0x82, 0xE7, 0x8F, 0x98, 0xE5, 0xBE, 0x9F, 0xE8, 0xBC, 0x96, 0xE4, 0xBE, 0x9C, 0xE5, 0xA9, 0xA4,
    0xE3, 0x84, 0x93, 0xE3, 0x84, 0xA1, 0x32, 0xE8, 0xBB, 0xB8, 0xE5, 0xA6, 0xAF, 0xE3, 0x84, 0x93,
    0xE3, 0x84, 0xA1, 0x33, 0xE5, 0xB8, 0x9A, 0xE8, 0x82, 0x98, 0xE7, 0x9D, 0xAD, 0xE9, 0xAF, 0x9E,
    0xE3, 0x84, 0x93, 0xE3, 0x84, 0xA1, 0x34, 0xE6, 0x99, 0x9D, 0xE7, 0x9A, 0xBA, 0xE5, 0xAE, 0x99,
    0xE7, 0xB4, 0x82, 0xE7, 0xB8, 0x90, 0xE5, 0x86, 0x91, 0xE5, 0x92, 0x92, 0xE7, 0xB9, 0x87, 0xE7,
    0x94, 0x83, 0xE7, 0xB1, 0x80, 0xE5, 0x92, 0xAE, 0xE9, 0x85, 0x8E, 0xE5, 0x83, 0xBD, 0xE6, 0x80,
    0x9E, 0xE8, 0x83, 0x84, 0xE5, 0x99, 0xA3, 0xE9, 0xA7, 0x8E, 0xE8, 0x91, 0xA4, 0xE3, 0x84, 0x93,
    0xE3, 0x84, 0xA2, 0x31, 0xE8, 0xA9, 0xB9, 0xE6, 0xB2, 0xBE, 0xE7, 0x9E, 0xBB, 0xE6, 0xB0, 0x88,
    0xE9, 0x9C, 0x91, 0xE6, 0x97, 0x83, 0xE8, 0xAD, 0xAB, 0xE9, 0xB1, 0xA3, 0xE8, 0xA6, 0x98, 0xE9,
    0x82, 0x85, 0xE6, 0xA0, 0xB4, 0xE9, 0xB8, 0x87, 0xE9, 0xA9, 0x99, 0xE5, 0x8D, 0xA0, 0xE5, 0x91,
    0xAB, 0xE9, 0xA5, 0x98, 0xE9, 0x89, 0x86, 0xE8, 0xA9, 0x80, 0xE8, 0x96, 0x9D, 0xE8, 0xAD, 0xA0,
    0xE3, 0x84, 0x93, 0xE3, 0x84, 0xA2, 0x33, 0xE5, 0xB1, 0x95, 0xE6, 0x96, 0xAC, 0xE7, 0x9B, 0x9E,
    0xE8, 0xBC, 0xBE, 0xE6, 0x90, 0x8C, 0xE5, 0xB6, 0x84, 0xE7, 0x90, 0x96, 0xE9, 0xAD, 0x99, 0xE9,
    0x86, 0x86, 0xE9, 0xA2, 0xAD, 0xE6, 0xA8, 0xBF, 0xE7, 0x9A, 0xBD, 0xE8, 0xB9, 0x8D, 0xE5, 0xAB,
    0xB8, 0xE6, 0xA6, 0x90, 0xE6, 0xA9, 0x8F, 0xE3, 0x84, 0x93, 0xE3, 0x84, 0xA2, 0x34, 0xE4, 0xBD,
    0x94, 0xE6, 0x88, 0xB0, 0xE7, 0xAB, 0x99, 0xE6, 0x9A, 0xAB, 0xE5, 0x8D, 0xA0, 0xE6, 0xA3, 0xA7,
    0xE9, 0xA1, 0xAB, 0xE6, 0xB9, 0x9B, 0xE7, 0xB6, 0xBB, 0xE8, 0xB9, 0x94, 0xE8, 0x98, 0xB8, 0xE8,
    0x99, 0xA5, 0xE8, 0xBD, 0x8F, 0xE8, 0xBC, 0x9A, 0xE5, 0x81, 0xA1, 0xE3, 0x84, 0x93, 0xE3, 0x84,
    0xA3, 0x31, 0xE7, 0x9C, 0x9F, 0xE9, 0x87, 0x9D, 0xE7, 0x8F, 0x8D, 0xE8, 0xB2, 0x9E, 0xE5, 0x81,
    0xB5, 0xE7, 0xA6, 0x8E, 0xE6, 0x96, 0x9F, 0xE7, 0xAE, 0xB4, 0xE7, 0xA0, 0xA7, 0xE7, 0x94, 0x84,
    0xE8, 0x87, 0xBB, 0xE6, 0xA5, 0xA8, 0xE6, 0xA6, 0x9B, 0xE8, 0xA8, 0xBA, 0xE8, 0x93, 0x81, 0xE7,
    0x8D, 0x89, 0xE6, 0xBA, 0xB1, 0xE7, 0xA2, 0xAA, 0xE8, 0x83, 0x97, 0xE9, 0x8D, 0xBC, 0xE9, 0xB1,
    0xB5, 0xE5, 0xAA, 0x9C, 0xE9, 0xA7, 0x97, 0xE8, 0x96, 0xBD, 0xE7, 0xA6, 0x9B, 0xE6, 0xA8, 0xBC,
    0xE6, 0xBD, 0xA7, 0xE7, 0x91, 0x8A, 0xE9, 0x81, 0x89, 0xE5, 0xAF, 0x8A, 0xE8, 0x92, 0xA7, 0xE8,
    0xBD, 0x83, 0xE7, 0xB1, 0x88, 0xE9, 0xB7, 0x8F, 0xE5, 0xA0, 0xBB, 0xF0, 0xA1, 0xBB, 0x88, 0xE9,
    0x8C, 0xB1, 0xE7, 0x9C, 0x9E, 0xE3, 0x84, 0x93, 0xE3, 0x84, 0xA3, 0x33, 0xE8, 0xA8, 0xBA, 0xE6,
    0x9E, 0x95, 0xE7, 0x96, 0xB9, 0xE8, 0xBB, 0xAB, 0xE7, 0x95, 0x9B, 0xE8, 0xA2, 0x97, 0xE7, 0xB8,
    0x9D, 0xE7, 0xA8, 0xB9, 0xE7, 0xB4, 0xBE, 0xE9, 0xAC, 0x92, 0xE7, 0x9C, 0x95, 0xE9, 0xBB, 0xB0,
    0xE8, 0xBE, 0xB4, 0xE6, 0x8A, 0xAE, 0xE6, 0x8A, 0x8C, 0xE7, 0xAC, 0x89, 0xE7, 0xB5, 0xBC, 0xE7,
    0xA5, 0xB3, 0xE6, 0x99, 0xB8, 0xE7, 0xB8, 0xA5, 0xE9, 0xBB, 0x95, 0xE3, 0x84, 0x93, 0xE3, 0x84,
    0xA3, 0x34, 0xE9, 0x8E, 0xAE, 0xE9, 0x99, 0xA3, 0xE6, 0x8C, 0xAF, 0xE9, 0x9C, 0x87, 0xE8, 0xB3,
    0x91, 0xE6, 0x9C, 0x95, 0xE6, 0x9E, 0x95, 0xE9, 0xB4, 0x86, 0xE6, 0x8F, 0x95, 0xE9, 0x85, 0x96,
    0xE7, 0x9C, 0xB9, 0xE5, 0xA8, 0xA0, 0xE4, 0xBE, 0xB2, 0xE6, 0x8C, 0x8B, 0xE6, 0xA0, 0x9A, 0xE8,
    0x9C, 0x84, 0xE6, 0xA1, 0xAD, 0xE8, 0xAA, 0xAB, 0xE6, 0x95, 0xB6, 0xE5, 0x9C, 0xB3, 0xE3, 0x84,
    0x93, 0xE3, 0x84, 0xA4, 0x31, 0xE5, 0xBC, 0xB5, 0xE7, 0xAB, 0xA0, 0xE5, 0xBD, 0xB0, 0xE6, 0xBC,
    0xB3, 0xE6, 0xA8, 0x9F, 0xE7, 0x92, 0x8B, 0xE7, 0x8D, 0x90, 0xE5, 0xAB, 0x9C, 0xE6, 0x9A, 0xB2,
    0xE9, 0x84, 0xA3, 0xE8, 0x9F, 0x91, 0xE9, 0xB1, 0x86, 0xE6, 0x85, 0x9E, 0xE5, 0x82, 0xBD, 0xE5,
    0xA2, 0x87, 0xE9, 0xA8, 0xBF, 0xE9, 0x81, 0xA7, 0xE3, 0x84, 0x93, 0xE3, 0x84, 0xA4, 0x33, 0xE9,
    0x95, 0xB7, 0xE6, 0x8E, 0x8C, 0xE6, 0xBC, 0xB2, 0xE4, 0xBB, 0x89, 0xE9, 0x9E, 0x9D, 0xE3, 0x84,
    0x93, 0xE3, 0x84, 0xA4, 0x34, 0xE4, 0xB8, 0x88, 0xE4, 0xBB, 0x97, 0xE5, 0xB8, 0xB3, 0xE9, 0x9A,
    0x9C, 0xE8, 0xB3, 0xAC, 0xE8, 0x84, 0xB9, 0xE6, 0x9D, 0x96, 0xE6, 0xBC, 0xB2, 0xE9, 0x95, 0xB7,
    0xE5, 0xB9, 0x9B, 0xE7, 0x98, 0xB4, 0xE5, 0xB6, 0x82, 0xE6, 0x89, 0x99, 0xE7, 0x9E, 0x95, 0xE7,
    0xB2, 0x80, 0xE3, 0x84, 0x93, 0xE3, 0x84, 0xA5, 0x31, 0xE7, 0x88, 0xAD, 0xE5, 0xBE, 0x81, 0xE8,
    0x92, 0xB8, 0xE7, 0x9D, 0x9C, 0xE5, 0xBE, 0xB5, 0xE6, 0x8E, 0x99, 0xE7, 0xAE, 0x8F, 0xE6, 0xAD,
    0xA3, 0xE6, 0x80, 0x94, 0xE7, 0x8C, 0x99, 0xE9, 0x8C, 0x9A, 0xE5, 0xB4, 0xA2, 0xE8, 0xAB, 0x8D,
    0xE7, 0x99, 0xA5, 0xE9, 0x89, 0xA6, 0xE7, 0x83, 0x9D, 0xE7, 0xAF, 0x9C, 0xE5, 0xA7, 0x83, 0xE7,
    0x82, 0xA1, 0xE5, 0x9F, 0xA9, 0xE8, 0x81, 0x87, 0xE4, 0xB8, 0x81, 0xE7, 0x9C, 0x90, 0xE3, 0x84,
    0x93, 0xE3, 0x84, 0xA5, 0x33, 0xE6, 0x95, 0xB4, 0xE6, 0x8B, 0xAF, 0xE6, 0xB0, 0xB6, 0xE6, 0x92,
    0x9C, 0xE7, 0xB3, 0xBD, 0xE3, 0x84, 0x93, 0xE3, 0x84, 0xA5, 0x34, 0xE9, 0x84, 0xAD, 0xE6, 0xAD,
    0xA3, 0xE8, 0xAD, 0x89, 0xE6, 0x94, 0xBF, 0xE8, 0xA8, 0xBC, 0xE7, 0x97, 0x87, 0xE6, 0x8E, 0x99,
    0xE5, 0xB9, 0x80, 0xE3, 0x84, 0x93, 0xE3, 0x84, 0xA8, 0x31, 0xE7, 0x8F, 0xA0, 0xE6, 0x9C, 0xB1,
    0xE8, 0xAB, 0xB8, 0xE6, 0xA0, 0xAA, 0xE8, 0xB1, 0xAC, 0xE8, 0x9B, 0x9B, 0xE8, 0x8C, 0xB1, 0xE7,
    0xA1, 0x83, 0xE8, 0xAA, 0x85, 0xE9, 0x8A, 0x96, 0xE4, 0xBE, 0x8F, 0xE6, 0xB4, 0x99, 0xE7, 0x80,
    0xA6, 0xE9, 0x82, 0xBE, 0xE6, 0xAB, 0xAB, 0xE6, 0xAB, 0xA7, 0xE7, 0xA5, 0xA9, 0xE8, 0x97, 0xB7,
    0xE7, 0xB5, 0x91, 0xE8, 0xA2, 0xBE, 0xE8, 0xA7, 0xB0, 0xE9, 0xB4, 0xB8, 0xE8, 0xA0, 0xA9, 0xE8,
    0x9D, 0xAB, 0xE9, 0xAE, 0xA2, 0xE8, 0x97, 0xB8, 0xE3, 0x84, 0x93, 0xE3, 0x84, 0xA8, 0x32, 0xE7,
    0xAB, 0xB9, 0xE7, 0xAF, 0x89, 0xE9, 0x80, 0x90, 0xE7, 0x87, 0xAD, 0xE8, 0xA0, 0x8B, 0xE7, 0xAD,
    0x91, 0xE7, 0xAB, 0xBA, 0xE6, 0x9C, 0xAE, 0xE8, 0xBA, 0x85, 0xE8, 0x88, 0xB3, 0xE8, 0xBB, 0xB8,
    0xE7, 0xAA, 0x8B, 0xE8, 0x93, 0xAB, 0xE7, 0xAC, 0x81, 0xE8, 0xB6, 0x89, 0xE9, 0xB1, 0x81, 0xE7,
    0x81, 0x9F, 0xE8, 0xA0, 0xBE, 0xE8, 0x8C, 0xBF, 0xE7, 0xAF, 0xAB, 0xE3, 0x84, 0x93, 0xE3, 0x84,
    0xA8, 0x33, 0xE4, 0xB8, 0xBB, 0xE5, 0xB1, 0xAC, 0xE7, 0x85, 0xAE, 0xE5, 0x9B, 0x91, 0xE8, 0xB2,
    0xAF, 0xE6, 0xB8, 0x9A, 0xE7, 0x9F, 0x9A, 0xE8, 0x91, 0x97, 0xE9, 0xBA, 0x88, 0xE6, 0x8B, 0x84,
    0xE7, 0x98, 0x83, 0xE6, 0x96, 0xB8, 0xE7, 0xA0, 0xAB, 0xE9, 0x99, 0xBC, 0xE5, 0xAD, 0x8E, 0xE5,
    0xA3, 0xB4, 0xE7, 0xBD, 0x9C, 0xE6, 0xAC, 0x98, 0xE6, 0xB3, 0x9E, 0xE7, 0x9C, 0x9D, 0xE3, 0x84,
    0x93, 0xE3, 0x84, 0xA8, 0x34, 0xE4, 0xBD, 0x8F, 0xE8, 0x91, 0x97, 0xE5, 0x8A, 0xA9, 0xE6, 0xB3,
    0xA8, 0xE7, 0xA5, 0x9D, 0xE9, 0xA7, 0x90, 0xE8, 0xA8, 0xBB, 0xE6, 0x9F, 0xB1, 0xE8, 0x9B, 0x80,
    0xE9, 0x91, 0x84, 0xE7, 0x82, 0xB7, 0xE8, 0x8B, 0xA7, 0xE4, 0xBD, 0x87, 0xE7, 0xAE, 0xB8, 0xE6,
    0x9D, 0xBC, 0xE7, 0xB4, 0xB5, 0xE7, 0xBF, 0xA5, 0xE5, 0xAE, 0x81, 0xE6, 0x9F, 0xB7, 0xE7, 0xBE,
    0x9C, 0xE9, 0xA6, 0xB5, 0xE7, 0x96, 0xB0, 0xE8, 0x8E, 0x87, 0xE9, 0x89, 0x92, 0xE7, 0xB4, 0xB8,
    0xE5, 0xB5, 0x80, 0xE8, 0xB7, 0x93, 0xE8, 0xBB, 0xB4, 0xE6, 0xA8, 0xA6, 0xE9, 0xBA, 0x86, 0xE6,
    0xAB, 0xA1, 0xE6, 0xAE, 0xB6, 0xE8, 0xAB, 0x94, 0xE7, 0x9D, 0x80, 0xE3, 0x84, 0x93, 0xE3, 0x84,
    0xA8, 0xE3, 0x84, 0x9A, 0x31, 0xE6, 0x8A, 0x93, 0xE6, 0x92, 0xBE, 0xE9, 0xAB, 0xBD, 0xE6, 0xAA,
    0x9B, 0xE3, 0x84, 0x93, 0xE3, 0x84, 0xA8, 0xE3, 0x84, 0x9A, 0x33, 0xE7, 0x88, 0xAA, 0xE3, 0x84,
    0x93, 0xE3, 0x84, 0xA8, 0xE3, 0x84, 0x9B, 0x31, 0xE6, 0x8D, 0x89, 0xE6, 0xA1, 0x8C, 0xE6, 0xB6,
    0xBF, 0xE6, 0xA3, 0xB9, 0xE7, 0xA9, 0x9B, 0xE3, 0x84, 0x93, 0xE3, 0x84, 0xA8, 0xE3, 0x84, 0x9B,
    0x32, 0xE5, 0x8D, 0x93, 0xE8, 0x8C, 0x81, 0xE6, 0xBF, 0x81, 0xE6, 0x8B, 0x99, 0xE6, 0xBF, 0xAF,
    0xE9, 0x85, 0x8C, 0xE7, 0x81, 0xBC, 0xE8, 0x91, 0x97, 0xE5, 0x95, 0x84, 0xE9, 0x90, 0xB2, 0xE6,
    0x93, 0xA2, 0xE7, 0x90, 0xA2, 0xE8, 0xAB, 0x91, 0xE5, 0x80, 0xAC, 0xE6, 0x96, 0xB2, 0xE6, 0x96,
    0xAE, 0xE6, 0xA2, 0xB2, 0xE6, 0xA4, 0x93, 0xE7, 0x84, 0xAF, 0xE8, 0x9D, 0x83, 0xE8, 0xB8, 0x94,
    0xE9, 0xB7, 0x9F, 0xE5, 0xBD, 0xB4, 0xE6, 0xB1, 0x8B, 0xE6, 0x96, 0xAB, 0xE7, 0xA6, 0x9A, 0xE7,
    0xAF, 0xA7, 0xE6, 0xB5, 0x9E, 0xE6, 0xA3, 0xB3, 0xE8, 0xAC, 0xB6, 0xE9, 0x8C, 0xA3, 0xE5, 0x95,
    0x85, 0xE7, 0xBD, 0xAC, 0xE6, 0x96, 0x80, 0xE8, 0xA0, 0x97, 0xE5, 0x9C, 0xB4, 0xE5, 0x89, 0xA2,
    0xE7, 0x81, 0x82, 0xE7, 0x9D, 0x80, 0xE3, 0x84, 0x93, 0xE3, 0x84, 0xA8, 0xE3, 0x84, 0x9E, 0x31,
    0xE6, 0x8B, 0xBD, 0xE3, 0x84, 0x93, 0xE3, 0x84, 0xA8, 0xE3, 0x84, 0x9E, 0x33, 0xE8, 0xB7, 0xA9,
    0xE3, 0x84, 0x93, 0xE3, 0x84, 0xA8, 0xE3, 0x84, 0x9E, 0x34, 0xE6, 0x8B, 0xBD, 0xE3, 0x84, 0x93,
    0xE3, 0x84, 0xA8, 0xE3, 0x84, 0x9F, 0x31, 0xE8, 0xBF, 0xBD, 0xE9, 0x8C, 0x90, 0xE6, 0xA4, 0x8E,
    0xE9, 0x9A, 0xB9, 0xE9, 0xA8, 0x85, 0xE9, 0xB5, 0xBB, 0xE8, 0x85, 0x84, 0xE9, 0xB4, 0xAD, 0xE3,
    0x84, 0x93, 0xE3, 0x84, 0xA8, 0xE3, 0x84, 0x9F, 0x33, 0xE6, 0xB2, 0x9D, 0xE3, 0x84, 0x93, 0xE3,
    0x84, 0xA8, 0xE3, 0x84, 0x9F, 0x34, 0xE7, 0xB6, 0xB4, 0xE5, 0xA2, 0x9C, 0xE8, 0xB4, 0x85, 0xE7,
    0xB8, 0x8B, 0xE6, 0x83, 0xB4, 0xE9, 0xA4, 0x9F, 0xE7, 0xA1, 0xBE, 0xE8, 0x86, 0x87, 0xE9, 0x91,
    0x86, 0xE3, 0x84, 0x93, 0xE3, 0x84, 0xA8, 0xE3, 0x84, 0xA2, 0x31, 0xE5, 0xB0, 0x88, 0xE7, 0xA3,
    0x9A, 0xE8, 0x80, 0x91, 0xE9, 0xA1, 0x93, 0xE5, 0xA1, 0xBC, 0xE9, 0x84, 0x9F, 0xE9, 0xB1, 0x84,
    0xE5, 0x89, 0xB8, 0xE5, 0xAB, 0xA5, 0xE7, 0x91, 0xBC, 0xE7, 0xAF, 0xBF, 0xE9, 0xB7, 0x92, 0xE8,
    0x86, 0x9E, 0xE8, 0x9F, 0xA4, 0xE3, 0x84, 0x93, 0xE3, 0x84, 0xA8, 0xE3, 0x84, 0xA2, 0x33, 0xE8,
    0xBD, 0x89, 0xE5, 0x9B, 0x80, 0xE3, 0x84, 0x93, 0xE3, 0x84, 0xA8, 0xE3, 0x84, 0xA2, 0x34, 0xE5,
    0x82, 0xB3, 0xE8, 0xB3, 0xBA, 0xE7, 0xAF, 0x86, 0xE6, 0x92, 0xB0, 0xE8, 0xAD, 0x94, 0xE9, 0xA5,
    0x8C, 0xE8, 0xBD, 0x89, 0xE5, 0x83, 0x8E, 0xE7, 0x91, 0x91, 0xE7, 0xB8, 0xB3, 0xE8, 0x85, 0x9E,
    0xE3, 0x84, 0x93, 0xE3, 0x84, 0xA8, 0xE3, 0x84, 0xA3, 0x31, 0xE8, 0xAB, 0x84, 0xE5, 0xB1, 0xAF,
    0xE8, 0x82, 0xAB, 0xE7, 0xAA, 0x80, 0xE8, 0xBF, 0x8D, 0xE5, 0xAE, 0x92, 0xE8, 0xA8, 0xB0, 0xE3,
    0x84, 0x93, 0xE3, 0x84, 0xA8, 0xE3, 0x84, 0xA3, 0x33, 0xE6, 0xBA, 0x96, 0xE5, 0x87, 0x86, 0xE9,
    0x9A, 0xBC, 0xE5, 0x9F, 0xBB, 0xE7, 0xB6, 0xA7, 0xE3, 0x84, 0x93, 0xE3, 0x84, 0xA8, 0xE3, 0x84,
    0xA3, 0x34, 0xE7, 0xA8, 0x95, 0xE3, 0x84, 0x93, 0xE3, 0x84, 0xA8, 0xE3, 0x84, 0xA4, 0x31, 0xE8,
    0xA3, 0x9D, 0xE8, 0x8E, 0x8A, 0xE6, 0xA8, 0x81, 0xE5, 0xA6, 0x9D, 0xE7, 0xB2, 0xA7, 0xE5, 0xBA,
    0x84, 0xE6, 0xA2, 0x89, 0xE3, 0x84, 0x93, 0xE3, 0x84, 0xA8, 0xE3, 0x84, 0xA4, 0x33, 0xE5, 0xA5,
    0x98, 0xE3, 0x84, 0x93, 0xE3, 0x84, 0xA8, 0xE3, 0x84, 0xA4, 0x34, 0xE7, 0x8B, 0x80, 0xE5, 0xA3,
    0xAF, 0xE6, 0x92, 0x9E, 0xE6, 0x88, 0x87, 0xE7, 0x84, 0x8B, 0xE3, 0x84, 0x93, 0xE3, 0x84, 0xA8,
    0xE3, 0x84, 0xA5, 0x31, 0xE4, 0xB8, 0xAD, 0xE9, 0x90, 0x98, 0xE7, 0xB5, 0x82, 0xE5, 0xBF, 0xA0,
    0xE9, 0x8D, 0xBE, 0xE8, 0xA1, 0xB7, 0xE5, 0xBF, 0xAA, 0xE7, 0x9B, 0x85, 0xE8, 0x9E, 0xBD, 0xE4,
    0xBC, 0x80, 0xE5, 0xA6, 0x90, 0xE8, 0x94, 0xA0, 0xE6, 0x9F, 0x8A, 0xE7, 0x85, 0x84, 0xE5, 0xBD,
    0xB8, 0xE8, 0x88, 0xAF, 0xE7, 0x82, 0x82, 0xE7, 0xB1, 0xA6, 0xE3, 0x84, 0x93, 0xE3, 0x84, 0xA8,
    0xE3, 0x84, 0xA5, 0x33, 0xE7, 0xA8, 0xAE, 0xE8, 0x85, 0xAB, 0xE5, 0xA1, 0x9A, 0xE8, 0xB8, 0xB5,
    0xE5, 0x86, 0xA2, 0xE3, 0x84, 0x93, 0xE3, 0x84, 0xA8, 0xE3, 0x84, 0xA5, 0x34, 0xE4, 0xB8, 0xAD,
    0xE7, 0xA8, 0xAE, 0xE9, 0x87, 0x8D, 0xE4, 0xBB, 0xB2, 0xE7, 0x9C, 0xBE, 0xE5, 0xB0, 0xB0, 0xE6,
    0xB9, 0xA9, 0xE7, 0x8B, 0x86, 0xE8, 0xA1, 0xB6, 0xE5, 0x81, 0x85, 0xE5, 0xA0, 0xB9, 0xE7, 0xB7,
    0x9F, 0xE3, 0x84, 0x94, 0x31, 0xE5, 0x90, 0x83, 0xE8, 0x9A, 0xA9, 0xE7, 0x99, 0xA1, 0xE7, 0x97,
    0xB4, 0xE5, 0x97, 0xA4, 0xE5, 0x96, 0xAB, 0xE3, 0x84, 0x94, 0xE9, 0x83, 0x97, 0xE9, 0xAD, 0x91,
    0xE7, 0xAC, 0x9E, 0xE7, 0xB5, 0xBA, 0xE9, 0xB4, 0x9F, 0xE5, 0xAA, 0xB8, 0xE6, 0x91, 0x9B, 0xE7,
    0x93, 0xBB, 0xE8, 0x9E, 0xAD, 0xE7, 0x9C, 0xB5, 0xE9, 0xBD, 0x9D, 0xE7, 0xA6, 0xBB, 0xE8, 0xB2,
    0xBE, 0xE8, 0xAA, 0xBA, 0xE7, 0x9E, 0x9D, 0xE9, 0xBD, 0xB9, 0xE9, 0xBB, 0x90, 0xE9, 0xBA, 0xB6,
    0xE3, 0x84, 0x94, 0x32, 0xE6, 0x8C, 0x81, 0xE6, 0xB1, 0xA0, 0xE9, 0x81, 0xB2, 0xE9, 0xA6, 0xB3,
    0xE5, 0x8C, 0x99, 0xE5, 0xBC, 0x9B, 0xE5, 0xA2, 0x80, 0xE5, 0x9D, 0xBB, 0xE8, 0xB8, 0x9F, 0xE7,
    0xAE, 0x8E, 0xE8, 0x8C, 0xAC, 0xE8, 0x9A, 0xB3, 0xE7, 0xAF, 0xAA, 0xE8, 0x9A, 0x94, 0xE8, 0x8C,
    0x8C, 0xE7, 0x97, 0x84, 0xE5, 0xBF, 0xAF, 0xE6, 0xB1, 0xA6, 0xE8, 0x8D, 0x8E, 0xE6, 0xA0, 0x98,
    0xE6, 0xAD, 0xAD, 0xE8, 0x80, 0x9B, 0xE8, 0xB2, 0xBE, 0xE8, 0xB6, 0x8D, 0xE7, 0xAE, 0x88, 0xE5,
    0xBE, 0xB2, 0xE8, 0xAC, 0x98, 0xE5, 0xBE, 0xA5, 0xE3, 0x84, 0x94, 0x33, 0xE5, 0xB0, 0xBA, 0xE9,
    0xBD, 0x92, 0xE6, 0x81, 0xA5, 0xE5, 0x91, 0x8E, 0xE4, 0xBE, 0x88, 0xE8, 0xA4, 0xAB, 0xE6, 0xAC,
    0xBC, 0xE6, 0x90, 0x8B, 0xE8, 0x9A, 0x87, 0xE6, 0x81, 0x80, 0xE6, 0x8B, 0xB8, 0xE5, 0xA7, 0xBC,
    0xE5, 0x82, 0x82, 0xE8, 0xAA, 0x83, 0xE9, 0x89, 0xB9, 0xE4, 0xBC, 0xAC, 0xE9, 0xB6, 0x92, 0xE8,
    0xB1, 0x89, 0xE3, 0x84, 0x94, 0x34, 0xE8, 0xB5, 0xA4, 0xE7, 0xBF, 0x85, 0xE6, 0x96, 0xA5, 0xE9,
    0xA3, 0xAD, 0xE5, 0x8F, 0xB1, 0xE7, 0x86, 0xBE, 0xE5, 0x95, 0xBB, 0xE5, 0x82, 0xBA, 0xE6, 0x95,
    0x95, 0xE7, 0x9C, 0x99, 0xE6, 0x8A, 0xB6, 0xE9, 0xA5, 0x8E, 0xE6, 0xA0, 0xBB, 0xE9, 0x81, 0xAB,
    0xE5, 0xBD, 0xB3, 0xE8, 0xB7, 0xAE, 0xE8, 0xB8, 0x85, 0xE9, 0xB7, 0x98, 0xE4, 0xB9, 0xBF, 0xE7,
    0x98, 0x9B, 0xE9, 0x89, 0x93, 0xE5, 0x93, 0xA7, 0xE6, 0xB7, 0x94, 0xE7, 0x97, 0xB8, 0xE6, 0x87,
    0x98, 0xE6, 0x88, 0xA0, 0xE3, 0x84, 0x94, 0xE3, 0x84, 0x9A, 0x31, 0xE5, 0xB7, 0xAE, 0xE6, 0x8F,
    0x92, 0xE5, 0x8F, 0x89, 0xE5, 0x96, 0xB3, 0xE8, 0x89, 0x96, 0xE5, 0x97, 0x8F, 0xE6, 0x89, 0xA0,
    0xE6, 0x9D, 0x88, 0xE5, 0x81, 0x9B, 0xE7, 0x96, 0x80, 0xE9, 0x8E, 0x88, 0xE3, 0x84, 0x94, 0xE3,
    0x84, 0x9A, 0x32, 0xE6, 0x9F, 0xA5, 0xE5, 0xAF, 0x9F, 0xE8, 0x8C, 0xB6, 0xE6, 0x90, 0xBD, 0xE6,
    0xA7, 0x8E, 0xE9, 0x8D, 0xA4, 0xE7, 0xA2, 0xB4, 0xE8, 0x87, 0xBF, 0xE5, 0x9E, 0x9E, 0xE7, 0xA7,
    0x85, 0xE8, 0x8C, 0xAC, 0xE3, 0x84, 0x94, 0xE3, 0x84, 0x9A, 0x33, 0xE8, 0xB9, 0x85, 0xE3, 0x84,
    0x94, 0xE3, 0x84, 0x9A, 0x34, 0xE8, 0xA9, 0xAB, 0xE5, 0xB2, 0x94, 0xE5, 0x89, 0x8E, 0xE5, 0xB7,
    0xAE, 0xE6, 0xB1, 0x8A, 0xE8, 0xA1, 0xA9, 0xE8, 0x9C, 0xA1, 0xE4, 0xBE, 0x98, 0xE5, 0xA5, 0xBC,
    0xE7, 0xB4, 0x81, 0xE3, 0x84, 0x94, 0xE3, 0x84, 0x9C, 0x31, 0xE8, 0xBB, 0x8A, 0xE7, 0xA1, 0xA8,
    0xE8, 0x8E, 0x97, 0xE3, 0x84, 0x94, 0xE3, 0x84, 0x9C, 0x33, 0xE6, 0x89, 0xAF, 0xE6, 0x92, 0xA6,
    0xE5, 0xA5, 0xB2, 0xE3, 0x84, 0x94, 0xE3, 0x84, 0x9C, 0x34, 0xE5, 0xBE, 0xB9, 0xE6, 0xBE, 0x88,
    0xE8, 0xBD, 0x8D, 0xE6, 0x92, 0xA4, 0xE6, 0x8E, 0xA3, 0xE5, 0x9D, 0xBC, 0xE5, 0xB1, 0xAE, 0xE8,
    0xBF, 0xA0, 0xE7, 0xA1, 0xA9, 0xE3, 0x84, 0x94, 0xE3, 0x84, 0x9E, 0x31, 0xE6, 0x8B, 0x86, 0xE9,
    0x87, 0xB5, 0xE5, 0xB7, 0xAE, 0xE5, 0x81, 0xA8, 0xE3, 0x84, 0x94, 0xE3, 0x84, 0x9E, 0x32, 0xE6,
    0x9F, 0xB4, 0xE8, 0xB1, 0xBA, 0xE5, 0x84, 0x95, 0xE7, 0xA5, 0xA1, 0xE5, 0x96, 0x8D, 0xE3, 0x84,
    0x94, 0xE3, 0x84, 0x9E, 0x34, 0xE8, 0xA0, 0x86, 0xE8, 0xA2, 0x83, 0xE5, 0x9B, 0x86, 0xE3, 0x84,
    0x94, 0xE3, 0x84, 0xA0, 0x31, 0xE6, 0x8A, 0x84, 0xE9, 0x88, 0x94, 0xE8, 0xB6, 0x85, 0xE5, 0x8B,
    0xA6, 0xE5, 0xBC, 0xA8, 0xE6, 0x80, 0x8A, 0xE8, 0xA8, 0xAC, 0xE5, 0x89, 0xBF, 0xE7, 0xBD, 0xBA,
    0xE3, 0x84, 0x94, 0xE3, 0x84, 0xA0, 0x32, 0xE6, 0x9C, 0x9D, 0xE6, 0xBD, 0xAE, 0xE5, 0xB7, 0xA2,
    0xE5, 0x98, 0xB2, 0xE6, 0x99, 0x81, 0xE6, 0xA8, 0x94, 0xE8, 0xBD, 0x88, 0xE9, 0x84, 0x9B, 0xE3,
    0x84, 0x94, 0xE3, 0x84, 0xA0, 0x33, 0xE5, 0x90, 0xB5, 0xE7, 0x82, 0x92, 0xE7, 0x9C, 0xA7, 0xE3,
    0x84, 0x94, 0xE3, 0x84, 0xA0, 0x34, 0xE8, 0x80, 0x96, 0xE3, 0x84, 0x94, 0xE3, 0x84, 0xA1, 0x31,
    0xE6, 0x8A, 0xBD, 0xE7, 0x98, 0xB3, 0xE6, 0x90, 0x8A, 0xE7, 0xAF, 0x98, 0xE7, 0x8A, 0xA8, 0xE5,
    0xA9, 0xA4, 0xE3, 0x84, 0x94, 0xE3, 0x84, 0xA1, 0x32, 0xE6, 0x84, 0x81, 0xE4, 0xBB, 0x87, 0xE7,
    0xB1, 0x8C, 0xE7, 0xB6, 0xA2, 0xE9, 0x85, 0xAC, 0xE7, 0xA8, 0xA0, 0xE7, 0xB4, 0xAC, 0xE8, 0xBA,
    0x8A, 0xE7, 0x96, 0x87, 0xE6, 0x83, 0x86, 0xE8, 0xA3, 0xAF, 0xE5, 0x84, 0x94, 0xE8, 0xAE, 0x8E,
    0xE5, 0xB9, 0xAC, 0xE9, 0xAF, 0x88, 0xE8, 0x96, 0xB5, 0xE5, 0xAC, 0xA6, 0xE6, 0xA4, 0x86, 0xE7,
    0xB5, 0x92, 0xE8, 0x8F, 0x97, 0xE6, 0x87, 0xA4, 0xE8, 0xA9, 0xB6, 0xE9, 0x9B, 0x94, 0xE7, 0x87,
    0xBD, 0xE6, 0xA0, 0xA6, 0xE3, 0x84, 0x94, 0xE3, 0x84, 0xA1, 0x33, 0xE4, 0xB8, 0x91, 0xE9, 0x86,
    0x9C, 0xE7, 0x9E, 0x85, 0xE6, 0x9D, 0xBB, 0xE6, 0x9D, 0xBD, 0xE5, 0x90, 0x9C, 0xE8, 0x8E, 0xA5,
    0xE3, 0x84, 0x94, 0xE3, 0x84, 0xA1, 0x34, 0xE8, 0x87, 0xAD, 0xE7, 0xB0, 0x89, 0xE6, 0xBA, 0xB4,
    0xE6, 0xAE, 0xA0, 0xE6, 0x86, 0xB1, 0xE3, 0x84, 0x94, 0xE3, 0x84, 0xA2, 0x31, 0xE6, 0x91, 0xBB,
    0xE6, 0x94, 0x99, 0xE6, 0xA2, 0xB4, 0xE8, 0xA5, 0x9C, 0xE8, 0xBE, 0xBF, 0xE9, 0x8B, 0x93, 0xE6,
    0x83, 0x89, 0xE5, 0xAC, 0x93, 0xE6, 0xAC, 0x83, 0xE3, 0x84, 0x94, 0xE3, 0x84, 0xA2, 0x32, 0xE7,
    0xBA, 0x8F, 0xE8, 0x9F, 0xAC, 0xE7, 0xA6, 0xAA, 0xE9, 0xA5, 0x9E, 0xE8, 0xAE, 0x92, 0xE6, 0xBD,
    0xBA, 0xE8, 0x9F, 0xBE, 0xE5, 0xB7, 0x89, 0xE5, 0xAC, 0x8B, 0xE5, 0x96, 0xAE, 0xE6, 0xBE, 0xB6,
    0xE5, 0xBB, 0x9B, 0xE5, 0xAD, 0xB1, 0xE5, 0x8A, 0x96, 0xE6, 0xAF, 0x9A, 0xE7, 0x80, 0x8D, 0xE7,
    0x80, 0xBA, 0xE8, 0xBA, 0x94, 0xE9, 0x91, 0xB1, 0xE7, 0xA3, 0x9B, 0xE8, 0x89, 0xAC, 0xE5, 0x83,
    0x9D, 0xE6, 0xA3, 0x8E, 0xE6, 0xB9, 0xB9, 0xE9, 0x8B, 0x8B, 0xE7, 0x85, 0x98, 0xE7, 0x8D, 0x91,
    0xE7, 0xB9, 0xB5, 0xE5, 0x9A, 0xB5, 0xE9, 0x85, 0x81, 0xE3, 0x84, 0x94, 0xE3, 0x84, 0xA2, 0x33,
    0xE7, 0x94, 0xA2, 0xE9, 0x8F, 0x9F, 0xE9, 0x97, 0xA1, 0xE5, 0x89, 0xB7, 0xE8, 0x95, 0x86, 0xE5,
    0x98, 0xBD, 0xE5, 0x9B, 0x85, 0xE4, 0xB8, 0xB3, 0xE5, 0xB5, 0xBC, 0xE7, 0x87, 0x80, 0xE8, 0xAB,
    0x82, 0xE9, 0xA9, 0x8F, 0xE5, 0xB9, 0x9D, 0xE7, 0xB9, 0x9F, 0xE6, 0xBB, 0xBB, 0xE7, 0xB0, 0x85,
    0xE7, 0x81, 0x9B, 0xE6, 0x97, 0xB5, 0xE8, 0xAD, 0x82, 0xE3, 0x84, 0x94, 0xE3, 0x84, 0xA2, 0x34,
    0xE6, 0x87, 0xBA, 0xE7, 0xBE, 0xBC, 0xE5, 0x84, 0xB3, 0xE3, 0x84, 0x94, 0xE3, 0x84, 0xA3, 0x31,
    0xE5, 0x97, 0x94, 0xE7, 0x90, 0x9B, 0xE7, 0x9E, 0x8B, 0xE9, 0x83, 0xB4, 0xE8, 0xB3, 0x9D, 0xE6,
    0xA3, 0xBD, 0xE8, 0xAC, 0x93, 0xE8, 0xAB, 0x83, 0xE6, 0x90, 0xB7, 0xE5, 0xA0, 0x94, 0xE3, 0x84,
    0x94, 0xE3, 0x84, 0xA3, 0x32, 0xE9, 0x99, 0xB3, 0xE6, 0xB2, 0x89, 0xE6, 0x99, 0xA8, 0xE8, 0x87,
    0xA3, 0xE5, 0xA1, 0xB5, 0xE8, 0xBE, 0xB0, 0xE5, 0xA8, 0xA0, 0xE5, 0xBF, 0xB1, 0xE6, 0xB2, 0x88,
    0xE5, 0xAE, 0xB8, 0xE8, 0xAB, 0xB6, 0xE7, 0x85, 0x81, 0xE8, 0x8C, 0x9E, 0xE8, 0x94, 0xAF, 0xE6,
    0xA8, 0x84, 0xE8, 0x8E, 0x90, 0xE6, 0x84, 0x96, 0xE9, 0x88, 0x82, 0xE8, 0x9E, 0xB4, 0xE9, 0xBA,
    0x8E, 0xE9, 0xB7, 0x90, 0xE4, 0xBC, 0x94, 0xE6, 0x95, 0xB6, 0xE3, 0x84, 0x94, 0xE3, 0x84, 0xA3,
    0x33, 0xE6, 0x8D, 0xB5, 0xE7, 0xA3, 0xA3, 0xE9, 0x8D, 0x96, 0xE8, 0xA3, 0x96, 0xE5, 0xA2, 0x8B,
    0xE8, 0xB8, 0xB8, 0xE8, 0xB4, 0x82, 0xE3, 0x84, 0x94, 0xE3, 0x84, 0xA3, 0x34, 0xE8, 0xB6, 0x81,
    0xE7, 0xA8, 0xB1, 0xE8, 0xA5, 0xAF, 0xE6, 0xAB, 0xAC, 0xE8, 0xAE, 0x96, 0xE7, 0x96, 0xA2, 0xE9,
    0xBD, 0x94, 0xE5, 0x9A, 0xAB, 0xE8, 0x97, 0xBD, 0xE5, 0x84, 0xAD, 0xE3, 0x84, 0x94, 0xE3, 0x84,
    0xA4, 0x31, 0xE6, 0x98, 0x8C, 0xE5, 0x80, 0xA1, 0xE7, 0x8C, 0x96, 0xE5, 0xA8, 0xBC, 0xE9, 0x96,
    0xB6, 0xE8, 0x8F, 0x96, 0xE9, 0xAF, 0xA7, 0xE5, 0x80, 0x80, 0xE9, 0xBC, 0x9A, 0xE9, 0x8C, 0xA9,
    0xE6, 0xB7, 0x90, 0xE7, 0x90, 0xA9, 0xE8, 0xA3, 0xAE, 0xE3, 0x84, 0x94, 0xE3, 0x84, 0xA4, 0x32,
    0xE9, 0x95, 0xB7, 0xE5, 0xB8, 0xB8, 0xE5, 0xA0, 0xB4, 0xE5, 0x98, 0x97, 0xE8, 0xA3, 0xB3, 0xE5,
    0x84, 0x9F, 0xE8, 0x85, 0xB8, 0xE5, 0xAB, 0xA6, 0xE9, 0xB1, 0xA8, 0xE5, 0xBE, 0x9C, 0xE5, 0x9A,
    0x90, 0xE8, 0x90, 0x87, 0xE9, 0x8B, 0xBF, 0xE7, 0xB2, 0xBB, 0xE8, 0xBA, 0xBC, 0xE3, 0x84, 0x94,
    0xE3, 0x84, 0xA4, 0x33, 0xE5, 0xA0, 0xB4, 0xE5, 0xBB, 0xA0, 0xE6, 0x95, 0x9E, 0xE6, 0xB0, 0x85,
    0xE6, 0x98, 0xB6, 0xE9, 0x8B, 0xB9, 0xE3, 0x84, 0x94, 0xE3, 0x84, 0xA4, 0x34, 0xE5, 0x94, 0xB1,
    0xE5, 0x80, 0xA1, 0xE6, 0x9A, 0xA2, 0xE6, 0x82, 0xB5, 0xE9, 0xAC, 0xAF, 0xE9, 0x9F, 0x94, 0xE3,
    0x84, 0x94, 0xE3, 0x84, 0xA5, 0x31, 0xE7, 0xA8, 0xB1, 0xE6, 0x92, 0x90, 0xE7, 0x9E, 0xA0, 0xE8,
    0x9F, 0xB6, 0xE5, 0x81, 0x81, 0xE6, 0xAA, 0x89, 0xE8, 0xB5, 0xAC, 0xE7, 0x90, 0xA4, 0xE6, 0xA9,
    0x95, 0xE9, 0x8F, 0xBF, 0xE6, 0xB5, 0xBE, 0xE5, 0x9F, 0xA5, 0xE6, 0xA3, 0xA6, 0xE7, 0x89, 0x9A,
    0xE7, 0xAB, 0x80, 0xE5, 0xB4, 0x9D, 0xE9, 0xA5, 0x93, 0xE3, 0x84, 0x94, 0xE3, 0x84, 0xA5, 0x32,
    0xE6, 0x88, 0x90, 0xE7, 0xA8, 0x8B, 0xE6, 0x89, 0xBF, 0xE7, 0x9B, 0x9B, 0xE4, 0xB9, 0x98, 0xE8,
    0xAA, 0xA0, 0xE5, 0x91, 0x88, 0xE5, 0x9F, 0x8E, 0xE6, 0x87, 0xB2, 0xE6, 0xBE, 0x84, 0xE6, 0xA9,
    0x99, 0xE4, 0xB8, 0x9E, 0xE6, 0xBE, 0x82, 0xE6, 0xA3, 0x96, 0xE9, 0x85, 0xB2, 0xE5, 0xAE, 0xAC,
    0xE6, 0x99, 0x9F, 0xE8, 0xA3, 0x8E, 0xE9, 0x83, 0x95, 0xE5, 0x9F, 0x95, 0xE6, 0x8E, 0x81, 0xE6,
    0xB9, 0x9E, 0xE7, 0x8F, 0xB5, 0xE8, 0x8D, 0xBF, 0xE9, 0xA8, 0xAC, 0xE8, 0x84, 0x80, 0xE8, 0x84,
    0xAD, 0xE6, 0x8F, 0xA8, 0xE5, 0xB3, 0xB8, 0xE9, 0x8B, 0xAE, 0xE5, 0xA1, 0x8D, 0xE3, 0x84, 0x94,
    0xE3, 0x84, 0xA5, 0x33, 0xE9, 0x80, 0x9E, 0xE9, 0xA8, 0x81, 0xE6, 0x82, 0x9C, 0xE5, 0xBA, 0xB1,
    0xE5, 0xA1, 0xA3, 0xE3, 0x84, 0x94, 0xE3, 0x84, 0xA5, 0x34, 0xE7, 0xA8, 0xB1, 0xE7, 0xA7, 0xA4,
    0xE5, 0x81, 0x81, 0xE7, 0x89, 0x9A, 0xE3, 0x84, 0x94, 0xE3, 0x84, 0xA8, 0x31, 0xE5, 0x87, 0xBA,
    0xE5, 0x88, 0x9D, 0xE9, 0xBD, 0xA3, 0xE8, 0xB2, 0x99, 0xE3, 0x84, 0x94, 0xE3, 0x84, 0xA8, 0x32,
    0xE9, 0x99, 0xA4, 0xE5, 0x84, 0xB2, 0xE5, 0xBB, 0x9A, 0xE9, 0x8B, 0xA4, 0xE6, 0xAB, 0xA5, 0xE9,
    0x9B, 0x9B, 0xE8, 0x8A, 0xBB, 0xE8, 0xBA, 0x87, 0xE6, 0xBB, 0x81, 0xE8, 0xBA, 0x95, 0xE7, 0xAF,
    0xA8, 0xE8, 0x80, 0xA1, 0xE8, 0x9C, 0x8D, 0xE9, 0x89, 0x8F, 0xE8, 0x92, 0xA2, 0xE8, 0xB7, 0xA6,
    0xE9, 0xB6, 0xB5, 0xE5, 0xB9, 0xAE, 0xE8, 0xB2, 0x99, 0xE8, 0xB6, 0x8E, 0xE7, 0x8A, 0x93, 0xE3,
    0x84, 0x94, 0xE3, 0x84, 0xA8, 0x33, 0xE8, 0x99, 0x95, 0xE6, 0xA5, 0x9A, 0xE5, 0x84, 0xB2, 0xE7,
    0xA4, 0x8E, 0xE6, 0x9D, 0xB5, 0xE8, 0xA4, 0x9A, 0xE6, 0xA5, 0xAE, 0xE6, 0xBF, 0x8B, 0xE6, 0xAA,
    0x9A, 0xE3, 0x84, 0x94, 0xE3, 0x84, 0xA8, 0x34, 0xE8, 0x99, 0x95, 0xE8, 0xA7, 0xB8, 0xE7, 0x95,
    0x9C, 0xE7, 0xB5, 0x80, 0xE7, 0x9F, 0x97, 0xE9, 0xBB, 0x9C, 0xE4, 0xBF, 0xB6, 0xE6, 0x80, 0xB5,
    0xE6, 0x90, 0x90, 0xE6, 0xAD, 0x9C, 0xE8, 0xA9, 0x98, 0xE9, 0x84, 0x90, 0xE6, 0x96, 0xB6, 0xE4,
    0xBA, 0x8D, 0xE8, 0xB1, 0x96, 0xE6, 0xB3, 0x8F, 0xE7, 0x90, 0xA1, 0xE8, 0xB8, 0x80, 0xE6, 0xBB,
    0x80, 0xE5, 0x84, 0x8A, 0xE8, 0x87, 0x85, 0xE6, 0x95, 0x8A, 0xE3, 0x84, 0x94, 0xE3, 0x84, 0xA8,
    0xE3, 0x84, 0x9A, 0x31, 0xE6, 0xAC, 0xBB, 0xE3, 0x84, 0x94, 0xE3, 0x84, 0xA8, 0xE3, 0x84, 0x9B,
    0x31, 0xE6, 0x88, 0xB3, 0xE3, 0x84, 0x94, 0xE3, 0x84, 0xA8, 0xE3, 0x84, 0x9B, 0x34, 0xE7, 0xB6,
    0xBD, 0xE8, 0xBC, 0x9F, 0xE9, 0xBD, 0xAA, 0xE5, 0xA9, 0xBC, 0xE5, 0x95, 0x9C, 0xE6, 0x83, 0x99,
    0xE6, 0xAD, 0xA0, 0xE9, 0x86, 0x8A, 0xE5, 0xA9, 0xA5, 0xE7, 0x95, 0xB7, 0xE9, 0x80, 0xB4, 0xE5,
    0xA8, 0x96, 0xE5, 0x90, 0xB7, 0xE7, 0x8F, 0xBF, 0xE7, 0xA3, 0xAD, 0xE8, 0x85, 0x8F, 0xE8, 0xB6,
    0xA0, 0xE6, 0x93, 0x89, 0xE5, 0x9A, 0xBD, 0xE3, 0x84, 0x94, 0xE3, 0x84, 0xA8, 0xE3, 0x84, 0x9E,
    0x32, 0xE8, 0x86, 0x97, 0xE3, 0x84, 0x94, 0xE3, 0x84, 0xA8, 0xE3, 0x84, 0x9E, 0x33, 0xE6, 0x8F,
    0xA3, 0xE3, 0x84, 0x94, 0xE3, 0x84, 0xA8, 0xE3, 0x84, 0x9E, 0x34, 0xE8, 0xB8, 0xB9, 0xE5, 0x98,
    0xAC, 0xE3, 0x84, 0x94, 0xE3, 0x84, 0xA8, 0xE3, 0x84, 0x9F, 0x31, 0xE5, 0x90, 0xB9, 0xE7, 0x82,
    0x8A, 0xE3, 0x84, 0x94, 0xE3, 0x84, 0xA8, 0xE3, 0x84, 0x9F, 0x32, 0xE5, 0x9E, 0x82, 0xE9, 0x8E,
    0x9A, 0xE6, 0xA7, 0x8C, 0xE6, 0x90, 0xA5, 0xE6, 0xA4, 0x8E, 0xE9, 0x99, 0xB2, 0xE9, 0x8C, 0x98,
    0xE6, 0x8D, 0xB6, 0xE6, 0xA3, 0xB0, 0xE7, 0xAE, 0xA0, 0xE5, 0x9C, 0x8C, 0xE6, 0xB9, 0xB7, 0xE5,
    0x80, 0x95, 0xE8, 0x8F, 0x99, 0xE7, 0xB6, 0x9E, 0xE5, 0xA8, 0xB7, 0xE8, 0x85, 0x84, 0xE7, 0x94,
    0x80, 0xE3, 0x84, 0x94, 0xE3, 0x84, 0xA8, 0xE3, 0x84, 0x9F, 0x34, 0xE5, 0x90, 0xB9, 0xE7, 0x82,
    0x8A, 0xE8, 0xAB, 0x88, 0xE3, 0x84, 0x94, 0xE3, 0x84, 0xA8, 0xE3, 0x84, 0xA2, 0x31, 0xE7, 0xA9,
    0xBF, 0xE5, 0xB7, 0x9D, 0xE9, 0x90, 0x89, 0xE6, 0xB0, 0x9A, 0xE7, 0x91, 0x8F, 0xE3, 0x84, 0x94,
    0xE3, 0x84, 0xA8, 0xE3, 0x84, 0xA2, 0x32, 0xE5, 0x82, 0xB3, 0xE8, 0x88, 0xB9, 0xE9, 0x81, 0x84,
    0xE6, 0xA4, 0xBD, 0xE6, 0xAD, 0x82, 0xE8, 0xAB, 0xAF, 0xE6, 0x9A, 0xB7, 0xE8, 0xBC, 0xB2, 0xE3,
    0x84, 0x94, 0xE3, 0x84, 0xA8, 0xE3, 0x84, 0xA2, 0x33, 0xE5, 0x96, 0x98, 0xE8, 0x88, 0x9B, 0xE8,
    0x8D, 0x88, 0xE3, 0x84, 0x94, 0xE3, 0x84, 0xA8, 0xE3, 0x84, 0xA2, 0x34, 0xE4, 0xB8, 0xB2, 0xE9,
    0x87, 0xA7, 0xE7, 0x8E, 0x94, 0xE6, 0xB1, 0x8C, 0xE5, 0xA4, 0xBC, 0xE8, 0xB3, 0x97, 0xE3, 0x84,
    0x94, 0xE3, 0x84, 0xA8, 0xE3, 0x84, 0xA3, 0x31, 0xE6, 0x98, 0xA5, 0xE6, 0xA4, 0xBF, 0xE6, 0x9D,
    0xB6, 0xE8, 0xBC, 0xB4, 0xE7, 0x84, 0x9E, 0xE9, 0xB0, 0x86, 0xE5, 0xAA, 0x8B, 0xE6, 0x9A, 0x99,
    0xE9, 0xB6, 0x9E, 0xE3, 0x84, 0x94, 0xE3, 0x84, 0xA8, 0xE3, 0x84, 0xA3, 0x32, 0xE7, 0xB4, 0x94,
    0xE5, 0x94, 0x87, 0xE9, 0x86, 0x87, 0xE6, 0xB7, 0xB3, 0xE8, 0x93, 0xB4, 0xE9, 0xB6, 0x89, 0xE6,
    0xBC, 0x98, 0xE9, 0x8C, 0x9E, 0xE9, 0x9F, 0x95, 0xE8, 0x84, 0xA3, 0xE6, 0x86, 0x8C, 0xE9, 0xAF,
    0x99, 0xE3, 0x84, 0x94, 0xE3, 0x84, 0xA8, 0xE3, 0x84, 0xA3, 0x33, 0xE8, 0xA0, 0xA2, 0xE6, 0x83,
    0xB7, 0xE8, 0xB8, 0xB3, 0xE5, 0x81, 0x86, 0xE8, 0x90, 0xB6, 0xE3, 0x84, 0x94, 0xE3, 0x84, 0xA8,
    0xE3, 0x84, 0xA4, 0x31, 0xE7, 0xAA, 0x97, 0xE5, 0x89, 0xB5, 0xE7, 0x98, 0xA1, 0xE5, 0x9B, 0xAA,
    0xE6, 0x86, 0x83, 0xE6, 0x88, 0xA7, 0xE6, 0x91, 0x90, 0xE3, 0x84, 0x94, 0xE3, 0x84, 0xA8, 0xE3,
    0x84, 0xA4, 0x32, 0xE5, 0xBA, 0x8A, 0xE5, 0xB9, 0xA2, 0xE6, 0x92, 0x9E, 0xE6, 0xA9, 0xA6, 0xE7,
    0x89, 0x80, 0xE3, 0x84, 0x94, 0xE3, 0x84, 0xA8, 0xE3, 0x84, 0xA4, 0x33, 0xE9, 0x97, 0x96, 0xE6,
    0x90, 0xB6, 0xE6, 0xBC, 0xBA, 0xE3, 0x84, 0x94, 0xE3, 0x84, 0xA8, 0xE3, 0x84, 0xA4, 0x34, 0xE5,
    0x89, 0xB5, 0xE9, 0x97, 0x96, 0xE6, 0x84, 0xB4, 0xE5, 0x88, 0xB1, 0xE7, 0x8D, 0x8A, 0xE3, 0x84,
    0x94, 0xE3, 0x84, 0xA8, 0xE3, 0x84, 0xA5, 0x31, 0xE5, 0x85, 0x85, 0xE8, 0xA1, 0x9D, 0xE6, 0xB2,
    0x96, 0xE8, 0x88, 0x82, 0xE5, 0xBF, 0xA1, 0xE6, 0x86, 0xA7, 0xE7, 0x8F, 0xAB, 0xE8, 0x8C, 0xBA,
    0xE6, 0xB5, 0xBA, 0xE8, 0xB9, 0x96, 0xE7, 0xA5, 0x8C, 0xE3, 0x84, 0x94, 0xE3, 0x84, 0xA8, 0xE3,
    0x84, 0xA5, 0x32, 0xE9, 0x87, 0x8D, 0xE5, 0xB4, 0x87, 0xE8, 0x99, 0xAB, 0xE8, 0x9F, 0xB2, 0xE7,
    0xA7, 0x8D, 0xE7, 0xBF, 0x80, 0xE8, 0x9D, 0xA9, 0xE9, 0x9A, 0x80, 0xE8, 0x8C, 0xA7, 0xE7, 0x97,
    0x8B, 0xE3, 0x84, 0x94, 0xE3, 0x84, 0xA8, 0xE3, 0x84, 0xA5, 0x33, 0xE5, 0xAF, 0xB5, 0xE3, 0x84,
    0x94, 0xE3, 0x84, 0xA8, 0xE3, 0x84, 0xA5, 0x34, 0xE8, 0xA1, 0x9D, 0xE9, 0x8A, 0x83, 0xE6, 0x8F,
    0xB0, 0xE3, 0x84, 0x95, 0x31, 0xE5, 0xA4, 0xB1, 0xE6, 0x96, 0xBD, 0xE5, 0xB8, 0xAB, 0xE8, 0xA9,
    0xA9, 0xE6, 0xBF, 0x95, 0xE6, 0xBA, 0xBC, 0xE7, 0x8D, 0x85, 0xE5, 0xB1, 0x8D, 0xE3, 0x84, 0x95,
    0xE8, 0x9D, 0xA8, 0xE5, 0x99, 0x93, 0xE8, 0x99, 0xB1, 0xE5, 0xB0, 0xB8, 0xE8, 0xBF, 0x89, 0xE8,
    0x93, 0x8D, 0xE8, 0x91, 0xB9, 0xE9, 0xB3, 0xB2, 0xE9, 0x82, 0xBF, 0xE6, 0xB9, 0xA4, 0xE7, 0xB5,
    0x81, 0xE9, 0xB0, 0xA4, 0xE6, 0xBA, 0xAE, 0xE9, 0xB6, 0xB3, 0xE7, 0xAE, 0xB7, 0xE8, 0xA4, 0xB7,
    0xE8, 0xA5, 0xB9, 0xE3, 0x84, 0x95, 0x32, 0xE5, 0x8D, 0x81, 0xE4, 0xBB, 0x80, 0xE7, 0x9F, 0xB3,
    0xE6, 0x99, 0x82, 0xE5, 0xAF, 0xA6, 0xE9, 0xA3, 0x9F, 0xE6, 0x8B, 0xBE, 0xE8, 0x9D, 0x95, 0xE7,
    0xA2, 0xA9, 0xE5, 0xB0, 0x84, 0xE6, 0x8F, 0x90, 0xE8, 0x92, 0x94, 0xE6, 0xB9, 0x9C, 0xE9, 0xB0,
    0xA3, 0xE5, 0xA1, 0x92, 0xE7, 0xA5, 0x8F, 0xE9, 0xBC, 0xAB, 0xE9, 0x89, 0x90, 0xE6, 0xA6, 0xAF,
    0xE6, 0xB9, 0x81, 0xE6, 0xBA, 0xA1, 0xE9, 0xBC, 0xAD, 0xE5, 0xAF, 0x94, 0xE4, 0xB9, 0xAD, 0xE3,
    0x84, 0x95, 0x33, 0xE4, 0xBD, 0xBF, 0xE5, 0xA7, 0x8B, 0xE5, 0x8F, 0xB2, 0xE9, 0xA7, 0x9B, 0xE7,
    0x9F, 0xA2, 0xE5, 0xB1, 0x8E, 0xE8, 0xB1, 0x95, 0xE5, 0xBC, 0x9B, 0xE3, 0x84, 0x95, 0x34, 0xE5,
    0xB8, 0x82, 0xE6, 0x98, 0xAF, 0xE4, 0xBA, 0x8B, 0xE4, 0xB8, 0x96, 0xE5, 0xA3, 0xAB, 0xE5, 0x8B,
    0xA2, 0xE8, 0xAD, 0x98, 0xE5, 0xAE, 0xA4, 0xE7, 0xA4, 0xBA, 0xE8, 0xA9, 0xA6, 0xE8, 0xA6, 0x96,
    0xE5, 0xBC, 0x8F, 0xE6, 0xB0, 0x8F, 0xE9, 0x81, 0xA9, 0xE9, 0x87, 0x8B, 0xE9, 0xA3, 0xBE, 0xE4,
    0xBE, 0x8D, 0xE8, 0xAA, 0x93, 0xE9, 0x80, 0x9D, 0xE5, 0x97, 0x9C, 0xE6, 0x81, 0x83, 0xE4, 0xBB,
    0x95, 0xE6, 0x9F, 0xBF, 0xE4, 0xBD, 0xBF, 0xE8, 0x9E, 0xAB, 0xE5, 0xBC, 0x92, 0xE5, 0x99, 0xAC,
    0xE6, 0x8B, 0xAD, 0xE8, 0xB1, 0x89, 0xE5, 0xAA, 0x9E, 0xE7, 0xAD, 0xAE, 0xE8, 0x88, 0x90, 0xE8,
    0xBB, 0xBE, 0xE8, 0xAB, 0xA1, 0xE8, 0xB2, 0xB0, 0xE5, 0xA5, 0xAD, 0xE6, 0x88, 0xBA, 0xE6, 0xBE,
    0xA8, 0xE8, 0xAB, 0x9F, 0xE8, 0xA5, 0xAB, 0xE9, 0x88, 0xB0, 0xE6, 0x8F, 0x93, 0xE9, 0x89, 0xBD,
    0xE5, 0x94, 0x91, 0xE7, 0xBF, 0xA8, 0xE9, 0x8A, 0xB4, 0xE8, 0xAC, 0x9A, 0xE9, 0x81, 0xBE, 0xE7,
    0xB0, 0xAD, 0xE9, 0xAF, 0xB7, 0xE9, 0xBD, 0x9B, 0xE8, 0xB7, 0xA9, 0xE7, 0x83, 0x92, 0xE5, 0xB4,
    0xBC, 0xE5, 0xBE, 0xA5, 0xE8, 0xA9, 0x8D, 0xE6, 0x88, 0xA0, 0xE8, 0xA4, 0x86, 0xE8, 0xA1, 0x8B,
    0xE3, 0x84, 0x95, 0x35, 0xE5, 0x8C, 0x99, 0xE3, 0x84, 0x95, 0xE3, 0x84, 0x9A, 0x31, 0xE6, 0xAE,
    0xBA, 0xE6, 0xB2, 0x99, 0xE7, 0xB4, 0x97, 0xE7, 0xA0, 0x82, 0xE8, 0x8E, 0x8E, 0xE7, 0x85, 0x9E,
    0xE9, 0xAF, 0x8A, 0xE8, 0xA3, 0x9F, 0xE6, 0x9D, 0x89, 0xE7, 0x97, 0xA7, 0xE9, 0x8E, 0xA9, 0xE9,
    0xAD, 0xA6, 0xE6, 0xA8, 0xA7, 0xE7, 0x8C, 0x80, 0xE5, 0xB8, 0xB4, 0xE6, 0x91, 0x8B, 0xE8, 0x94,
    0xB1, 0xE7, 0xA1, 0xB0, 0xE3, 0x84, 0x95, 0xE3, 0x84, 0x9A, 0x32, 0xE5, 0x95, 0xA5, 0xE3, 0x84,
    0x95, 0xE3, 0x84, 0x9A, 0x33, 0xE5, 0x82, 0xBB, 0xE7, 0xB9, 0x8C, 0xE3, 0x84, 0x95, 0xE3, 0x84,
    0x9A, 0x34, 0xE7, 0x85, 0x9E, 0xE9, 0x9C, 0x8E, 0xE5, 0xBB, 0x88, 0xE5, 0x97, 0x84, 0xE6, 0xAD,
    0x83, 0xE7, 0xAE, 0x91, 0xE7, 0xBF, 0xA3, 0xE8, 0x90, 0x90, 0xE5, 0x96, 0xA2, 0xE3, 0x84, 0x95,
    0xE3, 0x84, 0x9C, 0x31, 0xE5, 0xA5, 0xA2, 0xE8, 0xB3, 0x92, 0xE5, 0xA5, 0x93, 0xE6, 0xAA, 0xA8,
    0xE8, 0xAD, 0x87, 0xE3, 0x84, 0x95, 0xE3, 0x84, 0x9C, 0x32, 0xE8, 0x9B, 0x87, 0xE8, 0x88, 0x8C,
    0xE7, 0x94, 0x9A, 0xE4, 0xBD, 0x98, 0xE4, 0xBB, 0x80, 0xE6, 0x8F, 0xB2, 0xE9, 0x89, 0x88, 0xE3,
    0x84, 0x95, 0xE3, 0x84, 0x9C, 0x33, 0xE6, 0x8D, 0xA8, 0xE8, 0x88, 0x8D, 0xE3, 0x84, 0x95, 0xE3,
    0x84, 0x9C, 0x34, 0xE7, 0xA4, 0xBE, 0xE8, 0xA8, 0xAD, 0xE5, 0xB0, 0x84, 0xE6, 0xB6, 0x89, 0xE8,
    0x88, 0x8D, 0xE6, 0x94, 0x9D, 0xE8, 0xB5, 0xA6, 0xE6, 0xAD, 0x99, 0xE9, 0xBA, 0x9D, 0xE5, 0x8E,
    0x99, 0xE7, 0x8C, 0x9E, 0xE7, 0x81, 0x84, 0xE8, 0x94, 0x8E, 0xE9, 0x9F, 0x98, 0xE9, 0xA8, 0x87,
    0xE6, 0x8B, 0xBE, 0xE8, 0x91, 0x89, 0xE6, 0x8D, 0x91, 0xE8, 0xA0, 0x82, 0xE3, 0x84, 0x95, 0xE3,
    0x84, 0x9E, 0x31, 0xE7, 0xAF, 0xA9, 0xE3, 0x84, 0x95, 0xE3, 0x84, 0x9E, 0x33, 0xE9, 0xAA, 0xB0,
    0xE7, 0xB9, 0xBA, 0xE3, 0x84, 0x95, 0xE3, 0x84, 0x9E, 0x34, 0xE6, 0x9B, 0xAC, 0xE6, 0x99, 0x92,
    0xE9, 0x96, 0xB7, 0xE6, 0xAE, 0xBA, 0xE3, 0x84, 0x95, 0xE3, 0x84, 0x9F, 0x32, 0xE8, 0xAA, 0xB0,
    0xE3, 0x84, 0x95, 0xE3, 0x84, 0xA0, 0x31, 0xE7, 0x87, 0x92, 0xE7, 0xA8, 0x8D, 0xE6, 0xA2, 0xA2,
    0xE8, 0x89, 0x84, 0xE6, 0x8D, 0x8E, 0xE5, 0xBC, 0xB0, 0xE8, 0x9B, 0xB8, 0xE8, 0x8E, 0xA6, 0xE7,
    0xAD, 0xB2, 0xE6, 0x97, 0x93, 0xE9, 0xAB, 0xBE, 0xE8, 0xBC, 0x8E, 0xE9, 0xAE, 0xB9, 0xE8, 0x95,
    0xB1, 0xE3, 0x84, 0x95, 0xE3, 0x84, 0xA0, 0x32, 0xE6, 0x9D, 0x93, 0xE9, 0x9F, 0xB6, 0xE8, 0x8A,
    0x8D, 0xE5, 0x8B, 0xBA, 0xE7, 0x8E, 0xBF, 0xE5, 0x9C, 0xB4, 0xE7, 0x89, 0x8A, 0xE3, 0x84, 0x95,
    0xE3, 0x84, 0xA0, 0x33, 0xE5, 0xB0, 0x91, 0xE3, 0x84, 0x95, 0xE3, 0x84, 0xA0, 0x34, 0xE5, 0xB0,
    0x91, 0xE7, 0xB4, 0xB9, 0xE5, 0x93, 0xA8, 0xE9, 0x82, 0xB5, 0xE5, 0x8F, 0xAC, 0xE5, 0x8D, 0xB2,
    0xE5, 0x8A, 0xAD, 0xE8, 0xA2, 0x91, 0xE7, 0x9D, 0x84, 0xE6, 0xBD, 0xB2, 0xE3, 0x84, 0x95, 0xE3,
    0x84, 0xA1, 0x31, 0xE6, 0x94, 0xB6, 0xE8, 0x8D, 0x8D, 0xE3, 0x84, 0x95, 0xE3, 0x84, 0xA1, 0x32,
    0xE7, 0x86, 0x9F, 0xE3, 0x84, 0x95, 0xE3, 0x84, 0xA1, 0x33, 0xE6, 0x89, 0x8B, 0xE9, 0xA6, 0x96,
    0xE5, 0xAE, 0x88, 0xE6, 0x8E, 0xB1, 0xE8, 0x89, 0x8F, 0xE3, 0x84, 0x95, 0xE3, 0x84, 0xA1, 0x34,
    0xE5, 0x8F, 0x97, 0xE5, 0x94, 0xAE, 0xE5, 0xA3, 0xBD, 0xE7, 0x8D, 0xB8, 0xE6, 0x8E, 0x88, 0xE7,
    0x98, 0xA6, 0xE7, 0x8B, 0xA9, 0xE7, 0xB6, 0xAC, 0xE3, 0x84, 0x95, 0xE3, 0x84, 0xA2, 0x31, 0xE5,
    0xB1, 0xB1, 0xE6, 0x89, 0x87, 0xE8, 0xA1, 0xAB, 0xE6, 0x9D, 0x89, 0xE5, 0x88, 0xAA, 0xE7, 0x8F,
    0x8A, 0xE7, 0xBE, 0xB6, 0xE8, 0x88, 0xA2, 0xE7, 0x85, 0xBD, 0xE6, 0xBD, 0xB8, 0xE8, 0xB7, 0x9A,
    0xE5, 0xA7, 0x8D, 0xE8, 0x8A, 0x9F, 0xE8, 0x8B, 0xAB, 0xE6, 0x90, 0xA7, 0xE7, 0xB8, 0xBF, 0xE7,
    0xA9, 0x87, 0xE6, 0x8C, 0xBB, 0xE7, 0x83, 0xBB, 0xE7, 0x8B, 0xA6, 0xE7, 0xAC, 0x98, 0xE5, 0x89,
    0xBC, 0xE3, 0x84, 0x95, 0xE3, 0x84, 0xA2, 0x33, 0xE9, 0x96, 0x83, 0xE9, 0x99, 0x9D, 0xE7, 0x9D,
    0x92, 0xE6, 0x99, 0xB1, 0xE8, 0xA6, 0xA2, 0xE3, 0x84, 0x95, 0xE3, 0x84, 0xA2, 0x34, 0xE5, 0x96,
    0x84, 0xE6, 0x89, 0x87, 0xE6, 0xB1, 0x95, 0xE6, 0x93, 0x85, 0xE8, 0x86, 0xB3, 0xE7, 0xB9, 0x95,
    0xE9, 0x84, 0xAF, 0xE7, 0x85, 0xBD, 0xE8, 0xA8, 0x95, 0xE5, 0x96, 0xAE, 0xE8, 0xB4, 0x8D, 0xE7,
    0x96, 0x9D, 0xE9, 0xB1, 0x94, 0xE9, 0xA8, 0xB8, 0xE7, 0xA6, 0xAA, 0xE5, 0xA2, 0xA0, 0xE5, 0xAC,
    0x97, 0xE6, 0x8E, 0x9E, 0xE6, 0x91, 0xB2, 0xE8, 0xAC, 0x86, 0xE5, 0xA2, 0xA1, 0xE9, 0x87, 0xA4,
    0xE8, 0x9F, 0xBA, 0xE8, 0xB5, 0xB8, 0xE5, 0x84, 0x83, 0xE3, 0x84, 0x95, 0xE3, 0x84, 0xA3, 0x31,
    0xE8, 0xBA, 0xAB, 0xE6, 0xB7, 0xB1, 0xE4, 0xBC, 0xB8, 0xE7, 0x94, 0xB3, 0xE7, 0xB4, 0xB3, 0xE5,
    0x91, 0xBB, 0xE4, 0xBF, 0xA1, 0xE5, 0x8F, 0x83, 0xE8, 0x94, 0x98, 0xE5, 0xA8, 0xA0, 0xE8, 0x8E,
    0x98, 0xE7, 0x94, 0xA1, 0xE4, 0xBE, 0x81, 0xE7, 0xB1, 0xB8, 0xE8, 0x91, 0xA0, 0xE8, 0xA9, 0xB5,
    0xE9, 0xA7, 0xAA, 0xE7, 0x87, 0x8A, 0xE7, 0xA0, 0xB7, 0xE6, 0x9F, 0x9B, 0xE6, 0xB0, 0xA0, 0xE5,
    0xB1, 0xBE, 0xE7, 0x8F, 0x85, 0xE8, 0x83, 0x82, 0xE9, 0x98, 0xA0, 0xE5, 0xA6, 0xBD, 0xE5, 0xB3,
    0xB7, 0xE7, 0x9C, 0x92, 0xE9, 0xAF, 0x93, 0xE5, 0xAD, 0x9E, 0xE3, 0x84, 0x95, 0xE3, 0x84, 0xA3,
    0x32, 0xE7, 0xA5, 0x9E, 0xE7, 0x94, 0x9A, 0xE4, 0xBB, 0x80, 0xE3, 0x84, 0x95, 0xE3, 0x84, 0xA3,
    0x33, 0xE6, 0xB2, 0x88, 0xE5, 0xAF, 0xA9, 0xE5, 0xAC, 0xB8, 0xE7, 0x80, 0x8B, 0xE8, 0xAB, 0x97,
    0xE8, 0xAE, 0x85, 0xE7, 0x9F, 0xA7, 0xE5, 0x93, 0x82, 0xE5, 0xAF, 0x80, 0xE7, 0x9E, 0xAB, 0xE9,
    0x82, 0xA5, 0xE8, 0xA6, 0xBE, 0xE3, 0x84, 0x95, 0xE3, 0x84, 0xA3, 0x34, 0xE6, 0x85, 0x8E, 0xE8,
    0x85, 0x8E, 0xE6, 0xBB, 0xB2, 0xE7, 0x94, 0x9A, 0xE8, 0x9C, 0x83, 0xE6, 0xB2, 0x81, 0xE8, 0x91,
    0x9A, 0xE6, 0xA4, 0xB9, 0xE8, 0x84, 0xA4, 0xE6, 0x8A, 0xBB, 0xE4, 0xBE, 0xBA, 0xE9, 0x8B, 0xA0,
    0xE6, 0x84, 0xBC, 0xE3, 0x84, 0x95, 0xE3, 0x84, 0xA3, 0x35, 0xE5, 0xAC, 0xB8, 0xE3, 0x84, 0x95,
    0xE3, 0x84, 0xA4, 0x31, 0xE5, 0x95, 0x86, 0xE5, 0x82, 0xB7, 0xE6, 0xAE, 0xA4, 0xE8, 0xA7, 0xB4,
    0xE7, 0x86, 0xB5, 0xE6, 0xB9, 0xAF, 0xE6, 0xBC, 0xA1, 0xE8, 0x94, 0x8F, 0xE8, 0x9E, 0xAA, 0xE8,
    0xAC, 0xAA, 0xE9, 0xAC, 0xBA, 0xE8, 0xA3, 0xB3, 0xE3, 0x84, 0x95, 0xE3, 0x84, 0xA4, 0x33, 0xE8,
    0xB3, 0x9E, 0xE6, 0x99, 0x8C, 0xE4, 0xB8, 0x8A, 0xE3, 0x84, 0x95, 0xE3, 0x84, 0xA4, 0x34, 0xE4,
    0xB8, 0x8A, 0xE5, 0xB0, 0x9A, 0xE7, 0x88, 0x99, 0xE5, 0xA7, 0xA0, 0xE4, 0xBB, 0xA9, 0xE3, 0x84,
    0x95, 0xE3, 0x84, 0xA4, 0x35, 0xE8, 0xA3, 0xB3, 0xE3, 0x84, 0x95, 0xE3, 0x84, 0xA5, 0x31, 0xE7,
    0x94, 0x9F, 0xE8, 0x81, 0xB2, 0xE5, 0x8B, 0x9D, 0xE5, 0x8D, 0x87, 0xE7, 0x89, 0xB2, 0xE6, 0x98,
    0x87, 0xE7, 0x94, 0xA5, 0xE7, 0xAC, 0x99, 0xE9, 0x99, 0x9E, 0xE6, 0xB3, 0xA9, 0xE9, 0x89, 0x8E,
    0xE9, 0xBC, 0xAA, 0xE5, 0x91, 0x8F, 0xE7, 0x8B, 0x8C, 0xE6, 0xB9, 0xA6, 0xE7, 0x84, 0xBA, 0xE9,
    0xB5, 0xBF, 0xE3, 0x84, 0x95, 0xE3, 0x84, 0xA5, 0x32, 0xE7, 0xB9, 0xA9, 0xE6, 0xBE, 0xA0, 0xE6,
    0x86, 0xB4, 0xE8, 0xAD, 0x9D, 0xE9, 0xB1, 0xA6, 0xE6, 0xBA, 0x97, 0xE3, 0x84, 0x95, 0xE3, 0x84,
    0xA5, 0x33, 0xE7, 0x9C, 0x81, 0xE7, 0x9C, 0x9A, 0xE5, 0x86, 0xBC, 0xE7, 0xAE, 0xB5, 0xE5, 0x81,
    0x97, 0xE3, 0x84, 0x95, 0xE3, 0x84, 0xA5, 0x34, 0xE5, 0x8B, 0x9D, 0xE7, 0x9B, 0x9B, 0xE8, 0x81,
    0x96, 0xE5, 0x89, 0xA9, 0xE5, 0xB5, 0x8A, 0xE4, 0xB9, 0x98, 0xE8, 0xB3, 0xB8, 0xE5, 0x9C, 0xA3,
    0xE8, 0xB2, 0xB9, 0xE3, 0x84, 0x95, 0xE3, 0x84, 0xA8, 0x31, 0xE6, 0x9B, 0xB8, 0xE8, 0xBC, 0xB8,
    0xE6, 0xAE, 0x8A, 0xE8, 0x88, 0x92, 0xE6, 0xA2, 0xB3, 0xE7, 0x96, 0x8F, 0xE8, 0x94, 0xAC, 0xE6,
    0xA8, 0x9E, 0xE7, 0xB4, 0x93, 0xE6, 0x8A, 0x92, 0xE6, 0x94, 0x84, 0xE5, 0xA7, 0x9D, 0xE6, 0xA8,
    0x97, 0xE6, 0x91, 0xB4, 0xE6, 0xAE, 0xB3, 0xE6, 0x9D, 0xB8, 0xE9, 0x99, 0x8E, 0xE7, 0xB6, 0x80,
    0xE6, 0xA9, 0xBE, 0xE7, 0xA5, 0x8B, 0xE8, 0xBB, 0x97, 0xE9, 0xB5, 0xA8, 0xE8, 0x97, 0xB2, 0xE8,
    0x8D, 0xBC, 0xE3, 0x84, 0x95, 0xE3, 0x84, 0xA8, 0x32, 0xE5, 0x8F, 0x94, 0xE7, 0x86, 0x9F, 0xE6,
    0xB7, 0x91, 0xE5, 0xA1, 0xBE, 0xE8, 0xB4, 0x96, 0xE5, 0xAD, 0xB0, 0xE8, 0x8F, 0xBD, 0xE7, 0xA7,
    0xAB, 0xE8, 0xA5, 0xA1, 0xE5, 0x9F, 0xB1, 0xE7, 0x84, 0x82, 0xE8, 0xB7, 0xBE, 0xE9, 0xB8, 0x80,
    0xE8, 0x99, 0xAA, 0xE3, 0x84, 0x95, 0xE3, 0x84, 0xA8, 0x33, 0xE6, 0x95, 0xB8, 0xE9, 0xBC, 0xA0,
    0xE5, 0xB1, 0xAC, 0xE6, 0x9A, 0x91, 0xE7, 0xBD, 0xB2, 0xE8, 0x96, 0xAF, 0xE8, 0x9C, 0x80, 0xE9,
    0xBB, 0x8D, 0xE7, 0x99, 0x99, 0xE6, 0xBD, 0xBB, 0xE8, 0x97, 0xB7, 0xE9, 0x92, 0x83, 0xE5, 0xA9,
    0x8C, 0xE8, 0xA5, 0xA9, 0xE7, 0xB3, 0xAC, 0xE9, 0x9F, 0xA3, 0xE3, 0x84, 0x95, 0xE3, 0x84, 0xA8,
    0x34, 0xE8, 0xA1, 0x93, 0xE6, 0x95, 0xB8, 0xE6, 0xA8, 0xB9, 0xE6, 0x9D, 0x9F, 0xE8, 0xBF, 0xB0,
    0xE7, 0xBD, 0xB2, 0xE8, 0xB1, 0x8E, 0xE7, 0x96, 0x8F, 0xE6, 0x81, 0x95, 0xE5, 0xBA, 0xB6, 0xE6,
    0x9B, 0x99, 0xE5, 0xA2, 0x85, 0xE6, 0xBC, 0xB1, 0xE5, 0x80, 0x8F, 0xE6, 0x88, 0x8D, 0xE6, 0xBE,
    0x8D, 0xE7, 0xBF, 0x9B, 0xE6, 0xB2, 0xAD, 0xE8, 0xA3, 0x8B, 0xE9, 0x89, 0xA5, 0xE5, 0xB0, 0x8C,
    0xE5, 0x84, 0xB5, 0xE9, 0x8F, 0xA3, 0xE9, 0xB6, 0x90, 0xE3, 0x84, 0x95, 0xE3, 0x84, 0xA8, 0x35,
    0xE5, 0x8F, 0x94, 0xE3, 0x84, 0x95, 0xE3, 0x84, 0xA8, 0xE3, 0x84, 0x9A, 0x31, 0xE5, 0x88, 0xB7,
    0xE5, 0x94, 0xB0, 0xE9, 0xAE, 0x9B, 0xE3, 0x84, 0x95, 0xE3, 0x84, 0xA8, 0xE3, 0x84, 0x9A, 0x33,
    0xE8, 0x80, 0x8D, 0xE3, 0x84, 0x95, 0xE3, 0x84, 0xA8, 0xE3, 0x84, 0x9B, 0x31, 0xE8, 0xAA, 0xAA,
    0xE3, 0x84, 0x95, 0xE3, 0x84, 0xA8, 0xE3, 0x84, 0x9B, 0x34, 0xE6, 0x9C, 0x94, 0xE7, 0xA2, 0xA9,
    0xE7, 0x88, 0x8D, 0xE6, 0x95, 0xB8, 0xE9, 0x91, 0xA0, 0xE5, 0x97, 0x8D, 0xE7, 0x8E, 0x87, 0xE8,
    0x9F, 0x80, 0xE5, 0xB8, 0xA5, 0xE6, 0x90, 0xA0, 0xE5, 0xA6, 0x81, 0xE6, 0xA7, 0x8A, 0xE7, 0xAE,
    0xBE, 0xE8, 0x92, 0xB4, 0xE5, 0x8B, 0xBA, 0xE6, 0xAC, 0xB6, 0xE6, 0x8F, 0xB1, 0xE7, 0x8D, 0xA1,
    0xE9, 0x8E, 0x99, 0xE3, 0x84, 0x95, 0xE3, 0x84, 0xA8, 0xE3, 0x84, 0x9E, 0x31, 0xE6, 0x91, 0x94,
    0xE8, 0xA1, 0xB0, 0xE5, 0xAD, 0x88, 0xE3, 0x84, 0x95, 0xE3, 0x84, 0xA8, 0xE3, 0x84, 0x9E, 0x33,
    0xE7, 0x94, 0xA9, 0xE3, 0x84, 0x95, 0xE3, 0x84, 0xA8, 0xE3, 0x84, 0x9E, 0x34, 0xE7, 0x8E, 0x87,
    0xE5, 0xB8, 0xA5, 0xE8, 0x9F, 0x80, 0xE5, 0x92, 0xB0, 0xE7, 0xB9, 0x82, 0xE3, 0x84, 0x95, 0xE3,
    0x84, 0xA8, 0xE3, 0x84, 0x9F, 0x32, 0xE8, 0xAA, 0xB0, 0xE8, 0x84, 0xBD, 0xE3, 0x84, 0x95, 0xE3,
    0x84, 0xA8, 0xE3, 0x84, 0x9F, 0x33, 0xE6, 0xB0, 0xB4, 0xE3, 0x84, 0x95, 0xE3, 0x84, 0xA8, 0xE3,
    0x84, 0x9F, 0x34, 0xE8, 0xAA, 0xAA, 0xE7, 0x9D, 0xA1, 0xE7, 0xA8, 0x85, 0xE8, 0x9B, 0xBB, 0xE5,
    0xB8, 0xA8, 0xE6, 0xB6, 0x97, 0xE8, 0xA3, 0x9E, 0xE3, 0x84, 0x95, 0xE3, 0x84, 0xA8, 0xE3, 0x84,
    0x9F, 0x35, 0xE6, 0xB0, 0xB4, 0xE3, 0x84, 0x95, 0xE3, 0x84, 0xA8, 0xE3, 0x84, 0xA2, 0x31, 0xE6,
    0xA0, 0x93, 0xE9, 0x96, 0x82, 0xE6, 0x8B, 0xB4, 0xE3, 0x84, 0x95, 0xE3, 0x84, 0xA8, 0xE3, 0x84,
    0xA2, 0x34, 0xE6, 0xB6, 0xAE, 0xE3, 0x84, 0x95, 0xE3, 0x84, 0xA8, 0xE3, 0x84, 0xA3, 0x33, 0xE7,
    0x9B, 0xBE, 0xE6, 0xA5, 0xAF, 0xE5, 0x90, 0xAE, 0xE6, 0x8F, 0x97, 0xE8, 0xB3, 0xB0, 0xE3, 0x84,
    0x95, 0xE3, 0x84, 0xA8, 0xE3, 0x84, 0xA3, 0x34, 0xE9, 0xA0, 0x86, 0xE8, 0x88, 0x9C, 0xE7, 0x9E,
    0xAC, 0xE8, 0x95, 0xA3, 0xE9, 0xAC, 0x8A, 0xE7, 0x9E, 0x9A, 0xE3, 0x84, 0x95, 0xE3, 0x84, 0xA8,
    0xE3, 0x84, 0xA4, 0x31, 0xE9, 0x9B, 0x99, 0xE9, 0x9C, 0x9C, 0xE5, 0xAD, 0x80, 0xE8, 0x89, 0xAD,
    0xE9, 0xA9, 0xA6, 0xE9, 0xB7, 0x9E, 0xE5, 0xAD, 0x87, 0xE7, 0xA4, 0xB5, 0xE5, 0x8F, 0x8C, 0xE3,
    0x84, 0x95, 0xE3, 0x84, 0xA8, 0xE3, 0x84, 0xA4, 0x33, 0xE7, 0x88, 0xBD, 0xE5, 0xA1, 0xBD, 0xE6,
    0xA8, 0x89, 0xE6, 0xBC, 0xBA, 0xE6, 0x85, 0xA1, 0xE7, 0xB8, 0x94, 0xE3, 0x84, 0x95, 0xE3, 0x84,
    0xA8, 0xE3, 0x84, 0xA4, 0x34, 0xE7, 0x81, 0x80, 0xE5, 0x8F, 0x8C, 0xE3, 0x84, 0x96, 0x31, 0xE3,
    0x84, 0x96, 0xE3, 0x84, 0x96, 0x34, 0xE6, 0x97, 0xA5, 0xE8, 0xA1, 0xB5, 0xE9, 0xA6, 0xB9, 0xE9,
    0x88, 0xA4, 0xE3, 0x84, 0x96, 0xE3, 0x84, 0x9C, 0x33, 0xE6, 0x83, 0xB9, 0xE5, 0x96, 0x8F, 0xE8,
    0x8B, 0xA5, 0xE3, 0x84, 0x96, 0xE3, 0x84, 0x9C, 0x34, 0xE7, 0x86, 0xB1, 0xE6, 0xB8, 0x83, 0xE7,
    0x88, 0x87, 0xE3, 0x84, 0x96, 0xE3, 0x84, 0xA0, 0x32, 0xE9, 0xA5, 0x92, 0xE8, 0x95, 0x98, 0xE5,
    0xAC, 0x88, 0xE6, 0xA9, 0x88, 0xE8, 0x9F, 0xAF, 0xE8, 0xA5, 0x93, 0xE3, 0x84, 0x96, 0xE3, 0x84,
    0xA0, 0x33, 0xE6, 0x93, 0xBE, 0xE3, 0x84, 0x96, 0xE3, 0x84, 0xA0, 0x34, 0xE7, 0xB9, 0x9E, 0xE9,
    0x81, 0xB6, 0xE9, 0x9A, 0xA2, 0xE3, 0x84, 0x96, 0xE3, 0x84, 0xA1, 0x32, 0xE6, 0x9F, 0x94, 0xE6,
    0x8F, 0x89, 0xE9, 0x9F, 0x96, 0xE8, 0xB9, 0x82, 0xE8, 0xBC, 0xAE, 0xE6, 0xA5, 0xBA, 0xE7, 0xA6,
    0xB8, 0xE8, 0x91, 0x87, 0xE9, 0x8D, 0x92, 0xE9, 0x9E, 0xA3, 0xE9, 0xA8, 0xA5, 0xE9, 0xB6, 0x94,
    0xE5, 0xAA, 0x83, 0xE8, 0x9D, 0x9A, 0xE9, 0xB0, 0x87, 0xE3, 0x84, 0x96, 0xE3, 0x84, 0xA1, 0x33,
    0xE7, 0xB3, 0x85, 0xE9, 0x8D, 0x95, 0xE7, 0xB2, 0x88, 0xE7, 0x85, 0xA3, 0xE3, 0x84, 0x96, 0xE3,
    0x84, 0xA1, 0x34, 0xE8, 0x82, 0x89, 0xE3, 0x84, 0x96, 0xE3, 0x84, 0xA2, 0x32, 0xE7, 0x84, 0xB6,
    0xE7, 0x87, 0x83, 0xE9, 0xAB, 0xAF, 0xE8, 0x9B, 0x85, 0xE8, 0x9A, 0xBA, 0xE8, 0xA2, 0xA1, 0xE3,
    0x84, 0x96, 0xE3, 0x84, 0xA2, 0x33, 0xE6, 0x9F, 0x93, 0xE5, 0x86, 0x89, 0xE9, 0xAB, 0xAF, 0xE8,
    0x8B, 0x92, 0xE7, 0x8F, 0x83, 0xE6, 0xA9, 0xAA, 0xE5, 0x91, 0xA5, 0xE5, 0xA7, 0x8C, 0xE5, 0xAB,
    0xA8, 0xE3, 0x84, 0x96, 0xE3, 0x84, 0xA3, 0x32, 0xE4, 0xBA, 0xBA, 0xE4, 0xBB, 0xBB, 0xE4, 0xBB,
    0x81, 0xE5, 0xA3, 0xAC, 0xE7, 0xB4, 0x9D, 0xE5, 0x84, 0xBF, 0xE8, 0x8A, 0xA2, 0xE9, 0x8A, 0x8B,
    0xE3, 0x84, 0x96, 0xE3, 0x84, 0xA3, 0x33, 0xE5, 0xBF, 0x8D, 0xE7, 0xA8, 0x94, 0xE8, 0x8D, 0x8F,
    0xE8, 0x85, 0x8D, 0xE6, 0xA3, 0xAF, 0xE6, 0xA0, 0xA0, 0xE8, 0x8D, 0xB5, 0xE3, 0x84, 0x96, 0xE3,
    0x84, 0xA3, 0x34, 0xE4, 0xBB, 0xBB, 0xE8, 0xAA, 0x8D, 0xE5, 0x88, 0x83, 0xE9, 0xA3, 0xAA, 0xE8,
    0xB3, 0x83, 0xE8, 0xBB, 0x94, 0xE8, 0xA1, 0xBD, 0xE7, 0xB4, 0x89, 0xE5, 0xA6, 0x8A, 0xE6, 0x81,
    0x81, 0xE4, 0xBB, 0x9E, 0xE8, 0xA8, 0x92, 0xE9, 0x9F, 0x8C, 0xE7, 0x89, 0xA3, 0xE9, 0xB5, 0x80,
    0xE5, 0xB1, 0xBB, 0xE8, 0x82, 0x95, 0xE8, 0xBB, 0xA0, 0xE3, 0x84, 0x96, 0xE3, 0x84, 0xA4, 0x32,
    0xE6, 0x94, 0x98, 0xE7, 0xA6, 0xB3, 0xE7, 0xA9, 0xB0, 0xE5, 0x8B, 0xB7, 0xE7, 0x80, 0xBC, 0xE7,
    0x93, 0xA4, 0xE5, 0x84, 0xB4, 0xE7, 0x8D, 0xBD, 0xE8, 0x98, 0x98, 0xE8, 0xBA, 0x9F, 0xE9, 0xAC,
    0xA4, 0xE8, 0xA0, 0xB0, 0xE3, 0x84, 0x96, 0xE3, 0x84, 0xA4, 0x33, 0xE5, 0x9A, 0xB7, 0xE5, 0xA3,
    0xA4, 0xE6, 0x94, 0x98, 0xE7, 0x88, 0x99, 0xE3, 0x84, 0x96, 0xE3, 0x84, 0xA4, 0x34, 0xE8, 0xAE,
    0x93, 0xE6, 0x87, 0xB9, 0xE3, 0x84, 0x96, 0xE3, 0x84, 0xA5, 0x31, 0xE6, 0x89, 0x94, 0xE3, 0x84,
    0x96, 0xE3, 0x84, 0xA5, 0x32, 0xE4, 0xBB, 0x8D, 0xE7, 0xA4, 0xBD, 0xE9, 0x99, 0xBE, 0xE3, 0x84,
    0x96, 0xE3, 0x84, 0xA5, 0x33, 0xE6, 0x89, 0x94, 0xE3, 0x84, 0x96, 0xE3, 0x84, 0xA8, 0x32, 0xE5,
    0xA6, 0x82, 0xE5, 0x84, 0x92, 0xE5, 0xAD, 0xBA, 0xE8, 0x8C, 0xB9, 0xE8, 0xA0, 0x95, 0xE5, 0x9A,
    0x85, 0xE6, 0xBF, 0xA1, 0xE8, 0xA2, 0xBD, 0xE8, 0xA5, 0xA6, 0xE9, 0xB4, 0xBD, 0xE7, 0xAD, 0x8E,
    0xE8, 0x87, 0x91, 0xE9, 0x86, 0xB9, 0xE6, 0x8C, 0x90, 0xE8, 0x96, 0xB7, 0xE9, 0x8A, 0xA3, 0xE6,
    0x9B, 0x98, 0xE7, 0x87, 0xB8, 0xE5, 0xB8, 0xA4, 0xE8, 0x95, 0xA0, 0xE3, 0x84, 0x96, 0xE3, 0x84,
    0xA8, 0x33, 0xE4, 0xB9, 0xB3, 0xE6, 0xB1, 0x9D, 0xE8, 0xBE, 0xB1, 0xE6, 0x93, 0xA9, 0xE5, 0xA5,
    0xB3, 0xE4, 0xBE, 0x9E, 0xE3, 0x84, 0x96, 0xE3, 0x84, 0xA8, 0x34, 0xE5, 0x85, 0xA5, 0xE8, 0xBE,
    0xB1, 0xE8, 0xA4, 0xA5, 0xE5, 0xAD, 0xBA, 0xE8, 0x8C, 0xB9, 0xE6, 0xB4, 0xB3, 0xE7, 0xB8, 0x9F,
    0xE8, 0x93, 0x90, 0xE6, 0xBA, 0xBD, 0xE9, 0x84, 0x8F, 0xE5, 0xAA, 0xB7, 0xE5, 0x97, 0x95, 0xE6,
    0x93, 0xA9, 0xE3, 0x84, 0x96, 0xE3, 0x84, 0xA8, 0xE3, 0x84, 0x9B, 0x34, 0xE8, 0x8B, 0xA5, 0xE5,
    0xBC, 0xB1, 0xE7, 0xAE, 0xAC, 0xE5, 0x81, 0x8C, 0xE7, 0x88, 0x87, 0xE9, 0x84, 0x80, 0xE7, 0xAF,
    0x9B, 0xE8, 0x92, 0xBB, 0xE6, 0xA5, 0x89, 0xE9, 0xB6, 0xB8, 0xE3, 0x84, 0x96, 0xE3, 0x84, 0xA8,
    0xE3, 0x84, 0x9F, 0x32, 0xE8, 0x95, 0xA4, 0xE7, 0xB7, 0x8C, 0xE5, 0xA9, 0x91, 0xE3, 0x84, 0x96,
    0xE3, 0x84, 0xA8, 0xE3, 0x84, 0x9F, 0x33, 0xE8, 0x95, 0x8A, 0xE6, 0xA9, 0xA4, 0xE7, 0xB9, 0xA0,
    0xE6, 0x83, 0xA2, 0xE6, 0xA1, 0xB5, 0xE3, 0x84, 0x96, 0xE3, 0x84, 0xA8, 0xE3, 0x84, 0x9F, 0x34,
    0xE7, 0x91, 0x9E, 0xE9, 0x8A, 0xB3, 0xE8, 0x8A, 0xAE, 0xE7, 0x9D, 0xBF, 0xE8, 0x9A, 0x8B, 0xE5,
    0x8F, 0xA1, 0xE6, 0x9E, 0x98, 0xE6, 0xB1, 0xAD, 0xE3, 0x84, 0x96, 0xE3, 0x84, 0xA8, 0xE3, 0x84,
    0xA2, 0x32, 0xE5, 0xA0, 0xA7, 0xE5, 0xA3, 0x96, 0xE6, 0x92, 0x8B, 0xE3, 0x84, 0x96, 0xE3, 0x84,
    0xA8, 0xE3, 0x84, 0xA2, 0x33, 0xE8, 0xBB, 0x9F, 0xE9, 0x98, 0xAE, 0xE8, 0xA0, 0x95, 0xE8, 0x80,
    0x8E, 0xE8, 0x9D, 0xA1, 0xE7, 0x93, 0x80, 0xE7, 0xB7, 0x9B, 0xE7, 0xA4, 0x9D, 0xE6, 0x9C, 0x8A,
    0xE3, 0x84, 0x96, 0xE3, 0x84, 0xA8, 0xE3, 0x84, 0xA3, 0x31, 0xE7, 0x8A, 0x89, 0xE3, 0x84, 0x96,
    0xE3, 0x84, 0xA8, 0xE3, 0x84, 0xA3, 0x34, 0xE6, 0xBD, 0xA4, 0xE9, 0x96, 0x8F, 0xE6, 0xA9, 0x8D,
    0xE3, 0x84, 0x96, 0xE3, 0x84, 0xA8, 0xE3, 0x84, 0xA5, 0x32, 0xE5, 0xAE, 0xB9, 0xE6, 0xA6, 0xAE,
    0xE8, 0x9E, 0x8D, 0xE6, 0xBA, 0xB6, 0xE7, 0xB5, 0xA8, 0xE7, 0x86, 0x94, 0xE6, 0x88, 0x8E, 0xE8,
    0x93, 0x89, 0xE9, 0x8E, 0x94, 0xE8, 0x8C, 0xB8, 0xE6, 0xA6, 0x95, 0xE7, 0xBE, 0xA2, 0xE5, 0xB6,
    0xB8, 0xE7, 0x91, 0xA2, 0xE8, 0x82, 0x9C, 0xE6, 0xAF, 0xA7, 0xE7, 0x8B, 0xA8, 0xE7, 0x80, 0x9C,
    0xE8, 0x8C, 0x99, 0xE7, 0x83, 0xBF, 0xE8, 0xA0, 0x91, 0xE7, 0x88, 0x83, 0xE5, 0xAA, 0xB6, 0xE6,
    0xA6, 0xB5, 0xE8, 0xA4, 0xA3, 0xE9, 0xA7, 0xA5, 0xE9, 0xAB, 0xB6, 0xE9, 0xB0, 0xAB, 0xE9, 0xB7,
    0x9B, 0xE3, 0x84, 0x96, 0xE3, 0x84, 0xA8, 0xE3, 0x84, 0xA5, 0x33, 0xE5, 0x86, 0x97, 0xE8, 0x8C,
    0xB8, 0xE6, 0xB0, 0x84, 0xE5, 0x82, 0x87, 0xE8, 0xBB, 0xB5, 0xE3, 0x84, 0x97, 0x31, 0xE8, 0xB3,
    0x87, 0xE8, 0x8C, 0xB2, 0xE6, 0xBB, 0x8B, 0xE5, 0x90, 0xB1, 0xE5, 0xA7, 0xBF, 0xE5, 0x92, 0xA8,
    0xE5, 0xAD, 0x9C, 0xE8, 0xAB, 0xAE, 0xE8, 0xB2, 0xB2, 0xE7, 0x8E, 0x86, 0xE3, 0x84, 0x97, 0xE8,
    0xBC, 0x9C, 0xE6, 0xB7, 0x84, 0xE9, 0xBD, 0x9C, 0xE7, 0xB7, 0x87, 0xE5, 0xAD, 0xB3, 0xE7, 0xB2,
    0xA2, 0xE9, 0xAB, 0xAD, 0xE5, 0xB5, 0xAB, 0xE8, 0x8F, 0x91, 0xE9, 0x8E, 0xA1, 0xE9, 0xB6, 0xBF,
    0xE9, 0xBC, 0x92, 0xE5, 0xAD, 0x96, 0xE6, 0xBE, 0xAC, 0xE7, 0x94, 0xBE, 0xE9, 0x84, 0x91, 0xE9,
    0xAF, 0x94, 0xE9, 0x8C, 0x99, 0xE8, 0xB6, 0x91, 0xE6, 0xA4, 0x94, 0xE9, 0x88, 0xAD, 0xE9, 0xB6,
    0x85, 0xE9, 0xBD, 0x8D, 0xE6, 0xA0, 0xA5, 0xE7, 0xB4, 0x8E, 0xE5, 0xB4, 0xB0, 0xE7, 0xA7, 0xB6,
    0xE8, 0xA0, 0x80, 0xE9, 0xBD, 0x8A, 0xE3, 0x84, 0x97, 0x33, 0xE5, 0xAD, 0x90, 0xE4, 0xBB, 0x94,
    0xE7, 0xB4, 0xAB, 0xE6, 0xA2, 0x93, 0xE7, 0xB1, 0xBD, 0xE6, 0xBB, 0x93, 0xE8, 0x80, 0x94, 0xE8,
    0xA8, 0xBE, 0xE7, 0xAC, 0xAB, 0xE7, 0xA7, 0xAD, 0xE8, 0x83, 0x8F, 0xE8, 0x8C, 0x88, 0xE5, 0x90,
    0x87, 0xE6, 0x9D, 0x8D, 0xE8, 0x8A, 0x93, 0xE5, 0x91, 0xB0, 0xE7, 0x9F, 0xB7, 0xE9, 0x87, 0xA8,
    0xE8, 0xA8, 0xBF, 0xE5, 0xA7, 0x8A, 0xE3, 0x84, 0x97, 0x34, 0xE8, 0x87, 0xAA, 0xE5, 0xAD, 0x97,
    0xE6, 0x81, 0xA3, 0xE6, 0xBC, 0xAC, 0xE7, 0x9C, 0xA5, 0xE5, 0xAD, 0xB3, 0xE5, 0x89, 0x9A, 0xE8,
    0x83, 0x94, 0xE8, 0x83, 0xBE, 0xE6, 0x89, 0xBB, 0xE5, 0x80, 0xB3, 0xE7, 0x89, 0xB8, 0xE3, 0x84,
    0x97, 0x35, 0xE5, 0xAD, 0x90, 0xE3, 0x84, 0x97, 0xE3, 0x84, 0x9A, 0x31, 0xE7, 0xB4, 0xAE, 0xE5,
    0x8C, 0x9D, 0xE5, 0x92, 0x82, 0xE5, 0x94, 0xBC, 0xE5, 0x98, 0x81, 0xE6, 0x8A, 0xB8, 0xE9, 0x89,
    0x94, 0xE3, 0x84, 0x97, 0xE3, 0x84, 0x9A, 0x32, 0xE9, 0x9B, 0x9C, 0xE5, 0x92, 0xB1, 0xE7, 0xA0,
    0xB8, 0xE5, 0x81, 0xBA, 0xE9, 0x9B, 0xA5, 0xE7, 0xA3, 0xBC, 0xE3, 0x84, 0x97, 0xE3, 0x84, 0x9C,
    0x32, 0xE5, 0x89, 0x87, 0xE8, 0xB2, 0xAC, 0xE6, 0x93, 0x87, 0xE6, 0xBE, 0xA4, 0xE5, 0x98, 0x96,
    0xE7, 0xAA, 0x84, 0xE8, 0x88, 0xB4, 0xE5, 0x92, 0x8B, 0xE5, 0xB9, 0x98, 0xE7, 0xAC, 0xAE, 0xE8,
    0xB3, 0xBE, 0xE8, 0xBF, 0xAE, 0xE5, 0xB4, 0xB1, 0xE8, 0x90, 0xB4, 0xE8, 0xAC, 0xAE, 0xE8, 0xA0,
    0x8C, 0xE8, 0xB3, 0x8A, 0xE8, 0xA0, 0x88, 0xE3, 0x84, 0x97, 0xE3, 0x84, 0x9C, 0x33, 0xE6, 0x80,
    0x8E, 0xE5, 0xAD, 0x90, 0xE3, 0x84, 0x97, 0xE3, 0x84, 0x9C, 0x34, 0xE4, 0xBB, 0x84, 0xE5, 0x81,
    0xB4, 0xE6, 0x98, 0x83, 0xE5, 0xBA, 0x82, 0xE7, 0xA8, 0x84, 0xE3, 0x84, 0x97, 0xE3, 0x84, 0x9E,
    0x31, 0xE7, 0x81, 0xBD, 0xE6, 0xA0, 0xBD, 0xE5, 0x93, 0x89, 0xE6, 0xB8, 0xBD, 0xE8, 0xB3, 0xB3,
    0xE3, 0x84, 0x97, 0xE3, 0x84, 0x9E, 0x33, 0xE4, 0xBB, 0x94, 0xE5, 0xAE, 0xB0, 0xE5, 0xB4, 0xBD,
    0xE8, 0xBC, 0x89, 0xE7, 0xB8, 0xA1, 0xE3, 0x84, 0x97, 0xE3, 0x84, 0x9E, 0x34, 0xE5, 0x9C, 0xA8,
    0xE5, 0x86, 0x8D, 0xE8, 0xBC, 0x89, 0xE3, 0x84, 0x97, 0xE3, 0x84, 0x9F, 0x32, 0xE8, 0xB3, 0x8A,
    0xE3, 0x84, 0x97, 0xE3, 0x84, 0xA0, 0x31, 0xE9, 0x81, 0xAD, 0xE7, 0xB3, 0x9F, 0xE8, 0xB9, 0xA7,
    0xE5, 0x82, 0xAE, 0xE9, 0x86, 0xA9, 0xE3, 0x84, 0x97, 0xE3, 0x84, 0xA0, 0x32, 0xE9, 0x91, 0xBF,
    0xE3, 0x84, 0x97, 0xE3, 0x84, 0xA0, 0x33, 0xE6, 0x97, 0xA9, 0xE6, 0xA3, 0x97, 0xE6, 0xBE, 0xA1,
    0xE8, 0x97, 0xBB, 0xE8, 0x9A, 0xA4, 0xE7, 0x92, 0xAA, 0xE7, 0xB9, 0xB0, 0xE3, 0x84, 0x97, 0xE3,
    0x84, 0xA0, 0x34, 0xE9, 0x80, 0xA0, 0xE7, 0x9A, 0x82, 0xE7, 0x87, 0xA5, 0xE5, 0x99, 0xAA, 0xE6,
    0x85, 0xA5, 0xE8, 0xAD, 0x9F, 0xE7, 0x81, 0xB6, 0xE8, 0xBA, 0x81, 0xE7, 0x9A, 0x81, 0xE8, 0xB6,
    0xAE, 0xE7, 0x9F, 0x82, 0xE7, 0xAB, 0x88, 0xE3, 0x84, 0x97, 0xE3, 0x84, 0xA1, 0x31, 0xE9, 0x84,
    0x92, 0xE8, 0xAC, 0x85, 0xE9, 0x84, 0xB9, 0xE8, 0xAB, 0x8F, 0xE5, 0x95, 0x81, 0xE6, 0x8E, 0xAB,
    0xE8, 0x8F, 0x86, 0xE9, 0x99, 0xAC, 0xE9, 0xA8, 0xB6, 0xE9, 0xAF, 0xAB, 0xE6, 0xA3, 0xB8, 0xE7,
    0xB7, 0x85, 0xE6, 0xA3, 0xB7, 0xE9, 0x83, 0xB0, 0xE5, 0xAA, 0xB0, 0xE9, 0xBB, 0x80, 0xE9, 0xBD,
    0xB1, 0xE9, 0xBD, 0xBA, 0xE3, 0x84, 0x97, 0xE3, 0x84, 0xA1, 0x33, 0xE8, 0xB5, 0xB0, 0xE3, 0x84,
    0x97, 0xE3, 0x84, 0xA1, 0x34, 0xE5, 0xA5, 0x8F, 0xE9, 0xA9, 0x9F, 0xE6, 0x8F, 0x8D, 0xE3, 0x84,
    0x97, 0xE3, 0x84, 0xA2, 0x31, 0xE7, 0xB0, 0xAA, 0xE9, 0x90, 0x95, 0xE3, 0x84, 0x97, 0xE3, 0x84,
    0xA2, 0x32, 0xE5, 0x92, 0xB1, 0xE5, 0x81, 0xBA, 0xE7, 0xB3, 0x8C, 0xE3, 0x84, 0x97, 0xE3, 0x84,
    0xA2, 0x33, 0xE6, 0x8B, 0xB6, 0xE6, 0x94, 0xA2, 0xE5, 0xAF, 0x81, 0xE6, 0x98, 0x9D, 0xE7, 0xA6,
    0xB6, 0xE5, 0x96, 0x92, 0xE5, 0x84, 0xB9, 0xE6, 0x8F, 0x9D, 0xE7, 0xA4, 0xB8, 0xE3, 0x84, 0x97,
    0xE3, 0x84, 0xA2, 0x34, 0xE8, 0xB4, 0x8A, 0xE6, 0x9A, 0xAB, 0xE8, 0xAE, 0x9A, 0xE9, 0x8F, 0xA8,
    0xE7, 0x93, 0x9A, 0xE6, 0xAC, 0x91, 0xE9, 0x85, 0x87, 0xE9, 0xA5, 0xA1, 0xE7, 0x81, 0x92, 0xE5,
    0x9B, 0x8B, 0xE8, 0xB6, 0xB2, 0xE3, 0x84, 0x97, 0xE3, 0x84, 0xA3, 0x33, 0xE6, 0x80, 0x8E, 0xE3,
    0x84, 0x97, 0xE3, 0x84, 0xA3, 0x34, 0xE8, 0xAD, 0x96, 0xE3, 0x84, 0x97, 0xE3, 0x84, 0xA4, 0x31,
    0xE9, 0xAB, 0x92, 0xE8, 0xB4, 0x93, 0xE8, 0x87, 0xA2, 0xE7, 0x89, 0x82, 0xE8, 0x87, 0xA7, 0xE3,
    0x84, 0x97, 0xE3, 0x84, 0xA4, 0x33, 0xE9, 0xA7, 0x94, 0xE3, 0x84, 0x97, 0xE3, 0x84, 0xA4, 0x34,
    0xE8, 0x97, 0x8F, 0xE8, 0x87, 0x9F, 0xE8, 0x91, 0xAC, 0xE5, 0xA5, 0x98, 0xE3, 0x84, 0x97, 0xE3,
    0x84, 0xA5, 0x31, 0xE6, 0x9B, 0xBE, 0xE5, 0xA2, 0x9E, 0xE6, 0x86, 0x8E, 0xE7, 0xBD, 0xBE, 0xE7,
    0xB9, 0x92, 0xE7, 0x9F, 0xB0, 0xE6, 0xA9, 0xA7, 0xE7, 0xA3, 0xB3, 0xE9, 0xA9, 0x93, 0xE7, 0x92,
    0x94, 0xE3, 0x84, 0x97, 0xE3, 0x84, 0xA5, 0x34, 0xE8, 0xB4, 0x88, 0xE7, 0x94, 0x91, 0xE3, 0x84,
    0x97, 0xE3, 0x84, 0xA8, 0x31, 0xE7, 0xA7, 0x9F, 0xE8, 0x92, 0xA9, 0xE3, 0x84, 0x97, 0xE3, 0x84,
    0xA8, 0x32, 0xE8, 0xB6, 0xB3, 0xE6, 0x97, 0x8F, 0xE5, 0x8D, 0x92, 0xE5, 0x97, 0xBE, 0xE6, 0x8D,
    0xBD, 0xE5, 0xB4, 0x92, 0xE8, 0xB8, 0xBF, 0xE5, 0x93, 0xAB, 0xE5, 0x82, 0xB6, 0xE8, 0xB8, 0xA4,
    0xE3, 0x84, 0x97, 0xE3, 0x84, 0xA8, 0x33, 0xE7, 0xB5, 0x84, 0xE7, 0xA5, 0x96, 0xE9, 0x98, 0xBB,
    0xE4, 0xBF, 0x8E, 0xE8, 0xA9, 0x9B, 0xE7, 0x8F, 0x87, 0xE9, 0x9D, 0xBB, 0xE3, 0x84, 0x97, 0xE3,
    0x84, 0xA8, 0xE3, 0x84, 0x9B, 0x31, 0xE4, 0xBD, 0x9C, 0xE3, 0x84, 0x97, 0xE3, 0x84, 0xA8, 0xE3,
    0x84, 0x9B, 0x32, 0xE6, 0x98, 0xA8, 0xE4, 0xBD, 0x9C, 0xE7, 0xA0, 0x9F, 0xE6, 0xA4, 0x8A, 0xE7,
    0xAD, 0xB0, 0xE7, 0xA8, 0x93, 0xE8, 0x91, 0x83, 0xE3, 0x84, 0x97, 0xE3, 0x84, 0xA8, 0xE3, 0x84,
    0x9B, 0x33, 0xE5, 0xB7, 0xA6, 0xE4, 0xBD, 0x90, 0xE7, 0xB9, 0x93, 0xE3, 0x84, 0x97, 0xE3, 0x84,
    0xA8, 0xE3, 0x84, 0x9B, 0x34, 0xE5, 0x81, 0x9A, 0xE4, 0xBD, 0x9C, 0xE5, 0x9D, 0x90, 0xE5, 0xBA,
    0xA7, 0xE9, 0x85, 0xA2, 0xE7, 0xA5, 0x9A, 0xE9, 0x91, 0xBF, 0xE6, 0x9F, 0x9E, 0xE6, 0x80, 0x8D,
    0xE8, 0x83, 0x99, 0xE9, 0x98, 0xBC, 0xE8, 0x91, 0x84, 0xE5, 0xA4, 0x8E, 0xE3, 0x84, 0x97, 0xE3,
    0x84, 0xA8, 0xE3, 0x84, 0x9F, 0x31, 0xE5, 0xA0, 0x86, 0xE5, 0x8E, 0x9C, 0xE7, 0xBE, 0xA7, 0xE5,
    0xB6, 0x89, 0xE7, 0xBA, 0x97, 0xE3, 0x84, 0x97, 0xE3, 0x84, 0xA8, 0xE3, 0x84, 0x9F, 0x33, 0xE5,
    0x98, 0xB4, 0xE7, 0x92, 0xBB, 0xE8, 0xA7, 0x9C, 0xE5, 0xB6, 0x8A, 0xE5, 0x99, 0xBF, 0xE6, 0xBF,
    0xA2, 0xE3, 0x84, 0x97, 0xE3, 0x84, 0xA8, 0xE3, 0x84, 0x9F, 0x34, 0xE6, 0x9C, 0x80, 0xE7, 0xBD,
    0xAA, 0xE9, 0x86, 0x89, 0xE6, 0xAA, 0x87, 0xE8, 0x95, 0x9E, 0xE6, 0x99, 0xAC, 0xE6, 0xAA, 0x8C,
    0xE7, 0xB5, 0x8A, 0xE7, 0xA5, 0xBD, 0xE9, 0x8B, 0xB7, 0xE5, 0xA2, 0xAC, 0xE5, 0xB6, 0xB5, 0xE3,
    0x84, 0x97, 0xE3, 0x84, 0xA8, 0xE3, 0x84, 0xA2, 0x31, 0xE9, 0x91, 0xBD, 0xE8, 0xBA, 0xA6, 0xE3,
    0x84, 0x97, 0xE3, 0x84, 0xA8, 0xE3, 0x84, 0xA2, 0x33, 0xE7, 0xBA, 0x82, 0xE9, 0x91, 0xBD, 0xE7,
    0xBA, 0x98, 0xE7, 0xB1, 0xAB, 0xE5, 0x84, 0xB9, 0xE3, 0x84, 0x97, 0xE3, 0x84, 0xA8, 0xE3, 0x84,
    0xA2, 0x34, 0xE8, 0xB3, 0xBA, 0xE9, 0x91, 0xBD, 0xE6, 0x94, 0xA5, 0xE9, 0xA5, 0xA1, 0xE3, 0x84,
    0x97, 0xE3, 0x84, 0xA8, 0xE3, 0x84, 0xA3, 0x31, 0xE5, 0xB0, 0x8A, 0xE9, 0x81, 0xB5, 0xE6, 0xA8,
    0xBD, 0xE5, 0xA2, 0xAB, 0xE9, 0x90, 0x8F, 0xE5, 0xB6, 0x9F, 0xE7, 0xB9, 0x9C, 0xE9, 0xB7, 0xB7,
    0xE5, 0xA3, 0xBF, 0xE9, 0xB1, 0x92, 0xE7, 0xBD, 0x87, 0xE3, 0x84, 0x97, 0xE3, 0x84, 0xA8, 0xE3,
    0x84, 0xA3, 0x33, 0xE6, 0x92, 0x99, 0xE5, 0x99, 0x82, 0xE5, 0xA2, 0xAB, 0xE5, 0x83, 0x94, 0xE8,
    0xAD, 0x90, 0xE3, 0x84, 0x97, 0xE3, 0x84, 0xA8, 0xE3, 0x84, 0xA3, 0x34, 0xE4, 0xBF, 0x8A, 0xE5,
    0x9C, 0xB3, 0xE6, 0x8D, 0x98, 0xE9, 0xB1, 0x92, 0xE9, 0x8A, 0x8C, 0xE7, 0x87, 0x87, 0xE3, 0x84,
    0x97, 0xE3, 0x84, 0xA8, 0xE3, 0x84, 0xA5, 0x31, 0xE5, 0xAE, 0x97, 0xE8, 0xB9, 0xA4, 0xE7, 0xB8,
    0xB1, 0xE7, 0xB6, 0x9C, 0xE6, 0xA3, 0x95, 0xE9, 0xAC, 0x83, 0xE8, 0xB1, 0xB5, 0xE9, 0xA8, 0xA3,
    0xE9, 0xAC, 0xB7, 0xE7, 0xBF, 0xAA, 0xE7, 0x86, 0xA7, 0xE5, 0x80, 0xA7, 0xE6, 0x83, 0xBE, 0xE7,
    0x8C, 0xA3, 0xE7, 0xA8, 0xAF, 0xE8, 0x89, 0x90, 0xE5, 0xB5, 0x95, 0xE8, 0x9D, 0xAC, 0xE8, 0xB8,
    0xAA, 0xE3, 0x84, 0x97, 0xE3, 0x84, 0xA8, 0xE3, 0x84, 0xA5, 0x33, 0xE7, 0xB8, 0xBD, 0xE6, 0x91,
    0xA0, 0xE5, 0x82, 0xAF, 0xE7, 0x86, 0x9C, 0xE6, 0x9C, 0xA1, 0xE8, 0x93, 0x97, 0xE3, 0x84, 0x97,
    0xE3, 0x84, 0xA8, 0xE3, 0x84, 0xA5, 0x34, 0xE7, 0xB8, 0xB1, 0xE7, 0xB2, 0xBD, 0xE7, 0xB6, 0x9C,
    0xE5, 0xBE, 0x9E, 0xE7, 0x98, 0xB2, 0xE6, 0x98, 0xAE, 0xE3, 0x84, 0x98, 0x31, 0xE7, 0x96, 0xB5,
    0xE5, 0xBA, 0x9B, 0xE9, 0x9B, 0x8C, 0xE3, 0x84, 0x98, 0xE5, 0xB7, 0xAE, 0xE8, 0xB6, 0x80, 0xE9,
    0xAA, 0xB4, 0xE3, 0x84, 0x98, 0x32, 0xE8, 0xA9, 0x9E, 0xE8, 0xBE, 0xAD, 0xE6, 0x85, 0x88, 0xE7,
    0xA3, 0x81, 0xE7, 0x93, 0xB7, 0xE9, 0x9B, 0x8C, 0xE7, 0xA5, 0xA0, 0xE7, 0x96, 0xB5, 0xE8, 0x8C,
    0xA8, 0xE7, 0xB2, 0xA2, 0xE9, 0xA4, 0x88, 0xE6, 0x9F, 0x8C, 0xE5, 0xAC, 0xA8, 0xE6, 0xBF, 0xA8,
    0xE5, 0x91, 0xB2, 0xE9, 0xA3, 0xBA, 0xE8, 0x96, 0x8B, 0xE8, 0x8C, 0xB2, 0xE3, 0x84, 0x98, 0x33,
    0xE6, 0xAD, 0xA4, 0xE4, 0xBD, 0x8C, 0xE6, 0xB3, 0x9A, 0xE7, 0x8E, 0xBC, 0xE8, 0xB7, 0x90, 0xE7,
    0x9A, 0x89, 0xE3, 0x84, 0x98, 0x34, 0xE6, 0xAC, 0xA1, 0xE5, 0x88, 0xBA, 0xE8, 0xB3, 0x9C, 0xE5,
    0xBB, 0x81, 0xE4, 0xBC, 0xBA, 0xE4, 0xBD, 0xBD, 0xE8, 0x9B, 0x93, 0xE8, 0x8E, 0xBF, 0xE6, 0x9C,
    0xBF, 0xE6, 0xA0, 0xA8, 0xE8, 0x9A, 0x9D, 0xE7, 0xB5, 0x98, 0xE3, 0x84, 0x98, 0xE3, 0x84, 0x9A,
    0x31, 0xE6, 0x93, 0xA6, 0xE6, 0x90, 0xBD, 0xE5, 0x9A, 0x93, 0xE3, 0x84, 0x98, 0xE3, 0x84, 0x9A,
    0x33, 0xE7, 0xA4, 0xA4, 0xE3, 0x84, 0x98, 0xE3, 0x84, 0x9A, 0x34, 0xE5, 0x9B, 0x83, 0xE3, 0x84,
    0x98, 0xE3, 0x84, 0x9C, 0x34, 0xE5, 0x86, 0x8A, 0xE7, 0xAD, 0x96, 0xE6, 0xB8, 0xAC, 0xE5, 0x81,
    0xB4, 0xE5, 0xBB, 0x81, 0xE6, 0x83, 0xBB, 0xE7, 0xAD, 0xB4, 0xE7, 0x95, 0x9F, 0xE8, 0x8C, 0xA6,
    0xE7, 0xB2, 0xA3, 0xE6, 0x8B, 0xBA, 0xE7, 0x9F, 0xA0, 0xE6, 0x86, 0xA1, 0xE8, 0x93, 0x9B, 0xE3,
    0x84, 0x98, 0xE3, 0x84, 0x9E, 0x31, 0xE7, 0x8C, 0x9C, 0xE3, 0x84, 0x98, 0xE3, 0x84, 0x9E, 0x32,
    0xE6, 0x89, 0x8D, 0xE8, 0xB2, 0xA1, 0xE6, 0x9D, 0x90, 0xE8, 0xA3, 0x81, 0xE7, 0xBA, 0x94, 0xE3,
    0x84, 0x98, 0xE3, 0x84, 0x9E, 0x33, 0xE6, 0x8E, 0xA1, 0xE5, 0xBD, 0xA9, 0xE9, 0x87, 0x87, 0xE7,
    0x9D, 0xAC, 0xE8, 0xB8, 0xA9, 0xE7, 0xB6, 0xB5, 0xE8, 0xB7, 0xB4, 0xE5, 0xAF, 0x80, 0xE6, 0xA3,
    0x8C, 0xE5, 0xA9, 0x87, 0xE3, 0x84, 0x98, 0xE3, 0x84, 0x9E, 0x34, 0xE8, 0x94, 0xA1, 0xE8, 0x8F,
    0x9C, 0xE5, 0x9F, 0xB0, 0xE9, 0x87, 0x87, 0xE7, 0xB8, 0xA9, 0xE3, 0x84, 0x98, 0xE3, 0x84, 0xA0,
    0x31, 0xE6, 0x93, 0x8D, 0xE7, 0xB3, 0x99, 0xE9, 0x84, 0xB5, 0xE5, 0x96, 0xBF, 0xE3, 0x84, 0x98,
    0xE3, 0x84, 0xA0, 0x32, 0xE6, 0x9B, 0xB9, 0xE6, 0xA7, 0xBD, 0xE5, 0x98, 0x88, 0xE6, 0xBC, 0x95,
    0xE8, 0x9E, 0xAC, 0xE8, 0x89, 0x9A, 0xE5, 0xB6, 0x86, 0xE3, 0x84, 0x98, 0xE3, 0x84, 0xA0, 0x33,
    0xE8, 0x8D, 0x89, 0xE6, 0x87, 0x86, 0xE9, 0xA8, 0xB2, 0xE8, 0x89, 0xB8, 0xE3, 0x84, 0x98, 0xE3,
    0x84, 0xA0, 0x34, 0xE7, 0xB3, 0x99, 0xE6, 0x93, 0x8D, 0xE8, 0x82, 0x8F, 0xE8, 0xA5, 0x99, 0xE3,
    0x84, 0x98, 0xE3, 0x84, 0xA1, 0x34, 0xE6, 0xB9, 0x8A, 0xE8, 0xBC, 0xB3, 0xE8, 0x85, 0xA0, 0xE6,
    0xA5, 0xB1, 0xE3, 0x84, 0x98, 0xE3, 0x84, 0xA2, 0x31, 0xE5, 0x8F, 0x83, 0xE9, 0xA4, 0x90, 0xE9,
    0xA9, 0x82, 0xE3, 0x84, 0x98, 0xE3, 0x84, 0xA2, 0x32, 0xE6, 0xAE, 0x98, 0xE8, 0xA0, 0xB6, 0xE6,
    0x85, 0x9A, 0xE5, 0xAC, 0xA0, 0xE3, 0x84, 0x98, 0xE3, 0x84, 0xA2, 0x33, 0xE6, 0x85, 0x98, 0xE6,
    0x86, 0xAF, 0xE6, 0x9C, 0x81, 0xE5, 0x99, 0x86, 0xE9, 0xBB, 0xB2, 0xE3, 0x84, 0x98, 0xE3, 0x84,
    0xA2, 0x34, 0xE7, 0x87, 0xA6, 0xE5, 0xAD, 0xB1, 0xE7, 0x92, 0xA8, 0xE7, 0xB2, 0xB2, 0xE6, 0xBE,
    0xAF, 0xE3, 0x84, 0x98, 0xE3, 0x84, 0xA3, 0x31, 0xE5, 0x8F, 0x83, 0xE5, 0xB5, 0xBE, 0xE6, 0xA2,
    0xAB, 0xE3, 0x84, 0x98, 0xE3, 0x84, 0xA3, 0x32, 0xE5, 0xB2, 0x91, 0xE6, 0xB6, 0x94, 0xE6, 0xA2,
    0xA3, 0xE7, 0xAC, 0x92, 0xE5, 0x9F, 0x81, 0xE3, 0x84, 0x98, 0xE3, 0x84, 0xA4, 0x31, 0xE8, 0x92,
    0xBC, 0xE5, 0x80, 0x89, 0xE6, 0xBB, 0x84, 0xE8, 0x89, 0x99, 0xE5, 0x82, 0x96, 0xE9, 0xB6, 0xAC,
    0xE5, 0x87, 0x94, 0xE5, 0xB5, 0xA2, 0xE3, 0x84, 0x98, 0xE3, 0x84, 0xA4, 0x32, 0xE8, 0x97, 0x8F,
    0xE9, 0x91, 0xB6, 0xE3, 0x84, 0x98, 0xE3, 0x84, 0xA5, 0x31, 0xE5, 0x99, 0x8C, 0xE3, 0x84, 0x98,
    0xE3, 0x84, 0xA5, 0x32, 0xE6, 0x9B, 0xBE, 0xE5, 0xB1, 0xA4, 0xE5, 0xB6, 0x92, 0xE9, 0x84, 0xAB,
    0xE7, 0xA2, 0x80, 0xE3, 0x84, 0x98, 0xE3, 0x84, 0xA5, 0x34, 0xE8, 0xB9, 0xAD, 0xE3, 0x84, 0x98,
    0xE3, 0x84, 0xA8, 0x31, 0xE7, 0xB2, 0x97, 0xE9, 0xBA, 0xA4, 0xE8, 0xA7, 0x95, 0xE3, 0x84, 0x98,
    0xE3, 0x84, 0xA8, 0x32, 0xE6, 0xAE, 0x82, 0xE5, 0xBE, 0x82, 0xE3, 0x84, 0x98, 0xE3, 0x84, 0xA8,
    0x34, 0xE4, 0xBF, 0x83, 0xE9, 0x86, 0x8B, 0xE7, 0xB0, 0x87, 0xE8, 0xB9, 0xB4, 0xE8, 0x94, 0x9F,
    0xE8, 0xB9, 0x99, 0xE7, 0x8C, 0x9D, 0xE5, 0x8D, 0x92, 0xE9, 0x8C, 0xAF, 0xE8, 0xB6, 0xA3, 0xE8,
    0xB6, 0xA8, 0xE9, 0x8F, 0x83, 0xE7, 0x98, 0xAF, 0xE8, 0xB8, 0xA7, 0xE6, 0xA7, 0xAD, 0xE6, 0xA2,
    0x80, 0xE5, 0x99, 0x88, 0xE6, 0xAE, 0xA7, 0xE9, 0xBC, 0x80, 0xE3, 0x84, 0x98, 0xE3, 0x84, 0xA8,
    0xE3, 0x84, 0x9B, 0x31, 0xE6, 0x90, 0x93, 0xE6, 0x92, 0xAE, 0xE7, 0xA3, 0x8B, 0xE8, 0xB9, 0x89,
    0xE8, 0x92, 0xAB, 0xE9, 0x81, 0xB3, 0xE9, 0xAB, 0x8A, 0xE7, 0x91, 0xB3, 0xE3, 0x84, 0x98, 0xE3,
    0x84, 0xA8, 0xE3, 0x84, 0x9B, 0x32, 0xE7, 0x98, 0xA5, 0xE7, 0x9F, 0xAC, 0xE9, 0xB9, 0xBA, 0xE7,
    0x97, 0xA4, 0xE9, 0x86, 0x9D, 0xE5, 0xB5, 0xAF, 0xE8, 0x94, 0x96, 0xE3, 0x84, 0x98, 0xE3, 0x84,
    0xA8, 0xE3, 0x84, 0x9B, 0x33, 0xE7, 0x91, 0xB3, 0xE8, 0x84, 0x9E, 0xE7, 0xB8, 0x92, 0xE7, 0xA1,
    0xB0, 0xE3, 0x84, 0x98, 0xE3, 0x84, 0xA8, 0xE3, 0x84, 0x9B, 0x34, 0xE9, 0x8C, 0xAF, 0xE6, 0x8E,
    0xAA, 0xE6, 0x8C, 0xAB, 0xE9, 0x8A, 0xBC, 0xE6, 0x92, 0xAE, 0xE5, 0x89, 0x89, 0xE5, 0x8E, 0x9D,
    0xE8, 0x8E, 0x9D, 0xE4, 0xBE, 0xB3, 0xE5, 0x89, 0x92, 0xE9, 0xBD, 0xB0, 0xE8, 0x93, 0x8C, 0xE3,
    0x84, 0x98, 0xE3, 0x84, 0xA8, 0xE3, 0x84, 0x9F, 0x31, 0xE6, 0x91, 0xA7, 0xE5, 0x82, 0xAC, 0xE5,
    0xB4, 0x94, 0xE5, 0x97, 0xBA, 0xE5, 0xA2, 0x94, 0xE7, 0xA3, 0xAA, 0xE9, 0x8F, 0x99, 0xE6, 0xA6,
    0xB1, 0xE8, 0xA1, 0xB0, 0xE7, 0xB8, 0x97, 0xE3, 0x84, 0x98, 0xE3, 0x84, 0xA8, 0xE3, 0x84, 0x9F,
    0x32, 0xE5, 0x87, 0x97, 0xE6, 0x85, 0x9B, 0xE3, 0x84, 0x98, 0xE3, 0x84, 0xA8, 0xE3, 0x84, 0x9F,
    0x33, 0xE7, 0x92, 0x80, 0xE8, 0xB6, 0xA1, 0xE6, 0xBC, 0xBC, 0xE3, 0x84, 0x98, 0xE3, 0x84, 0xA8,
    0xE3, 0x84, 0x9F, 0x34, 0xE7, 0xBF, 0xA0, 0xE8, 0x84, 0x86, 0xE7, 0xB2, 0xB9, 0xE6, 0x82, 0xB4,
    0xE7, 0x98, 0x81, 0xE8, 0x90, 0x83, 0xE5, 0x95, 0x90, 0xE6, 0xB7, 0xAC, 0xE5, 0x80, 0x85, 0xE6,
    0xAF, 0xB3, 0xE6, 0xA9, 0x87, 0xE7, 0x84, 0xA0, 0xE7, 0xAB, 0x81, 0xE8, 0x86, 0xAC, 0xE7, 0xB6,
    0xB7, 0xE8, 0x86, 0xB5, 0xE8, 0x84, 0xBA, 0xE6, 0xBF, 0xA2, 0xE3, 0x84, 0x98, 0xE3, 0x84, 0xA8,
    0xE3, 0x84, 0xA2, 0x31, 0xE6, 0x94, 0x9B, 0xE8, 0xBA, 0xA5, 0xE9, 0x8B, 0x91, 0xE6, 0xB1, 0x86,
    0xE3, 0x84, 0x98, 0xE3, 0x84, 0xA8, 0xE3, 0x84, 0xA2, 0x32, 0xE6, 0x94, 0xA2, 0xE5, 0xB7, 0x91,
    0xE5, 0x8A, 0x97, 0xE3, 0x84, 0x98, 0xE3, 0x84, 0xA8, 0xE3, 0x84, 0xA2, 0x34, 0xE7, 0xAB, 0x84,
    0xE7, 0xAF, 0xA1, 0xE7, 0x88, 0xA8, 0xE7, 0xAF, 0xB9, 0xE3, 0x84, 0x98, 0xE3, 0x84, 0xA8, 0xE3,
    0x84, 0xA3, 0x31, 0xE6, 0x9D, 0x91, 0xE7, 0x9A, 0xB4, 0xE3, 0x84, 0x98, 0xE3, 0x84, 0xA8, 0xE3,
    0x84, 0xA3, 0x32, 0xE5, 0xAD, 0x98, 0xE8, 0xA2, 0xB8, 0xE3, 0x84, 0x98, 0xE3, 0x84, 0xA8, 0xE3,
    0x84, 0xA3, 0x33, 0xE5, 0xBF, 0x96, 0xE5, 0x88, 0x8C, 0xE3, 0x84, 0x98, 0xE3, 0x84, 0xA8, 0xE3,
    0x84, 0xA3, 0x34, 0xE5, 0xAF, 0xB8, 0xE5, 0x90, 0x8B, 0xE7, 0xB1, 0xBF, 0xE3, 0x84, 0x98, 0xE3,
    0x84, 0xA8, 0xE3, 0x84, 0xA5, 0x31, 0xE5, 0x8C, 0x86, 0xE8, 0x81, 0xB0, 0xE5, 0xBE, 0x9E, 0xE5,
    0x9B, 0xAA, 0xE7, 0x92, 0x81, 0xE7, 0x91, 0xBD, 0xE6, 0xA8, 0x85, 0xE9, 0xA9, 0x84, 0xE8, 0x93,
    0xAF, 0xE9, 0x8F, 0xA6, 0xE7, 0x86, 0x9C, 0xE6, 0xA3, 0x87, 0xE6, 0x9A, 0xB0, 0xE8, 0x94, 0xA5,
    0xE7, 0x9E, 0x9B, 0xE8, 0x9F, 0x8C, 0xE9, 0x8D, 0x90, 0xE3, 0x84, 0x98, 0xE3, 0x84, 0xA8, 0xE3,
    0x84, 0xA5, 0x32, 0xE5, 0xBE, 0x9E, 0xE5, 0x8F, 0xA2, 0xE6, 0xB7, 0x99, 0xE7, 0x90, 0xAE, 0xE6,
    0x82, 0xB0, 0xE6, 0xBD, 0x80, 0xE6, 0xBC, 0x8E, 0xE8, 0xB3, 0xA8, 0xE9, 0x8C, 0x9D, 0xE5, 0xA9,
    0x83, 0xE5, 0xAD, 0xAE, 0xE5, 0xBE, 0x96, 0xE6, 0x85, 0x92, 0xE3, 0x84, 0x98, 0xE3, 0x84, 0xA8,
    0xE3, 0x84, 0xA5, 0x34, 0xE6, 0xAC, 0x89, 0xE8, 0x97, 0x82, 0xE8, 0xAC, 0xA5, 0xE3, 0x84, 0x99,
    0x31, 0xE5, 0x8F, 0xB8, 0xE6, 0x80, 0x9D, 0xE6, 0x96, 0xAF, 0xE7, 0xB5, 0xB2, 0xE7, 0xA7, 0x81,
    0xE6, 0x92, 0x95, 0xE5, 0xBB, 0x9D, 0xE9, 0xB7, 0xA5, 0xE5, 0x98, 0xB6, 0xE3, 0x84, 0x99, 0xE6,
    0xBE, 0x8C, 0xE7, 0xB7, 0xA6, 0xE5, 0x81, 0xB2, 0xE7, 0xBD, 0xB3, 0xE9, 0xA2, 0xB8, 0xE7, 0xA6,
    0xA0, 0xE8, 0x99, 0x92, 0xE6, 0xA5, 0x92, 0xE9, 0x8D, 0xB6, 0xE5, 0x87, 0x98, 0xE6, 0xB3, 0x80,
    0xE8, 0x95, 0xAC, 0xE9, 0x89, 0xB0, 0xE4, 0xBF, 0xAC, 0xE8, 0xA6, 0x97, 0xE6, 0xA6, 0xB9, 0xE7,
    0xA6, 0x97, 0xE8, 0x9C, 0xA4, 0xE7, 0xA3, 0x83, 0xE8, 0xAC, 0x95, 0xE8, 0x9F, 0xB4, 0xE9, 0xB7,
    0x88, 0xE9, 0xBC, 0xB6, 0xE8, 0x9E, 0x84, 0xE3, 0x84, 0x99, 0x33, 0xE6, 0xAD, 0xBB, 0xE3, 0x84,
    0x99, 0x34, 0xE5, 0x9B, 0x9B, 0xE4, 0xBC, 0xBC, 0xE8, 0xB3, 0x9C, 0xE5, 0x97, 0xA3, 0xE9, 0xA3,
    0xBC, 0xE5, 0xAF, 0xBA, 0xE8, 0x82, 0x86, 0xE7, 0xA5, 0x80, 0xE9, 0xA3, 0x9F, 0xE4, 0xBF, 0x9F,
    0xE4, 0xBC, 0xBA, 0xE6, 0xB3, 0x97, 0xE5, 0xB7, 0xB3, 0xE8, 0x80, 0x9C, 0xE5, 0x84, 0xA9, 0xE5,
    0xA7, 0x92, 0xE7, 0xAC, 0xA5, 0xE9, 0xA7, 0x9F, 0xE5, 0x85, 0x95, 0xE6, 0xB6, 0x98, 0xE6, 0x9F,
    0xB6, 0xE6, 0xB1, 0x9C, 0xE8, 0x82, 0x82, 0xE8, 0xB2, 0x84, 0xE8, 0x95, 0xBC, 0xE6, 0xB4, 0x8D,
    0xE4, 0xBA, 0x96, 0xE3, 0x84, 0x99, 0x35, 0xE6, 0x80, 0x9D, 0xE3, 0x84, 0x99, 0xE3, 0x84, 0x9A,
    0x31, 0xE6, 0x92, 0x92, 0xE4, 0xBB, 0xA8, 0xE3, 0x84, 0x99, 0xE3, 0x84, 0x9A, 0x33, 0xE7, 0x81,
    0x91, 0xE6, 0x92, 0x92, 0xE9, 0x9D, 0xB8, 0xE6, 0xB4, 0x92, 0xE3, 0x84, 0x99, 0xE3, 0x84, 0x9A,
    0x34, 0xE8, 0x96, 0xA9, 0xE5, 0x8D, 0x85, 0xE8, 0xB6, 0xBF, 0xE9, 0xA2, 0xAF, 0xE6, 0x94, 0x83,
    0xE9, 0xA6, 0xBA, 0xE9, 0x9A, 0xA1, 0xE3, 0x84, 0x99, 0xE3, 0x84, 0x9C, 0x34, 0xE8, 0x89, 0xB2,
    0xE5, 0xA1, 0x9E, 0xE7, 0x91, 0x9F, 0xE5, 0x9C, 0xBE, 0xE5, 0x97, 0x87, 0xE6, 0xBE, 0x80, 0xE7,
    0xA9, 0xA1, 0xE6, 0xBF, 0x87, 0xE8, 0xBD, 0x96, 0xE8, 0xAD, 0x85, 0xE9, 0x8A, 0xAB, 0xE7, 0x92,
    0xB1, 0xE7, 0xBF, 0x9C, 0xE7, 0x8A, 0x9E, 0xE9, 0xA3, 0x8B, 0xE6, 0xBF, 0x8F, 0xE3, 0x84, 0x99,
    0xE3, 0x84, 0x9E, 0x31, 0xE5, 0xA1, 0x9E, 0xE9, 0xB0, 0x93, 0xE8, 0x85, 0xAE, 0xE6, 0xAF, 0xA2,
    0xE6, 0x8F, 0x8C, 0xE3, 0x84, 0x99, 0xE3, 0x84, 0x9E, 0x34, 0xE8, 0xB3, 0xBD, 0xE5, 0xA1, 0x9E,
    0xE5, 0x83, 0xBF, 0xE3, 0x84, 0x99, 0xE3, 0x84, 0xA0, 0x31, 0xE8, 0x89, 0x98, 0xE9, 0xA8, 0xB7,
    0xE7, 0xB9, 0x85, 0xE6, 0x90, 0x94, 0xE8, 0x87, 0x8A, 0xE6, 0x85, 0x85, 0xE6, 0xBA, 0x9E, 0xE9,
    0xA2, 0xBE, 0xE9, 0xB1, 0xA2, 0xE3, 0x84, 0x99, 0xE3, 0x84, 0xA0, 0x33, 0xE6, 0x8E, 0x83, 0xE5,
    0xAB, 0x82, 0xE5, 0x9F, 0xBD, 0xE3, 0x84, 0x99, 0xE3, 0x84, 0xA0, 0x34, 0xE6, 0x8E, 0x83, 0xE8,
    0x87, 0x8A, 0xE6, 0xB0, 0x89, 0xE7, 0x98, 0x99, 0xE3, 0x84, 0x99, 0xE3, 0x84, 0xA0, 0x35, 0xE5,
    0xAB, 0x82, 0xE3, 0x84, 0x99, 0xE3, 0x84, 0xA1, 0x31, 0xE6, 0x90, 0x9C, 0xE9, 0xA2, 0xBC, 0xE9,
    0x84, 0x8B, 0xE8, 0x92, 0x90, 0xE5, 0xBB, 0x8B, 0xE6, 0xBA, 0xB2, 0xE9, 0xA4, 0xBF, 0xE7, 0x8D,
    0x80, 0xE9, 0x86, 0x99, 0xE5, 0x97, 0x96, 0xE9, 0x8E, 0xAA, 0xE9, 0xA8, 0xAA, 0xE3, 0x84, 0x99,
    0xE3, 0x84, 0xA1, 0x33, 0xE5, 0x8F, 0x9F, 0xE5, 0x97, 0xBE, 0xE8, 0x97, 0xAA, 0xE6, 0x93, 0xBB,
    0xE7, 0x9E, 0x8D, 0xE8, 0xAC, 0x8F, 0xE7, 0xB1, 0x94, 0xE3, 0x84, 0x99, 0xE3, 0x84, 0xA1, 0x34,
    0xE5, 0x97, 0xBD, 0xE3, 0x84, 0x99, 0xE3, 0x84, 0xA2, 0x31, 0xE4, 0xB8, 0x89, 0xE5, 0x8F, 0x83,
    0xE6, 0xAF, 0xBF, 0xE6, 0x94, 0x95, 0xE9, 0xAC, 0x96, 0xE5, 0xBC, 0x8E, 0xE5, 0x8F, 0x81, 0xE5,
    0x8F, 0x84, 0xE3, 0x84, 0x99, 0xE3, 0x84, 0xA2, 0x33, 0xE6, 0x95, 0xA3, 0xE5, 0x82, 0x98, 0xE7,
    0xB9, 0x96, 0xE7, 0xB3, 0x9D, 0xE9, 0x8F, 0xBE, 0xE3, 0x84, 0x99, 0xE3, 0x84, 0xA2, 0x34, 0xE6,
    0x95, 0xA3, 0xE9, 0x96, 0x90, 0xE4, 0xB8, 0x89, 0xE3, 0x84, 0x99, 0xE3, 0x84, 0xA3, 0x31, 0xE6,
    0xA3, 0xAE, 0xE6, 0xA7, 0xAE, 0xE7, 0xBD, 0xA7, 0xE8, 0xA5, 0x82, 0xE5, 0xB9, 0x93, 0xE7, 0xAF,
    0xB8, 0xE3, 0x84, 0x99, 0xE3, 0x84, 0xA4, 0x31, 0xE5, 0x96, 0xAA, 0xE6, 0xA1, 0x91, 0xE3, 0x84,
    0x99, 0xE3, 0x84, 0xA4, 0x33, 0xE5, 0x97, 0x93, 0xE9, 0xA1, 0x99, 0xE6, 0x90, 0xA1, 0xE7, 0xA3,
    0x89, 0xE9, 0x8E, 0x9F, 0xE8, 0xA4, 0xAC, 0xE3, 0x84, 0x99, 0xE3, 0x84, 0xA4, 0x34, 0xE5, 0x96,
    0xAA, 0xE3, 0x84, 0x99, 0xE3, 0x84, 0xA5, 0x31, 0xE5, 0x83, 0xA7, 0xE9, 0xAC, 0x99, 0xE3, 0x84,
    0x99, 0xE3, 0x84, 0xA8, 0x31, 0xE8, 0x98, 0x87, 0xE7, 0x94, 0xA6, 0xE9, 0x85, 0xA5, 0xE7, 0xA9,
    0x8C, 0xE5, 0x9B, 0x8C, 0xE6, 0xAB, 0xAF, 0xE3, 0x84, 0x99, 0xE3, 0x84, 0xA8, 0x32, 0xE4, 0xBF,
    0x97, 0xE3, 0x84, 0x99, 0xE3, 0x84, 0xA8, 0x34, 0xE8, 0xA8, 0xB4, 0xE9, 0x80, 0x9F, 0xE7, 0xB4,
    0xA0, 0xE8, 0x82, 0x85, 0xE5, 0xAE, 0xBF, 0xE5, 0xA1, 0x91, 0xE5, 0xA4, 0x99, 0xE7, 0xB2, 0x9F,
    0xE6, 0xBA, 0xAF, 0xE9, 0xA4, 0x97, 0xE6, 0x84, 0xAC, 0xE8, 0x93, 0xBF, 0xE7, 0xB8, 0xAE, 0xE8,
    0xA7, 0xAB, 0xE6, 0x84, 0xAB, 0xE8, 0x86, 0x86, 0xE8, 0xAC, 0x96, 0xE5, 0x97, 0x89, 0xE6, 0xA9,
    0x9A, 0xE6, 0xB3, 0x9D, 0xE6, 0xB6, 0x91, 0xE6, 0xBD, 0x9A, 0xE7, 0xB0, 0x8C, 0xE8, 0x94, 0x8C,
    0xE6, 0xA8, 0x95, 0xE9, 0x81, 0xAB, 0xE9, 0xA9, 0x8C, 0xE9, 0xB1, 0x90, 0xE9, 0xB7, 0xAB, 0xE5,
    0xAB, 0x8A, 0xE7, 0x8E, 0x8A, 0xE6, 0xA6, 0xA1, 0xE6, 0xB4, 0xAC, 0xE6, 0xA0, 0x9C, 0xE5, 0x82,
    0x83, 0xE6, 0xBA, 0xB9, 0xE6, 0x86, 0x9F, 0xE9, 0x8B, 0x89, 0xE7, 0xB8, 0xA4, 0xE8, 0x97, 0x97,
    0xE5, 0x83, 0xB3, 0xE7, 0xAA, 0xA3, 0xE3, 0x84, 0x99, 0xE3, 0x84, 0xA8, 0xE3, 0x84, 0x9B, 0x31,
    0xE7, 0xB8, 0xAE, 0xE6, 0xA2, 0xAD, 0xE8, 0x8E, 0x8E, 0xE5, 0x94, 0x86, 0xE5, 0xA8, 0x91, 0xE7,
    0xB0, 0x91, 0xE5, 0x97, 0xA6, 0xE5, 0x82, 0x9E, 0xE6, 0x8C, 0xB2, 0xE8, 0x93, 0x91, 0xE6, 0xA1,
    0xAB, 0xE8, 0xB9, 0x9C, 0xE8, 0x8E, 0x8F, 0xE8, 0xB6, 0x96, 0xE6, 0x91, 0x8D, 0xE7, 0xBE, 0xA7,
    0xE3, 0x84, 0x99, 0xE3, 0x84, 0xA8, 0xE3, 0x84, 0x9B, 0x33, 0xE6, 0x89, 0x80, 0xE7, 0xB4, 0xA2,
    0xE9, 0x8E, 0x96, 0xE7, 0x91, 0xA3, 0xE7, 0x92, 0x85, 0xE5, 0x97, 0xA9, 0xE6, 0x91, 0xB5, 0xE9,
    0x8E, 0x8D, 0xE9, 0x8F, 0xBC, 0xE3, 0x84, 0x99, 0xE3, 0x84, 0xA8, 0xE3, 0x84, 0x9B, 0x34, 0xE9,
    0x80, 0xA4, 0xE3, 0x84, 0x99, 0xE3, 0x84, 0xA8, 0xE3, 0x84, 0x9B, 0x35, 0xE5, 0x97, 0xA6, 0xE3,
    0x84, 0x99, 0xE3, 0x84, 0xA8, 0xE3, 0x84, 0x9F, 0x31, 0xE9, 0x9B, 0x96, 0xE7, 0xB6, 0x8F, 0xE6,
    0xBF, 0x89, 0xE7, 0x9D, 0xA2, 0xE8, 0x8D, 0xBD, 0xE6, 0xAF, 0xB8, 0xE7, 0x9C, 0xAD, 0xE6, 0xB5,
    0xBD, 0xE5, 0x93, 0xB8, 0xE5, 0xA8, 0x9E, 0xE8, 0x8D, 0xBE, 0xE6, 0xBB, 0x96, 0xE3, 0x84, 0x99,
    0xE3, 0x84, 0xA8, 0xE3, 0x84, 0x9F, 0x32, 0xE9, 0x9A, 0xA8, 0xE9, 0x9A, 0x8B, 0xE9, 0x9B, 0x9F,
    0xE3, 0x84, 0x99, 0xE3, 0x84, 0xA8, 0xE3, 0x84, 0x9F, 0x33, 0xE9, 0xAB, 0x93, 0xE5, 0xB6, 0xB2,
    0xE7, 0x80, 0xA1, 0xE5, 0xB7, 0x82, 0xE9, 0x9D, 0x83, 0xE3, 0x84, 0x99, 0xE3, 0x84, 0xA8, 0xE3,
    0x84, 0x9F, 0x34, 0xE6, 0xAD, 0xB2, 0xE9, 0x81, 0x82, 0xE7, 0xA2, 0x8E, 0xE7, 0xA9, 0x97, 0xE9,
    0x9A, 0xA7, 0xE7, 0xA5, 0x9F, 0xE7, 0x87, 0xA7, 0xE8, 0xAA, 0xB6, 0xE7, 0x9D, 0x9F, 0xE7, 0xA9,
    0x9F, 0xE7, 0x92, 0xB2, 0xE6, 0xAA, 0x96, 0xE8, 0xA5, 0x9A, 0xE9, 0x90, 0xA9, 0xE9, 0x82, 0x83,
    0xE5, 0x9F, 0xA3, 0xE8, 0xB3, 0xA5, 0xE6, 0xAA, 0x85, 0xE7, 0xB9, 0x80, 0xE7, 0xA6, 0xAD, 0xE6,
    0x97, 0x9E, 0xE7, 0xB9, 0xB8, 0xE9, 0x90, 0x86, 0xE7, 0xA9, 0x82, 0xE3, 0x84, 0x99, 0xE3, 0x84,
    0xA8, 0xE3, 0x84, 0xA2, 0x31, 0xE9, 0x85, 0xB8, 0xE7, 0x97, 0xA0, 0xE7, 0x8B, 0xBB, 0xE3, 0x84,
    0x99, 0xE3, 0x84, 0xA8, 0xE3, 0x84, 0xA2, 0x33, 0xE5, 0x8C, 0xB4, 0xE3, 0x84, 0x99, 0xE3, 0x84,
    0xA8, 0xE3, 0x84, 0xA2, 0x34, 0xE7, 0xAE, 0x97, 0xE8, 0x92, 0x9C, 0xE7, 0xAD, 0xAD, 0xE3, 0x84,
    0x99, 0xE3, 0x84, 0xA8, 0xE3, 0x84, 0xA3, 0x31, 0xE5, 0xAD, 0xAB, 0xE9, 0xA3, 0xA7, 0xE8, 0x93,
    0x80, 0xE7, 0x8C, 0xBB, 0xE6, 0x90, 0x8E, 0xE6, 0xA7, 0x82, 0xE8, 0x96, 0x9E, 0xE8, 0x95, 0xB5,
    0xE3, 0x84, 0x99, 0xE3, 0x84, 0xA8, 0xE3, 0x84, 0xA3, 0x33, 0xE6, 0x90, 0x8D, 0xE7, 0xAD, 0x8D,
    0xE6, 0xA6, 0xAB, 0xE7, 0xB0, 0xA8, 0xE9, 0x8E, 0xA8, 0xE3, 0x84, 0x99, 0xE3, 0x84, 0xA8, 0xE3,
    0x84, 0xA3, 0x34, 0xE6, 0xBD, 0xA0, 0xE6, 0x84, 0xBB, 0xE3, 0x84, 0x99, 0xE3, 0x84, 0xA8, 0xE3,
    0x84, 0xA5, 0x31, 0xE6, 0x9D, 0xBE, 0xE9, 0xAC, 0x86, 0xE6, 0xB7, 0x9E, 0xE5, 0xB5, 0xA9, 0xE5,
    0xBF, 0xAA, 0xE8, 0x8F, 0x98, 0xE5, 0xA8, 0x80, 0xE5, 0xB4, 0xA7, 0xE6, 0xBF, 0x8D, 0xE5, 0x80,
    0xAF, 0xE7, 0xA1, 0xB9, 0xE8, 0x9C, 0x99, 0xE3, 0x84, 0x99, 0xE3, 0x84, 0xA8, 0xE3, 0x84, 0xA5,
    0x33, 0xE8, 0x81, 0xB3, 0xE6, 0x85, 0xAB, 0xE6, 0x82, 0x9A, 0xE7, 0xAB, 0xA6, 0xE5, 0x82, 0xB1,
    0xE6, 0x84, 0xAF, 0xE5, 0xB5, 0xB7, 0xE9, 0xA7, 0xB7, 0xE3, 0x84, 0x99, 0xE3, 0x84, 0xA8, 0xE3,
    0x84, 0xA5, 0x34, 0xE9, 0x80, 0x81, 0xE5, 0xAE, 0x8B, 0xE9, 0xA0, 0x8C, 0xE8, 0xA8, 0x9F, 0xE8,
    0xAA, 0xA6, 0xE3, 0x84, 0x9A, 0x31, 0xE9, 0x98, 0xBF, 0xE5, 0x95, 0x8A, 0xE3, 0x84, 0x9A, 0xE3,
    0x84, 0x9A, 0x34, 0xE9, 0x98, 0xBF, 0xE3, 0x84, 0x9A, 0x35, 0xE5, 0x95, 0x8A, 0xE9, 0x98, 0xBF,
    0xE3, 0x84, 0x9B, 0x31, 0xE5, 0x96, 0x94, 0xE3, 0x84, 0x9B, 0xE3, 0x84, 0x9B, 0x32, 0xE5, 0x93,
    0xA6, 0xE3, 0x84, 0x9C, 0x31, 0xE9, 0x98, 0xBF, 0xE5, 0xA9, 0x80, 0xE7, 0x97, 0xBE, 0xE3, 0x84,
    0x9C, 0xE5, 0xB1, 0x99, 0xE5, 0xB3, 0x89, 0xE9, 0x8C, 0x92, 0xE3, 0x84, 0x9C, 0x32, 0xE9, 0xA1,
    0x8D, 0xE8, 0xA8, 0x9B, 0xE9, 0xB5, 0x9D, 0xE5, 0xA8, 0xA5, 0xE5, 0x93, 0xA6, 0xE8, 0x9B, 0xBE,
    0xE5, 0xB3, 0xA8, 0xE8, 0x8E, 0xAA, 0xE4, 0xBF, 0x84, 0xE5, 0x9B, 0xAE, 0xE5, 0x90, 0xAA, 0xE7,
    0xA1, 0xAA, 0xE8, 0x9A, 0xB5, 0xE9, 0x8B, 0xA8, 0xE8, 0xBF, 0x97, 0xE7, 0x8F, 0xB4, 0xE6, 0xB6,
    0x90, 0xE7, 0x9A, 0x92, 0xE7, 0x9D, 0x8B, 0xE9, 0xAD, 0xA4, 0xE3, 0x84, 0x9C, 0x33, 0xE5, 0x99,
    0x81, 0xE3, 0x84, 0x9C, 0x34, 0xE6, 0x83, 0xA1, 0xE9, 0xA4, 0x93, 0xE4, 0xBF, 0x84, 0xE9, 0x84,
    0x82, 0xE5, 0x8E, 0x84, 0xE9, 0x81, 0x8F, 0xE9, 0x8D, 0x94, 0xE6, 0x89, 0xBC, 0xE9, 0xB1, 0xB7,
    0xE9, 0xA1, 0x8E, 0xE5, 0x91, 0x83, 0xE6, 0x84, 0x95, 0xE5, 0x99, 0xA9, 0xE8, 0xBB, 0x9B, 0xE9,
    0x98, 0xA8, 0xE9, 0xB6, 0x9A, 0xE5, 0xA0, 0x8A, 0xE8, 0xAB, 0xA4, 0xE8, 0x90, 0xBC, 0xE5, 0x92,
    0xA2, 0xE5, 0x95, 0x9E, 0xE5, 0xB4, 0xBF, 0xE6, 0x90, 0xA4, 0xE8, 0xA9, 0xBB, 0xE9, 0x96, 0xBC,
    0xE9, 0xA0, 0x9E, 0xE5, 0xA0, 0xA8, 0xE9, 0xBD, 0xB6, 0xE6, 0x9E, 0x99, 0xE5, 0xA0, 0xAE, 0xE5,
    0xB2, 0x8B, 0xE9, 0x91, 0xA9, 0xE6, 0xAB, 0xAE, 0xE7, 0xA0, 0x90, 0xE7, 0xA0, 0xA8, 0xE8, 0x9A,
    0x85, 0xE8, 0xB1, 0x9F, 0xE8, 0xBB, 0xB6, 0xE5, 0x9C, 0x94, 0xE6, 0x90, 0xB9, 0xE8, 0x9D, 0x81,
    0xE5, 0xB6, 0xAD, 0xE9, 0xA4, 0xA9, 0xE8, 0x98, 0x81, 0xE7, 0xA0, 0x88, 0xE3, 0x84, 0x9D, 0x31,
    0xE3, 0x84, 0x9D, 0xE3, 0x84, 0x9D, 0x34, 0xE8, 0xAA, 0x92, 0xE3, 0x84, 0x9E, 0x31, 0xE6, 0x8C,
    0xA8, 0xE5, 0x93, 0x80, 0xE5, 0x9F, 0x83, 0xE5, 0x94, 0x89, 0xE5, 0x93, 0x8E, 0xE3, 0x84, 0x9E,
    0xE8, 0xAA, 0x92, 0xE6, 0xAC, 0xB8, 0xE3, 0x84, 0x9E, 0x32, 0xE6, 0x8D, 0xB1, 0xE7, 0x9A, 0x9A,
    0xE9, 0xA8, 0x83, 0xE6, 0x95, 0xB3, 0xE7, 0x99, 0x8C, 0xE5, 0x91, 0x86, 0xE3, 0x84, 0x9E, 0x33,
    0xE7, 0x9F, 0xAE, 0xE8, 0x97, 0xB9, 0xE9, 0x9D, 0x84, 0xE6, 0xAC, 0xB8, 0xE6, 0xAF, 0x90, 0xE6,
    0x98, 0xB9, 0xE4, 0xBD, 0x81, 0xE3, 0x84, 0x9E, 0x34, 0xE6, 0x84, 0x9B, 0xE7, 0xA4, 0x99, 0xE8,
    0x89, 0xBE, 0xE6, 0x9B, 0x96, 0xE7, 0x92, 0xA6, 0xE9, 0x9A, 0x98, 0xE5, 0x99, 0xAF, 0xE4, 0xB9,
    0x82, 0xE9, 0x9D, 0x89, 0xE5, 0x83, 0xBE, 0xE5, 0xA0, 0xA8, 0xE5, 0xAC, 0xA1, 0xE9, 0x91, 0x80,
    0xE8, 0xB3, 0xB9, 0xE6, 0xBF, 0xAD, 0xE9, 0xB4, 0xB1, 0xE8, 0xAD, 0xAA, 0xE8, 0xAA, 0x92, 0xE8,
    0x96, 0x86, 0xE3, 0x84, 0x9F, 0x31, 0xE3, 0x84, 0x9F, 0xE3, 0x84, 0x9F, 0x34, 0xE6, 0xAC, 0xB8,
    0xE3, 0x84, 0xA0, 0x31, 0xE5, 0x87, 0xB9, 0xE3, 0x84, 0xA0, 0xE5, 0x9D, 0xB3, 0xE6, 0x9F, 0xAA,
    0xE3, 0x84, 0xA0, 0x32, 0xE7, 0x86, 0xAC, 0xE6, 0x95, 0x96, 0xE9, 0x81, 0xA8, 0xE7, 0xBF, 0xB1,
    0xE5, 0x97, 0xB7, 0xE8, 0x9E, 0xAF, 0xE9, 0xB0, 0xB2, 0xE9, 0xBC, 0x87, 0xE9, 0x8F, 0x96, 0xE9,
    0xA9, 0x81, 0xE5, 0xBB, 0x92, 0xE7, 0x8D, 0x92, 0xE7, 0x92, 0x88, 0xE8, 0x81, 0xB1, 0xE9, 0x8F,
    0x8A, 0xE6, 0xBB, 0xB6, 0xE7, 0xA3, 0x9D, 0xE9, 0x9A, 0x9E, 0xE6, 0x91, 0xAE, 0xE8, 0x94, 0x9C,
    0xE7, 0xB0, 0xA2, 0xE8, 0xAC, 0xB7, 0xE7, 0x88, 0x8A, 0xE3, 0x84, 0xA0, 0x33, 0xE8, 0xA5, 0x96,
    0xE5, 0xAA, 0xBC, 0xE8, 0x8A, 0xBA, 0xE9, 0x95, 0xBA, 0xE3, 0x84, 0xA0, 0x34, 0xE5, 0x82, 0xB2,
    0xE6, 0xBE, 0xB3, 0xE5, 0xA5, 0xA7, 0xE6, 0x87, 0x8A, 0xE5, 0xA2, 0xBA, 0xE5, 0xA5, 0xA1, 0xE6,
    0x89, 0xB7, 0xE6, 0x93, 0x99, 0xE6, 0x8B, 0x97, 0xE8, 0xA9, 0x8F, 0xE5, 0xB6, 0xB4, 0xE6, 0x95,
    0x96, 0xE9, 0xA9, 0x81, 0xE3, 0x84, 0xA1, 0x31, 0xE6, 0xAD, 0x90, 0xE7, 0x94, 0x8C, 0xE6, 0xAF,
    0x86, 0xE5, 0x98, 0x94, 0xE8, 0xAC, 0xB3, 0xE9, 0xB7, 0x97, 0xE3, 0x84, 0xA1, 0xE6, 0x85, 0xAA,
    0xE5, 0x8D, 0x80, 0xE7, 0x86, 0xB0, 0xE8, 0x93, 0xB2, 0xE6, 0xAB, 0x99, 0xE3, 0x84, 0xA1, 0x32,
    0xE5, 0x90, 0xBD, 0xE3, 0x84, 0xA1, 0x33, 0xE5, 0x81, 0xB6, 0xE8, 0x97, 0x95, 0xE5, 0x98, 0x94,
    0xE8, 0x80, 0xA6, 0xE5, 0x90, 0x98, 0xE6, 0xB9, 0xA1, 0xE8, 0x85, 0xA2, 0xE8, 0x95, 0x85, 0xE3,
    0x84, 0xA1, 0x34, 0xE5, 0x98, 0x94, 0xE6, 0xBC, 0x9A, 0xE5, 0x99, 0xA2, 0xE3, 0x84, 0xA2, 0x31,
    0xE5, 0xAE, 0x89, 0xE9, 0x9E, 0x8D, 0xE5, 0xBA, 0xB5, 0xE8, 0xAB, 0xB3, 0xE6, 0xB0, 0xA8, 0xE9,
    0x8A, 0xA8, 0xE8, 0x83, 0xBA, 0xE3, 0x84, 0xA2, 0xE9, 0xB5, 0xAA, 0xE5, 0xAA, 0x95, 0xE4, 0xBE,
    0x92, 0xE7, 0x9B, 0xA6, 0xE5, 0xB3, 0x96, 0xE7, 0x97, 0xB7, 0xE8, 0x85, 0xA4, 0xE8, 0x90, 0xBB,
    0xE9, 0x9F, 0xBD, 0xE5, 0x9E, 0xB5, 0xE9, 0xAE, 0x9F, 0xE3, 0x84, 0xA2, 0x32, 0xE9, 0x9B, 0xB8,
    0xE7, 0x8E, 0xB5, 0xE5, 0x95, 0xBD, 0xE3, 0x84, 0xA2, 0x33, 0xE4, 0xBF, 0xBA, 0xE5, 0x94, 0xB5,
    0xE6, 0x99, 0xBB, 0xE5, 0xA0, 0xB7, 0xE3, 0x84, 0xA2, 0x34, 0xE6, 0x9A, 0x97, 0xE6, 0xA1, 0x88,
    0xE5, 0xB2, 0xB8, 0xE6, 0x8C, 0x89, 0xE9, 0xBB, 0xAF, 0xE8, 0x8F, 0xB4, 0xE9, 0x97, 0x87, 0xE7,
    0x8A, 0xB4, 0xE8, 0xB1, 0xBB, 0xE5, 0x8C, 0xBC, 0xE6, 0xA1, 0x89, 0xE6, 0xB4, 0x9D, 0xE8, 0x8D,
    0x8C, 0xE9, 0x8C, 0x8C, 0xE5, 0x8C, 0x8E, 0xE5, 0xA9, 0xA9, 0xE5, 0x84, 0x91, 0xE3, 0x84, 0xA3,
    0x31, 0xE6, 0x81, 0xA9, 0xE5, 0x97, 0xAF, 0xE3, 0x84, 0xA3, 0xE3, 0x84, 0xA3, 0x34, 0xE6, 0x91,
    0x81, 0xE3, 0x84, 0xA3, 0x35, 0xE5, 0x97, 0xAF, 0xE3, 0x84, 0xA4, 0x31, 0xE9, 0xAA, 0xAF, 0xE8,
    0x85, 0x8C, 0xE3, 0x84, 0xA4, 0xE3, 0x84, 0xA4, 0x32, 0xE6, 0x98, 0x82, 0xE5, 0x8D, 0xAC, 0xE3,
    0x84, 0xA4, 0x33, 0xE8, 0xBB, 0xAE, 0xE3, 0x84, 0xA4, 0x34, 0xE7, 0x9B, 0x8E, 0xE9, 0x86, 0xA0,
    0xE3, 0x84, 0xA5, 0x31, 0xE9, 0x9E, 0xA5, 0xE3, 0x84, 0xA5, 0xE3, 0x84, 0xA6, 0x31, 0xE3, 0x84,
    0xA6, 0xE5, 0x85, 0x92, 0xE3, 0x84, 0xA6, 0x32, 0xE5, 0x85, 0x92, 0xE8, 0x80, 0x8C, 0xE6, 0xB4,
    0x8F, 0xE8, 0x80, 0x8F, 0xE8, 0x83, 0xB9, 0xE8, 0xBC, 0x80, 0xE4, 0xBE, 0x95, 0xE6, 0xA0, 0xAD,
    0xE9, 0x99, 0x91, 0xE9, 0xAE, 0x9E, 0xE6, 0xAA, 0xBD, 0xE8, 0x81, 0x8F, 0xE8, 0x8D, 0x8B, 0xE5,
    0x94, 0xB2, 0xE9, 0xB4, 0xAF, 0xE3, 0x84, 0xA6, 0x33, 0xE7, 0x88, 0xBE, 0xE8, 0x80, 0xB3, 0xE6,
    0xB4, 0xB1, 0xE9, 0xA4, 0x8C, 0xE9, 0x82, 0x87, 0xE7, 0x8F, 0xA5, 0xE9, 0xA7, 0xAC, 0xE8, 0x96,
    0xBE, 0xE9, 0x89, 0xBA, 0xE5, 0xB3, 0x8F, 0xE5, 0xB0, 0x92, 0xE6, 0xA0, 0xAE, 0xE3, 0x84, 0xA6,
    0x34, 0xE4, 0xBA, 0x8C, 0xE8, 0xB2, 0xB3, 0xE4, 0xBD, 0xB4, 0xE5, 0x88, 0xB5, 0xE5, 0x92, 0xA1,
    0xE6, 0xA8, 0xB2, 0xE8, 0x81, 0x8F, 0xE6, 0xAF, 0xA6, 0xE7, 0x9C, 0xB2, 0xE8, 0xA1, 0x88, 0xE5,
    0xBC, 0x8D, 0xE3, 0x84, 0xA7, 0x31, 0xE4, 0xB8, 0x80, 0xE5, 0xA3, 0xB9, 0xE8, 0xA1, 0xA3, 0xE4,
    0xBE, 0x9D, 0xE9, 0x86, 0xAB, 0xE4, 0xBC, 0x8A, 0xE6, 0x8F, 0x96, 0xE5, 0x99, 0xAB, 0xE6, 0xBC,
    0xAA, 0xE7, 0x8C, 0x97, 0xE5, 0x92, 0xBF, 0xE3, 0x84, 0xA7, 0xE7, 0xA6, 0x95, 0xE7, 0xB9, 0x84,
    0xE9, 0xBB, 0x9F, 0xE6, 0x9B, 0x80, 0xE9, 0x8A, 0xA5, 0xE6, 0xB3, 0x86, 0xE9, 0xB7, 0x96, 0xE6,
    0xAC, 0xB9, 0xE9, 0x83, 0xBC, 0xE5, 0x9C, 0xAA, 0xE6, 0xBA, 0xB0, 0xE7, 0xA8, 0xA6, 0xE7, 0x87,
    0x9A, 0xE6, 0xB4, 0xA2, 0xE9, 0x99, 0xAD, 0xE8, 0x9B, 0x9C, 0xE5, 0xAB, 0x9B, 0xE7, 0x91, 0xBF,
    0xE6, 0xAA, 0xB9, 0xE6, 0xAF, 0x89, 0xE9, 0xBB, 0xB3, 0xE5, 0xB6, 0xAC, 0xE5, 0xBC, 0x8C, 0xE3,
    0x84, 0xA7, 0x32, 0xE9, 0x81, 0xBA, 0xE7, 0x96, 0x91, 0xE7, 0xA7, 0xBB, 0xE5, 0xAE, 0x9C, 0xE6,
    0x80, 0xA1, 0xE5, 0xA7, 0xA8, 0xE5, 0x84, 0x80, 0xE5, 0xA4, 0xB7, 0xE4, 0xB8, 0x80, 0xE8, 0xAA,
    0xBC, 0xE8, 0x83, 0xB0, 0xE8, 0xB2, 0xBD, 0xE9, 0xA3, 0xB4, 0xE5, 0x92, 0xA6, 0xE8, 0xA9, 0x92,
    0xE6, 0xB2, 0x82, 0xE9, 0xA0, 0xA4, 0xE5, 0xBD, 0x9E, 0xE8, 0xBF, 0xA4, 0xE6, 0xA4, 0xB8, 0xE7,
    0x97, 0x8D, 0xE8, 0x9B, 0x87, 0xE5, 0x9C, 0xAF, 0xE5, 0xB6, 0xB7, 0xE6, 0xA1, 0x8B, 0xE5, 0x8C,
    0x9C, 0xE5, 0xAE, 0xA7, 0xE6, 0xB4, 0x9F, 0xE7, 0xB0, 0x83, 0xE8, 0xA8, 0x91, 0xE8, 0xB2, 0xA4,
    0xE8, 0xBF, 0xBB, 0xE6, 0x9D, 0x9D, 0xE6, 0x9F, 0x82, 0xE8, 0xA2, 0xB2, 0xE9, 0x85, 0x8F, 0xE5,
    0xB3, 0x93, 0xE7, 0x9C, 0xB1, 0xE7, 0xBE, 0xA0, 0xE9, 0x88, 0xB6, 0xE5, 0xAF, 0xB2, 0xE4, 0xBE,
    0x87, 0xE7, 0x8F, 0x86, 0xE8, 0xA1, 0xAA, 0xE9, 0x8A, 0x95, 0xE5, 0x91, 0xB2, 0xE6, 0x81, 0x9E,
    0xE8, 0x90, 0x93, 0xE6, 0xB2, 0xB6, 0xE6, 0xA0, 0x98, 0xE7, 0x93, 0xB5, 0xE8, 0xA2, 0x98, 0xE7,
    0xBE, 0xA1, 0xE8, 0x9B, 0xA6, 0xE6, 0x9A, 0x86, 0xE8, 0xB7, 0xA0, 0xE6, 0xAD, 0x8B, 0xE7, 0x86,
    0xAA, 0xE7, 0xAE, 0xB7, 0xE8, 0x9E, 0x94, 0xE9, 0xA1, 0x8A, 0xE8, 0xAC, 0xBB, 0xE8, 0xA7, 0xBA,
    0xE9, 0xB8, 0x83, 0xE3, 0x84, 0xA7, 0x33, 0xE4, 0xBB, 0xA5, 0xE5, 0xB7, 0xB2, 0xE4, 0xB9, 0x99,
    0xE5, 0x80, 0x9A, 0xE6, 0xA4, 0x85, 0xE7, 0x9F, 0xA3, 0xE8, 0x9F, 0xBB, 0xE5, 0xB0, 0xBE, 0xE8,
    0x89, 0xA4, 0xE8, 0xBF, 0xA4, 0xE8, 0x8B, 0xA1, 0xE5, 0x81, 0xAF, 0xE6, 0x89, 0x86, 0xE6, 0x97,
    0x96, 0xE8, 0x9E, 0x98, 0xE6, 0x89, 0xA1, 0xE9, 0x85, 0x8F, 0xE9, 0xB3, 0xA6, 0xE9, 0x87, 0x94,
    0xE9, 0xBD, 0xAE, 0xE9, 0xA1, 0x97, 0xE6, 0xAA, 0xA5, 0xE9, 0x89, 0xAF, 0xE8, 0xBF, 0x86, 0xE8,
    0x83, 0xA3, 0xE7, 0xA4, 0x92, 0xE6, 0x8E, 0x9C, 0xE9, 0x99, 0xAD, 0xE5, 0xB4, 0xBA, 0xE6, 0x99,
    0xB2, 0xE8, 0xBD, 0x99, 0xE3, 0x84, 0xA7, 0x34, 0xE6, 0x84, 0x8F, 0xE7, 0xBE, 0xA9, 0xE6, 0x98,
    0x93, 0xE8, 0xAD, 0xB0, 0xE4, 0xBA, 0xA6, 0xE7, 0x9B, 0x8A, 0xE7, 0x95, 0xB0, 0xE8, 0x97, 0x9D,
    0xE5, 0x84, 0x84, 0xE6, 0x86, 0xB6, 0xE8, 0xAD, 0xAF, 0xE6, 0xB6, 0xB2, 0xE5, 0xBD, 0xB9, 0xE7,
    0xBF, 0xBC, 0xE7, 0x96, 0xAB, 0xE6, 0xAF, 0x85, 0xE9, 0x80, 0xB8, 0xE9, 0x82, 0x91, 0xE6, 0x8A,
    0x91, 0xE8, 0x82, 0x84, 0xE4, 0xB8, 0x80, 0xE8, 0xAA, 0xBC, 0xE7, 0xB9, 0xB9, 0xE6, 0xBA, 0xA2,
    0xE7, 0xB8, 0x8A, 0xE8, 0xBB, 0xBC, 0xE8, 0xA9, 0xA3, 0xE5, 0xB1, 0xB9, 0xE4, 0xBD, 0x9A, 0xE7,
    0xBF, 0x8C, 0xE7, 0xBE, 0xBF, 0xE9, 0xA9, 0x9B, 0xE6, 0x8E, 0x96, 0xE6, 0x87, 0xBF, 0xE8, 0xA3,
    0x94, 0xE8, 0x87, 0x86, 0xE6, 0x9B, 0xB3, 0xE5, 0xA5, 0x95, 0xE8, 0x9C, 0xB4, 0xE8, 0x85, 0x8B,
    0xE8, 0xA1, 0xA3, 0xE5, 0x88, 0x88, 0xE7, 0xBF, 0xB3, 0xE6, 0x8C, 0xB9, 0xE9, 0x8E, 0xB0, 0xE5,
    0x9B, 0x88, 0xE5, 0xBC, 0x88, 0xE4, 0xBD, 0xBE, 0xE4, 0xB9, 0x82, 0xE5, 0xBC, 0x8B, 0xE8, 0x89,
    0xBE, 0xE6, 0x87, 0x8C, 0xE5, 0x8A, 0x93, 0xE5, 0x9C, 0x9B, 0xE6, 0x96, 0x81, 0xE8, 0x96, 0x8F,
    0xE6, 0x82, 0x92, 0xE7, 0x98, 0x9E, 0xE4, 0xBB, 0xA1, 0xE5, 0x8B, 0xA9, 0xE5, 0x9F, 0xB8, 0xE5,
    0xB6, 0xA7, 0xE5, 0xB8, 0x9F, 0xE6, 0x9B, 0x80, 0xE6, 0x9D, 0x99, 0xE6, 0x9E, 0xBB, 0xE6, 0xAE,
    0xAA, 0xE6, 0xB5, 0xA5, 0xE7, 0x86, 0xA0, 0xE8, 0x89, 0x97, 0xE8, 0xA5, 0xBC, 0xE9, 0xA5, 0x90,
    0xE9, 0xBB, 0x93, 0xE4, 0xBA, 0x84, 0xE5, 0x94, 0x88, 0xE7, 0x87, 0xA1, 0xE8, 0x97, 0x99, 0xE8,
    0xB1, 0xB7, 0xE5, 0xAF, 0xB1, 0xE9, 0x98, 0xA3, 0xE7, 0x86, 0xA4, 0xE5, 0x8A, 0xAE, 0xE6, 0xAA,
    0x8D, 0xE5, 0x97, 0x8C, 0xE5, 0xBB, 0x99, 0xE9, 0x90, 0xBF, 0xE9, 0x9E, 0xA5, 0xE9, 0x86, 0xB3,
    0xE9, 0x86, 0xB7, 0xE7, 0xBF, 0x8A, 0xE8, 0x82, 0x8A, 0xE5, 0xBC, 0x82, 0xE6, 0x9E, 0x8D, 0xE4,
    0xBC, 0xBF, 0xE6, 0xB5, 0x82, 0xE6, 0xBE, 0xBA, 0xE8, 0x8A, 0x85, 0xE7, 0x86, 0xBC, 0xE7, 0x8E,
    0xB4, 0xE6, 0x8A, 0xB4, 0xE8, 0x98, 0x99, 0xE4, 0xBF, 0x8B, 0xE7, 0x84, 0xB2, 0xE7, 0x87, 0xB1,
    0xE6, 0x99, 0xB9, 0xE5, 0x9E, 0xBC, 0xE9, 0x87, 0xB4, 0xE6, 0x8D, 0x99, 0xE6, 0xAC, 0xAD, 0xE5,
    0x9F, 0xB6, 0xE7, 0xBE, 0x9B, 0xE9, 0x9A, 0xBF, 0xE6, 0xAE, 0x94, 0xE8, 0xB7, 0x87, 0xE8, 0xA3,
    0x9B, 0xE5, 0xAB, 0x95, 0xE7, 0xB7, 0x86, 0xE8, 0x86, 0x89, 0xE9, 0x9D, 0xBE, 0xE6, 0xA7, 0xB7,
    0xE6, 0xBD, 0xA9, 0xE8, 0x93, 0xBA, 0xE5, 0xA2, 0xBF, 0xE7, 0x98, 0xB1, 0xE8, 0xAC, 0x9A, 0xE7,
    0xB9, 0xB6, 0xE7, 0x80, 0xB7, 0xE5, 0xB8, 0xA0, 0xE6, 0xA7, 0xB8, 0xE9, 0x9C, 0xAC, 0xE9, 0xB7,
    0xBE, 0xE9, 0xBD, 0xB8, 0xE3, 0x84, 0xA7, 0x35, 0xE6, 0x84, 0x8F, 0xE3, 0x84, 0xA7, 0xE3, 0x84,
    0x9A, 0x31, 0xE5, 0x91, 0x80, 0xE5, 0xA3, 0x93, 0xE9, 0xB4, 0x89, 0xE9, 0xB4, 0xA8, 0xE6, 0x8A,
    0xBC, 0xE4, 0xB8, 0xAB, 0xE6, 0xA4, 0x8F, 0xE7, 0x85, 0x86, 0xE5, 0xAD, 0xB2, 0xE3, 0x84, 0xA7,
    0xE3, 0x84, 0x9A, 0x32, 0xE7, 0x89, 0x99, 0xE8, 0x8A, 0xBD, 0xE6, 0xB6, 0xAF, 0xE8, 0xA1, 0x99,
    0xE8, 0x9A, 0x9C, 0xE6, 0x8A, 0xBC, 0xE6, 0x9E, 0x92, 0xE7, 0x8A, 0xBD, 0xE9, 0xBD, 0x96, 0xE4,
    0xBC, 0xA2, 0xE5, 0xA0, 0x90, 0xE3, 0x84, 0xA7, 0xE3, 0x84, 0x9A, 0x33, 0xE4, 0xBA, 0x9E, 0xE5,
    0x95, 0x9E, 0xE9, 0x9B, 0x85, 0xE6, 0x8E, 0x97, 0xE5, 0x8E, 0x8A, 0xE5, 0xBA, 0x8C, 0xE8, 0x95,
    0xA5, 0xE9, 0x9B, 0x83, 0xE7, 0x96, 0x8B, 0xE3, 0x84, 0xA7, 0xE3, 0x84, 0x9A, 0x34, 0xE4, 0xBA,
    0x9E, 0xE8, 0xA8, 0x9D, 0xE8, 0xBF, 0x93, 0xE7, 0xA0, 0x91, 0xE6, 0xB0, 0xAC, 0xE5, 0xA9, 0xAD,
    0xE6, 0x8F, 0xA0, 0xE9, 0x8C, 0x8F, 0xE8, 0x81, 0x90, 0xE8, 0xBB, 0x8B, 0xE5, 0x9C, 0xA0, 0xE8,
    0xA5, 0xBE, 0xE7, 0x8E, 0xA1, 0xE7, 0x8C, 0xB0, 0xE7, 0xAA, 0xAB, 0xE9, 0xBD, 0xBE, 0xE3, 0x84,
    0xA7, 0xE3, 0x84, 0x9A, 0x35, 0xE5, 0x91, 0x80, 0xE3, 0x84, 0xA7, 0xE3, 0x84, 0x9B, 0x31, 0xE5,
    0x94, 0xB7, 0xE3, 0x84, 0xA7, 0xE3, 0x84, 0x9D, 0x31, 0xE8, 0x80, 0xB6, 0xE5, 0x99, 0x8E, 0xE8,
    0xA0, 0xAE, 0xE3, 0x84, 0xA7, 0xE3, 0x84, 0x9D, 0x32, 0xE7, 0x88, 0xBA, 0xE8, 0x80, 0xB6, 0xE6,
    0xA4, 0xB0, 0xE7, 0x90, 0x8A, 0xE6, 0x8F, 0xB6, 0xE6, 0x93, 0xA8, 0xE3, 0x84, 0xA7, 0xE3, 0x84,
    0x9D, 0x33, 0xE4, 0xB9, 0x9F, 0xE9, 0x87, 0x8E, 0xE5, 0x86, 0xB6, 0xE5, 0x9F, 0x9C, 0xE6, 0xBC,
    0x9C, 0xE3, 0x84, 0xA7, 0xE3, 0x84, 0x9D, 0x34, 0xE6, 0xA5, 0xAD, 0xE8, 0x91, 0x89, 0xE9, 0xA0,
    0x81, 0xE5, 0xA4, 0x9C, 0xE5, 0x92, 0xBD, 0xE8, 0xAC, 0x81, 0xE6, 0x8B, 0xBD, 0xE9, 0x9D, 0xA8,
    0xE9, 0x84, 0xB4, 0xE7, 0x87, 0x81, 0xE7, 0x9E, 0xB1, 0xE6, 0x93, 0xAB, 0xE5, 0xB0, 0x84, 0xE6,
    0x9B, 0x84, 0xE9, 0xA5, 0x81, 0xE7, 0x85, 0xA0, 0xE9, 0x8D, 0xB1, 0xE9, 0x90, 0xB7, 0xE6, 0xBE,
    0xB2, 0xE9, 0x8E, 0x91, 0xE5, 0x81, 0x9E, 0xE6, 0xAE, 0x97, 0xE5, 0xB6, 0xAA, 0xE6, 0x93, 0x9B,
    0xE6, 0xB6, 0xB2, 0xE8, 0x85, 0x8B, 0xE3, 0x84, 0xA7, 0xE3, 0x84, 0x9E, 0x32, 0xE5, 0xB4, 0x96,
    0xE7, 0x9D, 0x9A, 0xE5, 0x95, 0x80, 0xE5, 0xA8, 0xBE, 0xE3, 0x84, 0xA7, 0xE3, 0x84, 0xA0, 0x31,
    0xE8, 0xA6, 0x81, 0xE8, 0x85, 0xB0, 0xE5, 0xA4, 0xAD, 0xE5, 0xA6, 0x96, 0xE9, 0x82, 0x80, 0xE4,
    0xB9, 0x88, 0xE5, 0x90, 0x86, 0xE5, 0x96, 0xB2, 0xE5, 0x96, 0x93, 0xE7, 0xA5, 0x85, 0xE8, 0x91,
    0xBD, 0xE8, 0xA8, 0x9E, 0xE3, 0x84, 0xA7, 0xE3, 0x84, 0xA0, 0x32, 0xE6, 0x90, 0x96, 0xE8, 0xAC,
    0xA0, 0xE5, 0xA0, 0xAF, 0xE9, 0x81, 0x99, 0xE5, 0xA7, 0x9A, 0xE6, 0xB4, 0xAE, 0xE7, 0x91, 0xA4,
    0xE5, 0x83, 0xA5, 0xE6, 0xB7, 0x86, 0xE9, 0xA4, 0x9A, 0xE9, 0xA2, 0xBB, 0xE5, 0x82, 0x9C, 0xE7,
    0xB9, 0x87, 0xE5, 0xB6, 0xA2, 0xE5, 0xBE, 0xAD, 0xE6, 0xAE, 0xBD, 0xE7, 0x8C, 0xBA, 0xE8, 0xBB,
    0xBA, 0xE7, 0x88, 0xBB, 0xE5, 0x9E, 0x9A, 0xE5, 0xB4, 0xA4, 0xE9, 0x8A, 0x9A, 0xE7, 0x8F, 0xA7,
    0xE6, 0x9F, 0xBC, 0xE7, 0x8C, 0x87, 0xE9, 0xB0, 0xA9, 0xE8, 0x82, 0xB4, 0xE5, 0xAA, 0xB1, 0xE7,
    0x83, 0x91, 0xE7, 0xAA, 0xAF, 0xE5, 0x97, 0x82, 0xE6, 0x84, 0xAE, 0xE6, 0xA6, 0xA3, 0xE9, 0xA1,
    0xA4, 0xE3, 0x84, 0xA7, 0xE3, 0x84, 0xA0, 0x33, 0xE5, 0x92, 0xAC, 0xE7, 0xAA, 0x88, 0xE8, 0x88,
    0x80, 0xE5, 0xA4, 0xAD, 0xE6, 0xAE, 0x80, 0xE6, 0x9D, 0xB3, 0xE7, 0xAA, 0x85, 0xE7, 0xAA, 0x94,
    0xE9, 0xB7, 0x95, 0xE5, 0xAE, 0x8E, 0xE6, 0x8A, 0xAD, 0xE8, 0x8B, 0xAD, 0xE7, 0x9C, 0x91, 0xE5,
    0x81, 0xA0, 0xE6, 0xBA, 0x94, 0xE6, 0xA6, 0x9A, 0xE9, 0xA8, 0x95, 0xE5, 0xB2, 0x86, 0xE5, 0xAB,
    0x8D, 0xE8, 0x93, 0x94, 0xE3, 0x84, 0xA7, 0xE3, 0x84, 0xA0, 0x34, 0xE8, 0xA6, 0x81, 0xE8, 0x97,
    0xA5, 0xE8, 0x80, 0x80, 0xE6, 0x9B, 0x9C, 0xE9, 0x91, 0xB0, 0xE6, 0xA8, 0x82, 0xE9, 0xB7, 0x82,
    0xE6, 0x8B, 0x97, 0xE7, 0x87, 0xBF, 0xE8, 0xA2, 0x8E, 0xE9, 0x9D, 0xBF, 0xE8, 0x89, 0x9E, 0xE8,
    0xA6, 0x9E, 0xE7, 0xA9, 0xBE, 0xE7, 0xAD, 0x84, 0xE8, 0x91, 0xAF, 0xE7, 0x8D, 0x9F, 0xE8, 0xB6,
    0xAD, 0xE3, 0x84, 0xA7, 0xE3, 0x84, 0xA1, 0x31, 0xE5, 0x84, 0xAA, 0xE6, 0x86, 0x82, 0xE5, 0xB9,
    0xBD, 0xE6, 0x82, 0xA0, 0xE5, 0x91, 0xA6, 0xE6, 0x94, 0xB8, 0xE8, 0x80, 0xB0, 0xE9, 0xBA, 0x80,
    0xE6, 0xAB, 0x8C, 0xE9, 0x84, 0xBE, 0xE6, 0x87, 0xAE, 0xE6, 0x80, 0xAE, 0xE5, 0x9A, 0x98, 0xE7,
    0x80, 0x80, 0xE7, 0xBA, 0x8B, 0xE8, 0x9A, 0xB4, 0xE3, 0x84, 0xA7, 0xE3, 0x84, 0xA1, 0x32, 0xE7,
    0x94, 0xB1, 0xE6, 0xB8, 0xB8, 0xE9, 0x81, 0x8A, 0xE5, 0xB0, 0xA4, 0xE6, 0xB2, 0xB9, 0xE9, 0x83,
    0xB5, 0xE7, 0x8C, 0xB6, 0xE7, 0x8C, 0xB7, 0xE9, 0x88, 0xBE, 0xE8, 0xBC, 0xB6, 0xE7, 0x96, 0xA3,
    0xE8, 0x9A, 0xB0, 0xE8, 0x95, 0x95, 0xE6, 0x96, 0xBF, 0xE8, 0x9D, 0xA3, 0xE8, 0xA8, 0xA7, 0xE9,
    0x80, 0x8C, 0xE6, 0xA5, 0xA2, 0xE9, 0xAD, 0xB7, 0xE4, 0xBC, 0x98, 0xE6, 0xB2, 0x8B, 0xE6, 0xB5,
    0x9F, 0xE5, 0x81, 0xA4, 0xE7, 0xA7, 0x9E, 0xE8, 0x8E, 0xA4, 0xE3, 0x84, 0xA7, 0xE3, 0x84, 0xA1,
    0x33, 0xE6, 0x9C, 0x89, 0xE5, 0x8F, 0x8B, 0xE9, 0x85, 0x89, 0xE8, 0x8E, 0xA0, 0xE7, 0x89, 0x96,
    0xE9, 0xBB, 0x9D, 0xE7, 0xBE, 0x91, 0xE6, 0xB3, 0x91, 0xE9, 0x8A, 0xAA, 0xE5, 0xB2, 0xB0, 0xE5,
    0xBA, 0xAE, 0xE8, 0x92, 0x8F, 0xE8, 0x8B, 0x83, 0xE8, 0x81, 0x88, 0xE6, 0xA7, 0xB1, 0xE3, 0x84,
    0xA7, 0xE3, 0x84, 0xA1, 0x34, 0xE5, 0x8F, 0x88, 0xE5, 0x8F, 0xB3, 0xE5, 0xB9, 0xBC, 0xE8, 0xAA,
    0x98, 0xE4, 0xBD, 0x91, 0xE6, 0x9F, 0x9A, 0xE9, 0x87, 0x89, 0xE7, 0xA5, 0x90, 0xE6, 0x9C, 0x89,
    0xE8, 0x8E, 0xA0, 0xE5, 0xAE, 0xA5, 0xE4, 0xBE, 0x91, 0xE5, 0x9B, 0xBF, 0xE9, 0xBC, 0xAC, 0xE5,
    0x8D, 0xA3, 0xE5, 0xA7, 0xB7, 0xE7, 0x8B, 0x96, 0xE5, 0xB3, 0x9F, 0xE8, 0xB2, 0x81, 0xE9, 0xB4,
    0xA2, 0xE6, 0x89, 0xB0, 0xE7, 0x89, 0xB0, 0xE8, 0xBF, 0xB6, 0xE9, 0x88, 0xBE, 0xE3, 0x84, 0xA7,
    0xE3, 0x84, 0xA2, 0x31, 0xE7, 0x85, 0x99, 0xE7, 0x84, 0x89, 0xE6, 0xB7, 0xB9, 0xE6, 0xAE, 0xB7,
    0xE9, 0x86, 0x83, 0xE5, 0x92, 0xBD, 0xE8, 0x83, 0xAD, 0xE5, 0xA5, 0x84, 0xE6, 0xB9, 0xAE, 0xE8,
    0x8F, 0xB8, 0xE5, 0xAB, 0xA3, 0xE7, 0x87, 0x95, 0xE8, 0x94, 0xAB, 0xE9, 0x96, 0xB9, 0xE5, 0x8E,
    0xAD, 0xE5, 0xB4, 0xA6, 0xE8, 0x87, 0x99, 0xE9, 0x84, 0xA2, 0xE6, 0xBC, 0xB9, 0xE7, 0x8C, 0x92,
    0xE7, 0x8F, 0x9A, 0xE5, 0x81, 0xA3, 0xE5, 0xAC, 0xAE, 0xE9, 0x85, 0x80, 0xE8, 0x85, 0x8C, 0xE7,
    0x83, 0x9F, 0xE3, 0x84, 0xA7, 0xE3, 0x84, 0xA2, 0x32, 0xE7, 0xA0, 0x94, 0xE8, 0xA8, 0x80, 0xE9,
    0xA1, 0x8F, 0xE5, 0x9A, 0xB4, 0xE5, 0xBB, 0xB6, 0xE6, 0xB2, 0xBF, 0xE7, 0x82, 0x8E, 0xE7, 0x99,
    0x8C, 0xE9, 0xB9, 0xBD, 0xE5, 0xB2, 0xA9, 0xE7, 0xAD, 0xB5, 0xE7, 0xB0, 0xB7, 0xE9, 0x96, 0xBB,
    0xE5, 0xA6, 0x8D, 0xE8, 0x9C, 0x92, 0xE6, 0xAA, 0x90, 0xE5, 0x9F, 0x8F, 0xE5, 0x96, 0xA6, 0xE6,
    0x8F, 0x85, 0xE7, 0xA2, 0x9E, 0xE7, 0xB6, 0x96, 0xE9, 0x83, 0x94, 0xE5, 0xB7, 0x96, 0xE5, 0xAD,
    0x8D, 0xE6, 0xA5, 0x8C, 0xE7, 0xA4, 0xB9, 0xE9, 0x96, 0xB0, 0xE5, 0xA8, 0xAE, 0xE9, 0x88, 0x86,
    0xE7, 0x8B, 0xBF, 0xE8, 0x99, 0xA4, 0xE9, 0xA1, 0x83, 0xE5, 0xA3, 0x9B, 0xE9, 0xBA, 0x99, 0xE5,
    0xA3, 0xA7, 0xE8, 0x8E, 0x9A, 0xE5, 0xB5, 0x92, 0xE3, 0x84, 0xA7, 0xE3, 0x84, 0xA2, 0x33, 0xE7,
    0x9C, 0xBC, 0xE6, 0xBC, 0x94, 0xE6, 0x8E, 0xA9, 0xE8, 0xA1, 0x8D, 0xE9, 0x83, 0xBE, 0xE5, 0x81,
    0x83, 0xE5, 0x85, 0x97, 0xE7, 0x94, 0x97, 0xE5, 0x84, 0xBC, 0xE9, 0xAD, 0x98, 0xE5, 0x89, 0xA1,
    0xE5, 0xBC, 0x87, 0xE7, 0xBD, 0xA8, 0xE6, 0xB2, 0x87, 0xE5, 0xB7, 0x98, 0xE6, 0x89, 0x8A, 0xE6,
    0x8F, 0x9C, 0xE6, 0xB8, 0xB0, 0xE8, 0x9D, 0x98, 0xE9, 0xBB, 0xB6, 0xE5, 0xA7, 0xB6, 0xE6, 0x88,
    0xAD, 0xE6, 0xA3, 0xAA, 0xE5, 0xAC, 0xBF, 0xE9, 0xB0, 0x8B, 0xE9, 0xBC, 0xB4, 0xE7, 0x90, 0xB0,
    0xE5, 0x8C, 0xBD, 0xE5, 0x8E, 0xB4, 0xE6, 0xA4, 0xBC, 0xE6, 0x8A, 0x81, 0xE9, 0xBE, 0x91, 0xE9,
    0x85, 0x93, 0xE5, 0xB5, 0x83, 0xE6, 0x84, 0x9D, 0xE8, 0x90, 0x92, 0xE9, 0x9A, 0x92, 0xE8, 0xA3,
    0xBA, 0xE8, 0xA4, 0x97, 0xE9, 0xB6, 0xA0, 0xE9, 0xBB, 0xA4, 0xE6, 0x9B, 0xAE, 0xE6, 0x83, 0x94,
    0xE8, 0xBA, 0xBD, 0xE9, 0xA6, 0xA3, 0xE9, 0xBB, 0xAD, 0xE3, 0x84, 0xA7, 0xE3, 0x84, 0xA2, 0x34,
    0xE9, 0xA9, 0x97, 0xE7, 0x87, 0x95, 0xE5, 0x8E, 0xAD, 0xE6, 0x99, 0x8F, 0xE9, 0x9B, 0x81, 0xE5,
    0xAE, 0xB4, 0xE6, 0xB7, 0xB9, 0xE8, 0xB1, 0x94, 0xE7, 0x87, 0x84, 0xE5, 0xBD, 0xA5, 0xE5, 0xA0,
    0xB0, 0xE7, 0xA1, 0xAF, 0xE5, 0x92, 0xBD, 0xE5, 0x9A, 0xA5, 0xE5, 0x94, 0x81, 0xE9, 0xA5, 0x9C,
    0xE7, 0xA0, 0x94, 0xE8, 0xAE, 0x8C, 0xE8, 0xAB, 0xBA, 0xE6, 0xB2, 0xBF, 0xE8, 0xAE, 0x9E, 0xE7,
    0x84, 0xB1, 0xE9, 0x87, 0x85, 0xE8, 0xB4, 0x97, 0xE5, 0x96, 0xAD, 0xE7, 0x81, 0xA9, 0xE7, 0x88,
    0x93, 0xE9, 0x96, 0x86, 0xE9, 0xB7, 0x83, 0xE5, 0xAC, 0xBF, 0xE9, 0xB4, 0xB3, 0xE9, 0x86, 0xBC,
    0xE7, 0x84, 0xB0, 0xE7, 0x89, 0xAA, 0xE5, 0xA7, 0xB2, 0xE9, 0xB7, 0xB0, 0xE6, 0xA4, 0xBB, 0xE6,
    0x9B, 0xA3, 0xE6, 0x87, 0xA8, 0xE5, 0xA9, 0xA9, 0xE5, 0x82, 0xBF, 0xE9, 0xB4, 0x88, 0xE5, 0x99,
    0x9E, 0xE9, 0xA8, 0xB4, 0xE8, 0xA7, 0xBE, 0xE8, 0x89, 0xB7, 0xE9, 0xA9, 0xA0, 0xE8, 0x8E, 0x9A,
    0xE6, 0x95, 0xA5, 0xE3, 0x84, 0xA7, 0xE3, 0x84, 0xA3, 0x31, 0xE5, 0x9B, 0xA0, 0xE9, 0x9F, 0xB3,
    0xE9, 0x99, 0xB0, 0xE5, 0xA7, 0xBB, 0xE6, 0xAE, 0xB7, 0xE8, 0x8C, 0xB5, 0xE6, 0x85, 0x87, 0xE6,
    0xB0, 0xA4, 0xE7, 0x98, 0x96, 0xE5, 0x96, 0x91, 0xE5, 0xA0, 0x99, 0xE6, 0xB9, 0xAE, 0xE6, 0x84,
    0x94, 0xE7, 0xA6, 0x8B, 0xE7, 0xB5, 0xAA, 0xE8, 0xA3, 0x80, 0xE9, 0x97, 0x89, 0xE9, 0xA7, 0xB0,
    0xE9, 0x8A, 0xA6, 0xE8, 0x92, 0x91, 0xE8, 0xAB, 0xB2, 0xE5, 0x9E, 0x94, 0xE9, 0x9F, 0xBE, 0xE6,
    0xB4, 0x87, 0xE5, 0x87, 0x90, 0xE6, 0xAD, 0x85, 0xE5, 0x99, 0xBE, 0xE9, 0x9C, 0xA0, 0xE9, 0x9F,
    0xBD, 0xE9, 0xBB, 0xAB, 0xE6, 0x91, 0xBF, 0xE3, 0x84, 0xA7, 0xE3, 0x84, 0xA3, 0x32, 0xE9, 0x8A,
    0x80, 0xE5, 0x90, 0x9F, 0xE5, 0xAF, 0x85, 0xE6, 0xB7, 0xAB, 0xE9, 0x84, 0x9E, 0xE9, 0xBD, 0xA6,
    0xE6, 0xAA, 0x90, 0xE9, 0x9C, 0xAA, 0xE5, 0x9E, 0xA0, 0xE5, 0xA4, 0xA4, 0xE7, 0x8B, 0xBA, 0xE5,
    0x9A, 0x9A, 0xE5, 0xB4, 0x9F, 0xE8, 0xAA, 0xBE, 0xE8, 0x9F, 0xAB, 0xE5, 0xA9, 0xAC, 0xE5, 0x86,
    0x98, 0xE8, 0x8B, 0x82, 0xE9, 0x87, 0xBF, 0xE5, 0x9C, 0x81, 0xE7, 0x83, 0x8E, 0xE5, 0x87, 0x90,
    0xE8, 0x8D, 0xB6, 0xE6, 0xAE, 0xA5, 0xE8, 0x94, 0xA9, 0xE6, 0xAA, 0xAD, 0xE9, 0xB7, 0xA3, 0xE9,
    0x8F, 0x94, 0xE3, 0x84, 0xA7, 0xE3, 0x84, 0xA3, 0x33, 0xE5, 0xBC, 0x95, 0xE9, 0xA3, 0xB2, 0xE9,
    0x9A, 0xB1, 0xE5, 0xB0, 0xB9, 0xE7, 0x99, 0xAE, 0xE8, 0x9A, 0x93, 0xE5, 0x90, 0xAC, 0xE9, 0x9D,
    0xB7, 0xE7, 0xB4, 0x96, 0xE7, 0xB8, 0xAF, 0xE8, 0xAE, 0x94, 0xE8, 0xB6, 0x9B, 0xE8, 0x9E, 0xBE,
    0xE9, 0xA6, 0xBB, 0xE9, 0x88, 0x8F, 0xE6, 0xAA, 0x83, 0xE6, 0xBF, 0xA6, 0xE8, 0x98, 0x9F, 0xE7,
    0xB2, 0x8C, 0xE3, 0x84, 0xA7, 0xE3, 0x84, 0xA3, 0x34, 0xE5, 0x8D, 0xB0, 0xE9, 0xA3, 0xB2, 0xE9,
    0x9A, 0xB1, 0xE8, 0x94, 0xAD, 0xE8, 0x83, 0xA4, 0xE5, 0xBB, 0x95, 0xE7, 0xAA, 0xA8, 0xE6, 0x86,
    0x96, 0xE6, 0xB9, 0x9A, 0xE5, 0x9E, 0xBD, 0xE7, 0x8C, 0x8C, 0xE6, 0x9C, 0x84, 0xE9, 0x85, 0xB3,
    0xE3, 0x84, 0xA7, 0xE3, 0x84, 0xA4, 0x31, 0xE5, 0xA4, 0xAE, 0xE7, 0xA7, 0xA7, 0xE6, 0xAE, 0x83,
    0xE9, 0xB4, 0xA6, 0xE9, 0x9E, 0x85, 0xE6, 0xB3, 0xB1, 0xE5, 0x9D, 0xB1, 0xE8, 0x83, 0xA6, 0xE6,
    0x9F, 0x8D, 0xE4, 0xBD, 0x92, 0xE5, 0xA7, 0x8E, 0xE7, 0xB4, 0xBB, 0xE9, 0x89, 0xA0, 0xE9, 0x9B,
    0xB5, 0xE3, 0x84, 0xA7, 0xE3, 0x84, 0xA4, 0x32, 0xE6, 0xA5, 0x8A, 0xE9, 0x99, 0xBD, 0xE6, 0x8F,
    0x9A, 0xE6, 0xB4, 0x8B, 0xE7, 0xBE, 0x8A, 0xE4, 0xBD, 0xAF, 0xE7, 0x83, 0x8A, 0xE7, 0x98, 0x8D,
    0xE9, 0x8D, 0x9A, 0xE5, 0xBE, 0x89, 0xE9, 0xA2, 0xBA, 0xE6, 0x9A, 0x98, 0xE7, 0x85, 0xAC, 0xE5,
    0x9E, 0x9F, 0xE6, 0x98, 0x9C, 0xE7, 0xA6, 0x93, 0xE8, 0x9B, 0x98, 0xE7, 0x91, 0x92, 0xE7, 0x8F,
    0x9C, 0xE9, 0x90, 0x8A, 0xE5, 0xB4, 0xB5, 0xE9, 0xB8, 0x89, 0xE7, 0x9C, 0xBB, 0xE5, 0xA9, 0xB8,
    0xE3, 0x84, 0xA7, 0xE3, 0x84, 0xA4, 0x33, 0xE9, 0xA4, 0x8A, 0xE4, 0xBB, 0xB0, 0xE6, 0xB0, 0xA7,
    0xE7, 0x99, 0xA2, 0xE9, 0x9E, 0x85, 0xE5, 0x8D, 0xAC, 0xE6, 0x94, 0x81, 0xE5, 0xB2, 0x9F, 0xE7,
    0x82, 0xB4, 0xE6, 0x8A, 0xB0, 0xE7, 0x97, 0x92, 0xE6, 0x87, 0xA9, 0xE8, 0x9D, 0x86, 0xE3, 0x84,
    0xA7, 0xE3, 0x84, 0xA4, 0x34, 0xE6, 0xA8, 0xA3, 0xE9, 0xA4, 0x8A, 0xE6, 0x81, 0x99, 0xE6, 0xBC,
    0xBE, 0xE6, 0x80, 0x8F, 0xE7, 0x85, 0xAC, 0xE7, 0x80, 0x81, 0xE7, 0xBE, 0x95, 0xE3, 0x84, 0xA7,
    0xE3, 0x84, 0xA5, 0x31, 0xE6, 0x87, 0x89, 0xE8, 0x8B, 0xB1, 0xE9, 0xB7, 0xB9, 0xE5, 0xAC, 0xB0,
    0xE9, 0xB6, 0xAF, 0xE6, 0xAB, 0xBB, 0xE8, 0x86, 0xBA, 0xE7, 0x91, 0x9B, 0xE9, 0xB8, 0x9A, 0xE5,
    0x9A, 0xB6, 0xE7, 0xBD, 0x8C, 0xE7, 0xBA, 0x93, 0xE6, 0x94, 0x96, 0xE7, 0x93, 0x94, 0xE5, 0xAB,
    0x88, 0xE7, 0x94, 0x96, 0xE7, 0xBD, 0x83, 0xE7, 0x85, 0x90, 0xE9, 0x9F, 0xBA, 0xE7, 0x94, 0x87,
    0xE9, 0x9C, 0x99, 0xE7, 0xA2, 0xA4, 0xE7, 0xA4, 0xAF, 0xE6, 0x9C, 0xA0, 0xE8, 0x9D, 0xA7, 0xE6,
    0xB8, 0xB6, 0xE8, 0xA4, 0xAE, 0xE5, 0x81, 0x80, 0xE9, 0x9C, 0x92, 0xE8, 0x98, 0xA1, 0xE8, 0xAD,
    0xBB, 0xE8, 0xA0, 0xB3, 0xE9, 0xB6, 0xA7, 0xE3, 0x84, 0xA7, 0xE3, 0x84, 0xA5, 0x32, 0xE7, 0x87,
    0x9F, 0xE8, 0xBF, 0x8E, 0xE8, 0xA0, 0x85, 0xE8, 0x9E, 0xA2, 0xE8, 0xB4, 0x8F, 0xE7, 0x9B, 0x88,
    0xE7, 0x91, 0xA9, 0xE7, 0xB8, 0x88, 0xE7, 0x80, 0x9B, 0xE6, 0xBB, 0x8E, 0xE5, 0xAC, 0xB4, 0xE5,
    0xA1, 0x8B, 0xE7, 0x86, 0x92, 0xE6, 0xA5, 0xB9, 0xE7, 0x80, 0x85, 0xE7, 0x80, 0xA0, 0xE7, 0xB1,
    0xAF, 0xE7, 0x80, 0xAF, 0xE8, 0xAC, 0x8D, 0xE6, 0x94, 0x8D, 0xE5, 0xB7, 0x86, 0xE5, 0xBB, 0xAE,
    0xE8, 0x97, 0x80, 0xE3, 0x84, 0xA7, 0xE3, 0x84, 0xA5, 0x33, 0xE5, 0xBD, 0xB1, 0xE6, 0x99, 0xAF,
    0xE7, 0xA9, 0x8E, 0xE6, 0xBD, 0x81, 0xE7, 0x99, 0xAD, 0xE9, 0x83, 0xA2, 0xE7, 0x80, 0xB4, 0xE7,
    0x9F, 0xA8, 0xE6, 0xA2, 0xAC, 0xE6, 0xB5, 0xA7, 0xE3, 0x84, 0xA7, 0xE3, 0x84, 0xA5, 0x34, 0xE6,
    0x87, 0x89, 0xE7, 0xA1, 0xAC, 0xE6, 0x98, 0xA0, 0xE5, 0xAA, 0xB5, 0xE7, 0x80, 0x85, 0xE9, 0x8E,
    0xA3, 0xE6, 0x91, 0xAC, 0xE8, 0xB3, 0x8F, 0xE3, 0x84, 0xA8, 0x31, 0xE5, 0xB1, 0x8B, 0xE7, 0x83,
    0x8F, 0xE6, 0xB1, 0xA1, 0xE6, 0xB1, 0x99, 0xE5, 0x9C, 0xAC, 0xE8, 0xAA, 0xA3, 0xE5, 0x97, 0x9A,
    0xE5, 0xB7, 0xAB, 0xE9, 0x8E, 0xA2, 0xE9, 0x84, 0x94, 0xE6, 0xB4, 0xBF, 0xE6, 0xAD, 0x8D, 0xE3,
    0x84, 0xA8, 0xE6, 0x83, 0xA1, 0xE6, 0x96, 0xBC, 0xE6, 0x9D, 0x87, 0xE9, 0x99, 0x93, 0xE5, 0x89,
    0xAD, 0xE7, 0xAA, 0x8F, 0xE8, 0x85, 0x9B, 0xE9, 0xB4, 0xAE, 0xE8, 0x9E, 0x90, 0xE3, 0x84, 0xA8,
    0x32, 0xE7, 0x84, 0xA1, 0xE5, 0x90, 0xB3, 0xE5, 0x90, 0xBE, 0xE6, 0xA2, 0xA7, 0xE5, 0xB7, 0xAB,
    0xE8, 0x95, 0xAA, 0xE5, 0x94, 0x94, 0xE8, 0x9C, 0x88, 0xE8, 0xAA, 0xA3, 0xE6, 0xAF, 0x8B, 0xE4,
    0xBA, 0xA1, 0xE7, 0x89, 0xBE, 0xE8, 0x86, 0xB4, 0xE9, 0xBA, 0x8C, 0xE9, 0xBC, 0xAF, 0xE9, 0x83,
    0x9A, 0xE9, 0x8B, 0x98, 0xE9, 0x8B, 0x99, 0xE5, 0xB3, 0xBF, 0xE6, 0xB5, 0xAF, 0xE7, 0x8F, 0xB8,
    0xE4, 0xBF, 0x89, 0xE9, 0xAF, 0x83, 0xE8, 0x8E, 0x81, 0xE9, 0xB7, 0xA1, 0xE6, 0xB4, 0x96, 0xE7,
    0x9E, 0xB4, 0xE8, 0xAD, 0x95, 0xE5, 0x98, 0xB8, 0xE3, 0x84, 0xA8, 0x33, 0xE4, 0xBA, 0x94, 0xE5,
    0x8D, 0x88, 0xE6, 0xAD, 0xA6, 0xE8, 0x88, 0x9E, 0xE4, 0xBE, 0xAE, 0xE4, 0xBC, 0x8D, 0xE9, 0xB5,
    0xA1, 0xE5, 0x98, 0xB8, 0xE6, 0x86, 0xAE, 0xE5, 0xAB, 0xB5, 0xE6, 0xBD, 0x95, 0xE5, 0xBB, 0xA1,
    0xE4, 0xBB, 0xB5, 0xE5, 0xBF, 0xA4, 0xE7, 0xA2, 0x94, 0xE7, 0x94, 0x92, 0xE6, 0x91, 0x80, 0xE5,
    0x95, 0x8E, 0xE6, 0x8D, 0x82, 0xE5, 0xB5, 0xA8, 0xE7, 0x8E, 0x9D, 0xE5, 0x80, 0xB5, 0xE6, 0xA9,
    0x86, 0xE8, 0xBA, 0x8C, 0xE3, 0x84, 0xA8, 0x34, 0xE5, 0x8B, 0xBF, 0xE7, 0x89, 0xA9, 0xE5, 0x8B,
    0x99, 0xE6, 0x83, 0xA1, 0xE8, 0xAA, 0xA4, 0xE6, 0x82, 0x9F, 0xE6, 0x99, 0xA4, 0xE9, 0x9C, 0xA7,
    0xE6, 0x88, 0x8A, 0xE9, 0x8E, 0xA2, 0xE5, 0xA1, 0xA2, 0xE5, 0x85, 0x80, 0xEF, 0xA8, 0x8C, 0xE9,
    0xA8, 0x96, 0xE5, 0xAF, 0xA4, 0xE8, 0xBB, 0x8F, 0xE6, 0x9D, 0x8C, 0xE5, 0xA9, 0xBA, 0xE9, 0xB6,
    0xA9, 0xE5, 0xA0, 0x8A, 0xE6, 0xB2, 0x95, 0xE8, 0xBF, 0x95, 0xE9, 0x81, 0xBB, 0xE9, 0x8B, 0x88,
    0xE5, 0xB1, 0xBC, 0xE6, 0x89, 0xA4, 0xE7, 0x85, 0x9F, 0xE5, 0x8D, 0xBC, 0xE7, 0x84, 0x90, 0xE9,
    0x9D, 0xB0, 0xE9, 0x98, 0xA2, 0xE7, 0xB2, 0x85, 0xE7, 0x9F, 0xB9, 0xE8, 0x8A, 0xB4, 0xE5, 0x9F,
    0xA1, 0xE9, 0x80, 0x9C, 0xE7, 0x97, 0xA6, 0xE9, 0xBD, 0x80, 0xE8, 0x98, 0x81, 0xE5, 0xB2, 0x89,
    0xE5, 0x99, 0x81, 0xE8, 0x93, 0xA9, 0xE3, 0x84, 0xA8, 0xE3, 0x84, 0x9A, 0x31, 0xE5, 0x93, 0x87,
    0xE8, 0x9B, 0x99, 0xE6, 0x8C, 0x96, 0xE7, 0xAA, 0xAA, 0xE5, 0x91, 0xB1, 0xE5, 0xAA, 0xA7, 0xE6,
    0xB4, 0xBC, 0xE7, 0xA9, 0xB5, 0xE6, 0xBA, 0x9B, 0xE7, 0xAA, 0x8A, 0xE7, 0xAA, 0x90, 0xE6, 0xBC,
    0xA5, 0xE3, 0x84, 0xA8, 0xE3, 0x84, 0x9A, 0x32, 0xE5, 0xA8, 0x83, 0xE3, 0x84, 0xA8, 0xE3, 0x84,
    0x9A, 0x33, 0xE7, 0x93, 0xA6, 0xE4, 0xBD, 0xA4, 0xE3, 0x84, 0xA8, 0xE3, 0x84, 0x9A, 0x34, 0xE8,
    0xA5, 0xAA, 0xE5, 0x97, 0xA2, 0xE8, 0x86, 0x83, 0xE3, 0x84, 0xA8, 0xE3, 0x84, 0x9A, 0x35, 0xE5,
    0xA8, 0x83, 0xE3, 0x84, 0xA8, 0xE3, 0x84, 0x9B, 0x31, 0xE7, 0xAA, 0xA9, 0xE5, 0x80, 0xAD, 0xE6,
    0xB8, 0xA6, 0xE8, 0x90, 0xB5, 0xE7, 0x8C, 0xA7, 0xE8, 0xB8, 0x92, 0xE3, 0x84, 0xA8, 0xE3, 0x84,
    0x9B, 0x33, 0xE6, 0x88, 0x91, 0xE5, 0xA9, 0x90, 0xE6, 0x8D, 0xB0, 0xE3, 0x84, 0xA8, 0xE3, 0x84,
    0x9B, 0x34, 0xE6, 0x8F, 0xA1, 0xE8, 0x87, 0xA5, 0xE6, 0xB2, 0x83, 0xE6, 0xB8, 0xA5, 0xE6, 0x96,
    0xA1, 0xE9, 0xBD, 0xB7, 0xE5, 0xB9, 0x84, 0xE6, 0xB6, 0xB4, 0xE5, 0x81, 0x93, 0xE6, 0xBF, 0xA3,
    0xE7, 0x84, 0xA5, 0xE3, 0x84, 0xA8, 0xE3, 0x84, 0x9E, 0x31, 0xE6, 0xAD, 0xAA, 0xE3, 0x84, 0xA8,
    0xE3, 0x84, 0x9E, 0x33, 0xE8, 0x88, 0x80, 0xE3, 0x84, 0xA8, 0xE3, 0x84, 0x9E, 0x34, 0xE5, 0xA4,
    0x96, 0xE3, 0x84, 0xA8, 0xE3, 0x84, 0x9F, 0x31, 0xE5, 0xA8, 0x81, 0xE5, 0xB4, 0xB4, 0xE5, 0x81,
    0x8E, 0xE7, 0x85, 0xA8, 0xE8, 0x91, 0xB3, 0xE9, 0x9A, 0x88, 0xE8, 0x90, 0x8E, 0xE5, 0xA7, 0x94,
    0xE9, 0x80, 0xB6, 0xE7, 0x83, 0x93, 0xE6, 0xA4, 0xB3, 0xE6, 0xB8, 0xA8, 0xE7, 0xA2, 0xA8, 0xE6,
    0x84, 0x84, 0xE6, 0x8F, 0x8B, 0xE8, 0x91, 0xA8, 0xE9, 0x9A, 0x87, 0xE6, 0xBA, 0xBE, 0xE8, 0xA9,
    0xB4, 0xE8, 0x9D, 0x9B, 0xE8, 0xA6, 0xA3, 0xE7, 0x87, 0xB0, 0xE3, 0x84, 0xA8, 0xE3, 0x84, 0x9F,
    0x32, 0xE7, 0x82, 0xBA, 0xE5, 0x9C, 0x8D, 0xE5, 0xBE, 0xAE, 0xE5, 0x8D, 0xB1, 0xE5, 0x94, 0xAF,
    0xE7, 0xB6, 0xAD, 0xE6, 0x83, 0x9F, 0xE9, 0x81, 0x95, 0xE9, 0x9F, 0x8B, 0xE8, 0x96, 0x87, 0xE5,
    0xB7, 0x8D, 0xE6, 0xA1, 0x85, 0xE9, 0x97, 0x88, 0xE6, 0xBF, 0xB0, 0xE5, 0xB8, 0xB7, 0xE5, 0xB5,
    0xAC, 0xE5, 0xB9, 0x83, 0xE5, 0x9B, 0x97, 0xE6, 0xB9, 0x8B, 0xE6, 0xBA, 0xA6, 0xE9, 0x84, 0xAC,
    0xE9, 0x8D, 0x8F, 0xE9, 0xAE, 0xA0, 0xE6, 0xBD, 0xBF, 0xE6, 0xB4, 0x88, 0xE8, 0xA6, 0xB9, 0xE9,
    0x86, 0x80, 0xE9, 0x9C, 0xBA, 0xE7, 0x80, 0xA2, 0xE6, 0xBF, 0xBB, 0xE7, 0x99, 0x93, 0xE6, 0xAC,
    0x88, 0xE3, 0x84, 0xA8, 0xE3, 0x84, 0x9F, 0x33, 0xE5, 0xA7, 0x94, 0xE5, 0xB0, 0xBE, 0xE5, 0x81,
    0x89, 0xE7, 0xB7, 0xAF, 0xE8, 0x90, 0x8E, 0xE8, 0xAB, 0x89, 0xE8, 0x91, 0xA6, 0xE7, 0x97, 0xBF,
    0xE7, 0x8C, 0xA5, 0xE7, 0x85, 0x92, 0xE4, 0xBA, 0xB9, 0xE9, 0x9A, 0x97, 0xE5, 0xA8, 0x93, 0xE9,
    0x9F, 0x99, 0xE5, 0xAF, 0xAA, 0xE6, 0xB4, 0xA7, 0xE7, 0x91, 0x8B, 0xE8, 0x96, 0xB3, 0xE8, 0x98,
    0xA4, 0xE9, 0x9F, 0xA1, 0xE9, 0xAE, 0xAA, 0xE7, 0xA3, 0x88, 0xE8, 0x92, 0x8D, 0xE9, 0xA0, 0xA0,
    0xE6, 0x9A, 0x90, 0xE7, 0x97, 0x8F, 0xE9, 0xAA, 0xAB, 0xE6, 0xA4, 0xB2, 0xE6, 0xB5, 0x98, 0xE8,
    0x89, 0x89, 0xE8, 0x8A, 0x9B, 0xE9, 0x8D, 0xA1, 0xE5, 0xB3, 0x97, 0xE5, 0xA3, 0x9D, 0xE5, 0x96,
    0xA1, 0xE5, 0xBE, 0xAB, 0xE8, 0x85, 0xB2, 0xE8, 0x9C, 0xB2, 0xE5, 0x84, 0xB0, 0xE8, 0x93, 0xB6,
    0xE5, 0xB4, 0xA3, 0xE7, 0xA1, 0x8A, 0xE8, 0xB8, 0x93, 0xE6, 0x96, 0x96, 0xE5, 0x94, 0xAF, 0xE3,
    0x84, 0xA8, 0xE3, 0x84, 0x9F, 0x34, 0xE7, 0x82, 0xBA, 0xE4, 0xBD, 0x8D, 0xE6, 0x9C, 0xAA, 0xE9,
    0xAD, 0x8F, 0xE8, 0xA1, 0x9B, 0xE5, 0x91, 0xB3, 0xE5, 0x81, 0xBD, 0xE8, 0xAC, 0x82, 0xE8, 0x83,
    0x83, 0xE5, 0x96, 0x82, 0xE6, 0x85, 0xB0, 0xE9, 0xA4, 0xB5, 0xE5, 0xB0, 0x89, 0xE6, 0xB8, 0xAD,
    0xE7, 0x95, 0x8F, 0xE8, 0x94, 0x9A, 0xE8, 0x98, 0xB6, 0xE8, 0x9D, 0x9F, 0xE7, 0x8A, 0xA9, 0xE9,
    0x81, 0xBA, 0xE4, 0xBA, 0xB9, 0xE9, 0x9C, 0xA8, 0xE7, 0xA3, 0x91, 0xE7, 0xBD, 0xBB, 0xE8, 0xA4,
    0xBD, 0xE8, 0x96, 0x89, 0xE5, 0xAA, 0xA6, 0xE8, 0x9C, 0xBC, 0xE8, 0x97, 0xAF, 0xE9, 0x8F, 0x8F,
    0xE8, 0x8F, 0x8B, 0xE7, 0x8A, 0x9A, 0xE9, 0xA4, 0xA7, 0xE8, 0xB4, 0x80, 0xE8, 0xAE, 0x86, 0xE8,
    0xBA, 0x97, 0xE7, 0xA9, 0x8C, 0xE9, 0xAE, 0x87, 0xE5, 0xBE, 0xBB, 0xE3, 0x84, 0xA8, 0xE3, 0x84,
    0xA2, 0x31, 0xE7, 0x81, 0xA3, 0xE5, 0xBD, 0x8E, 0xE8, 0xB1, 0x8C, 0xE5, 0x89, 0x9C, 0xE8, 0x8E,
    0x9E, 0xE8, 0x9C, 0xBF, 0xE5, 0x88, 0x93, 0xE6, 0xBD, 0xAB, 0xE3, 0x84, 0xA8, 0xE3, 0x84, 0xA2,
    0x32, 0xE5, 0xAE, 0x8C, 0xE7, 0x8E, 0xA9, 0xE9, 0xA0, 0x91, 0xE4, 0xB8, 0xB8, 0xE6, 0xB1, 0x8D,
    0xE7, 0xB4, 0x88, 0xE8, 0x8A, 0x84, 0xE7, 0x83, 0xB7, 0xE5, 0xA9, 0xA0, 0xE5, 0xB2, 0x8F, 0xE6,
    0x8A, 0x8F, 0xE3, 0x84, 0xA8, 0xE3, 0x84, 0xA2, 0x33, 0xE6, 0x99, 0x9A, 0xE7, 0xA2, 0x97, 0xE6,
    0x8C, 0xBD, 0xE5, 0xAE, 0x9B, 0xE5, 0xA9, 0x89, 0xE5, 0xA8, 0xA9, 0xE7, 0x9A, 0x96, 0xE8, 0xBC,
    0x93, 0xE8, 0x8E, 0x9E, 0xE6, 0xB5, 0xA3, 0xE8, 0x9C, 0xBF, 0xE7, 0x95, 0xB9, 0xE8, 0x8F, 0x80,
    0xE7, 0x90, 0xAC, 0xE9, 0x9E, 0x94, 0xE7, 0xB6, 0xB0, 0xE6, 0x99, 0xBC, 0xE7, 0xB6, 0xA9, 0xE9,
    0xAF, 0x87, 0xE5, 0x80, 0x87, 0xE8, 0x84, 0x95, 0xE7, 0x9D, 0x95, 0xE9, 0x8B, 0x84, 0xE7, 0x9D,
    0x8C, 0xE8, 0x91, 0x82, 0xE3, 0x84, 0xA8, 0xE3, 0x84, 0xA2, 0x34, 0xE8, 0x90, 0xAC, 0xE7, 0x8E,
    0xA9, 0xE8, 0x85, 0x95, 0xE6, 0x83, 0x8B, 0xE5, 0x8D, 0x8D, 0xE7, 0xBF, 0xAB, 0xE5, 0xBF, 0xA8,
    0xE4, 0xBB, 0xB4, 0xE7, 0xB6, 0x84, 0xE4, 0xB8, 0x87, 0xE8, 0x9F, 0x83, 0xE6, 0x8D, 0xA5, 0xE8,
    0xB8, 0xA0, 0xE3, 0x84, 0xA8, 0xE3, 0x84, 0xA3, 0x31, 0xE6, 0xBA, 0xAB, 0xE7, 0x98, 0x9F, 0xE8,
    0xBD, 0x80, 0xE5, 0xA1, 0xAD, 0xE9, 0xA6, 0xA7, 0xE7, 0x9E, 0x83, 0xE8, 0xB1, 0xB1, 0xE6, 0xAE,
    0x9F, 0xE6, 0xB8, 0xA9, 0xE3, 0x84, 0xA8, 0xE3, 0x84, 0xA3, 0x32, 0xE6, 0x96, 0x87, 0xE8, 0x81,
    0x9E, 0xE7, 0xB4, 0x8B, 0xE8, 0x9A, 0x8A, 0xE7, 0x8E, 0x9F, 0xE9, 0x9B, 0xAF, 0xE9, 0x96, 0xBF,
    0xE7, 0x82, 0x86, 0xE8, 0x8A, 0xA0, 0xE7, 0x90, 0x9D, 0xE9, 0x96, 0xBA, 0xE9, 0x97, 0x85, 0xE9,
    0xBC, 0xA4, 0xE9, 0xA7, 0x87, 0xE9, 0xAD, 0xB0, 0xE9, 0xB3, 0xBC, 0xE5, 0xBD, 0xA3, 0xE3, 0x84,
    0xA8, 0xE3, 0x84, 0xA3, 0x33, 0xE7, 0xA9, 0xA9, 0xE5, 0x90, 0xBB, 0xE5, 0x88, 0x8E, 0xE5, 0x91,
    0xA1, 0xE6, 0xA1, 0xBD, 0xE3, 0x84, 0xA8, 0xE3, 0x84, 0xA3, 0x34, 0xE5, 0x95, 0x8F, 0xE8, 0x81,
    0x9E, 0xE7, 0xB4, 0x8A, 0xE6, 0x96, 0x87, 0xE6, 0xB1, 0xB6, 0xE6, 0x8A, 0x86, 0xE5, 0x85, 0x8D,
    0xE6, 0x90, 0xB5, 0xE7, 0x92, 0xBA, 0xE5, 0xA6, 0x8F, 0xE5, 0xBD, 0xA3, 0xE3, 0x84, 0xA8, 0xE3,
    0x84, 0xA4, 0x31, 0xE6, 0xB1, 0xAA, 0xE5, 0xB0, 0xAA, 0xE5, 0xB0, 0xA2, 0xE3, 0x84, 0xA8, 0xE3,
    0x84, 0xA4, 0x32, 0xE7, 0x8E, 0x8B, 0xE4, 0xBA, 0xA1, 0xE3, 0x84, 0xA8, 0xE3, 0x84, 0xA4, 0x33,
    0xE5, 0xBE, 0x80, 0xE7, 0xB6, 0xB2, 0xE6, 0x9E, 0x89, 0xE7, 0xBD, 0x94, 0xE6, 0x83, 0x98, 0xE9,
    0xAD, 0x8D, 0xE8, 0xBC, 0x9E, 0xE7, 0x80, 0x87, 0xE7, 0xBD, 0x91, 0xE6, 0x9A, 0x80, 0xE8, 0x8F,
    0xB5, 0xE8, 0x87, 0xA6, 0xE3, 0x84, 0xA8, 0xE3, 0x84, 0xA4, 0x34, 0xE5, 0xBF, 0x98, 0xE5, 0xA6,
    0x84, 0xE6, 0x9C, 0x9B, 0xE6, 0x97, 0xBA, 0xE7, 0x8E, 0x8B, 0xE6, 0x9C, 0xA2, 0xE8, 0xBF, 0x8B,
    0xE8, 0x8E, 0xA3, 0xE3, 0x84, 0xA8, 0xE3, 0x84, 0xA5, 0x31, 0xE7, 0xBF, 0x81, 0xE5, 0x97, 0xA1,
    0xE8, 0x9E, 0x89, 0xE9, 0xB6, 0xB2, 0xE9, 0x9C, 0x90, 0xE3, 0x84, 0xA8, 0xE3, 0x84, 0xA5, 0x33,
    0xE8, 0x93, 0x8A, 0xE6, 0xBB, 0x83, 0xE6, 0x9A, 0xA1, 0xE6, 0xB5, 0xBB, 0xE7, 0x9E, 0x88, 0xE8,
    0x81, 0xAC, 0xE5, 0xA1, 0x95, 0xE3, 0x84, 0xA8, 0xE3, 0x84, 0xA5, 0x34, 0xE7, 0x94, 0x95, 0xE7,
    0x93, 0xAE, 0xE9, 0xBD, 0x86, 0xE7, 0xBD, 0x8B, 0xE3, 0x84, 0xA9, 0x31, 0xE6, 0xB7, 0xA4, 0xE8,
    0xBF, 0x82, 0xE7, 0x98, 0x80, 0xE7, 0xB4, 0x86, 0xE3, 0x84, 0xA9, 0xE6, 0xAF, 0xB9, 0xE7, 0xAE,
    0x8A, 0xE6, 0x89, 0x9C, 0xE7, 0xA9, 0xBB, 0xE7, 0x9B, 0x93, 0xE3, 0x84, 0xA9, 0x32, 0xE6, 0x96,
    0xBC, 0xE6, 0x84, 0x89, 0xE9, 0xAD, 0x9A, 0xE5, 0xA8, 0x9B, 0xE9, 0xA4, 0x98, 0xE4, 0xBA, 0x8E,
    0xE6, 0xBC, 0x81, 0xE4, 0xBA, 0x88, 0xE6, 0x84, 0x9A, 0xE4, 0xBD, 0x99, 0xE7, 0xAB, 0xBD, 0xE6,
    0xA6, 0x86, 0xE9, 0x80, 0xBE, 0xE8, 0x99, 0x9E, 0xE4, 0xBF, 0x9E, 0xE8, 0xBC, 0xBF, 0xE7, 0x91,
    0x9C, 0xE6, 0xB8, 0x9D, 0xE9, 0x9A, 0x85, 0xE8, 0x87, 0xBE, 0xE8, 0x85, 0xB4, 0xE7, 0x9B, 0x82,
    0xE8, 0xAB, 0x9B, 0xE8, 0xB8, 0xB0, 0xE8, 0x88, 0x81, 0xE5, 0x9C, 0xA9, 0xE6, 0xAD, 0x9F, 0xE8,
    0xA6, 0xA6, 0xE7, 0x95, 0xAC, 0xE8, 0x90, 0xB8, 0xE5, 0xB5, 0x8E, 0xE7, 0xAA, 0xAC, 0xE5, 0xA6,
    0xA4, 0xE6, 0x8F, 0x84, 0xE6, 0xAD, 0x88, 0xE7, 0xA6, 0xBA, 0xE8, 0xBD, 0x9D, 0xE9, 0x9A, 0x83,
    0xE9, 0x9B, 0xA9, 0xE6, 0x9D, 0x85, 0xE6, 0xA5, 0xB0, 0xE7, 0x8E, 0x97, 0xE7, 0xB7, 0xB0, 0xE7,
    0xBE, 0xAD, 0xE8, 0x9D, 0x93, 0xE8, 0xA4, 0x95, 0xE7, 0x98, 0x90, 0xE8, 0x89, 0x85, 0xE7, 0x8B,
    0xB3, 0xE9, 0x82, 0x98, 0xE7, 0x92, 0xB5, 0xE7, 0xA1, 0xA2, 0xE7, 0xB1, 0x85, 0xE9, 0x87, 0xAA,
    0xE5, 0xB4, 0xB3, 0xE6, 0xB9, 0xA1, 0xE9, 0x84, 0x83, 0xE8, 0x85, 0xA7, 0xE7, 0x9D, 0xAE, 0xE9,
    0x9B, 0x93, 0xE6, 0xBE, 0x9E, 0xE8, 0x95, 0x8D, 0xE8, 0x9E, 0xB8, 0xE8, 0xAC, 0xA3, 0xE9, 0xAE,
    0xBD, 0xE9, 0xB5, 0x8C, 0xE8, 0x98, 0x9B, 0xE9, 0xB8, 0x86, 0xE9, 0xB8, 0x92, 0xE8, 0xA1, 0xA7,
    0xE5, 0x94, 0xB9, 0xE5, 0xA0, 0xA3, 0xE5, 0xA0, 0xAC, 0xE9, 0x9B, 0xBD, 0xE6, 0xAD, 0xB6, 0xE6,
    0x97, 0x9F, 0xE9, 0xB0, 0x85, 0xE9, 0xBD, 0xB5, 0xE4, 0xBC, 0x83, 0xE3, 0x84, 0xA9, 0x33, 0xE8,
    0x88, 0x87, 0xE8, 0xAA, 0x9E, 0xE9, 0x9B, 0xA8, 0xE4, 0xBA, 0x88, 0xE7, 0xBE, 0xBD, 0xE5, 0xB6,
    0xBC, 0xE5, 0xAE, 0x87, 0xE7, 0xA6, 0xB9, 0xE5, 0xBA, 0xBE, 0xE9, 0xBD, 0xAC, 0xE5, 0x99, 0xA2,
    0xE5, 0x9C, 0x84, 0xE5, 0x9C, 0x89, 0xE7, 0xAA, 0xB3, 0xE5, 0x82, 0xB4, 0xE4, 0xBF, 0x81, 0xE6,
    0x95, 0x94, 0xE5, 0x99, 0xB3, 0xE6, 0xA5, 0x80, 0xE7, 0x91, 0x80, 0xE4, 0xB8, 0x8E, 0xE8, 0x90,
    0xAD, 0xE8, 0xB2, 0x90, 0xE5, 0x81, 0x8A, 0xE7, 0xA5, 0xA4, 0xE6, 0x96, 0x9E, 0xE9, 0x84, 0x85,
    0xE5, 0xAF, 0x99, 0xE7, 0xAF, 0xBD, 0xE8, 0x98, 0x8C, 0xE6, 0x96, 0x94, 0xE8, 0x9E, 0xA4, 0xE3,
    0x84, 0xA9, 0x34, 0xE8, 0x82, 0xB2, 0xE9, 0x81, 0x87, 0xE9, 0xA0, 0x90, 0xE7, 0x8E, 0x89, 0xE6,
    0xAC, 0xB2, 0xE5, 0x9F, 0x9F, 0xE5, 0x96, 0xBB, 0xE6, 0x84, 0x88, 0xE8, 0xAD, 0xBD, 0xE7, 0x8D,
    0x84, 0xE6, 0x85, 0xBE, 0xE6, 0xB5, 0xB4, 0xE8, 0xA3, 0x95, 0xE7, 0x85, 0x9C, 0xE5, 0xAF, 0x93,
    0xE7, 0xA6, 0xA6, 0xE8, 0x88, 0x87, 0xE9, 0x88, 0xBA, 0xE8, 0xB1, 0xAB, 0xE5, 0xBE, 0xA1, 0xE9,
    0xAC, 0xB1, 0xE7, 0xB1, 0xB2, 0xE8, 0xAB, 0xAD, 0xE7, 0x99, 0x92, 0xE9, 0x83, 0x81, 0xE9, 0xA6,
    0xAD, 0xE6, 0x98, 0xB1, 0xE6, 0xAF, 0x93, 0xE8, 0x8A, 0x8B, 0xE5, 0xB0, 0x89, 0xE7, 0x86, 0xA8,
    0xE4, 0xBF, 0x9E, 0xE5, 0xB3, 0xAA, 0xE8, 0x81, 0xBF, 0xE5, 0xAB, 0x97, 0xE5, 0xBD, 0xA7, 0xE9,
    0xA3, 0xAB, 0xE9, 0xAC, 0xBB, 0xE8, 0xB0, 0xB7, 0xE9, 0xB7, 0xB8, 0xE7, 0x87, 0xA0, 0xE8, 0x9C,
    0xAE, 0xE5, 0xA0, 0x89, 0xE8, 0xAA, 0x9E, 0xE7, 0x98, 0x89, 0xE6, 0xA3, 0xAB, 0xE6, 0xBE, 0xA6,
    0xE7, 0x9F, 0x9E, 0xE7, 0xA6, 0xBA, 0xE7, 0xBD, 0xAD, 0xE8, 0x95, 0xB7, 0xE9, 0x81, 0xB9, 0xE9,
    0x96, 0xBE, 0xE9, 0x9A, 0xA9, 0xE9, 0xB5, 0x92, 0xE6, 0xA3, 0x9C, 0xE6, 0xB7, 0xA2, 0xE7, 0x87,
    0x8F, 0xE7, 0x8D, 0x9D, 0xE7, 0xB9, 0x98, 0xE9, 0xAD, 0x8A, 0xE8, 0x96, 0x81, 0xE9, 0xA9, 0x88,
    0xE6, 0x82, 0x86, 0xE9, 0xB4, 0xA5, 0xE9, 0x8B, 0x8A, 0xE6, 0xB7, 0xAF, 0xE9, 0xBB, 0xA6, 0xE6,
    0xA0, 0xAF, 0xE7, 0xA0, 0xA1, 0xE7, 0xA4, 0x9C, 0xE6, 0xAC, 0xA5, 0xE8, 0xBB, 0x89, 0xE8, 0xBC,
    0x8D, 0xE6, 0x82, 0x87, 0xE7, 0xA8, 0xA2, 0xE8, 0x92, 0xAE, 0xE5, 0x99, 0x8A, 0xE9, 0xB3, 0xBF,
    0xE9, 0x86, 0xA7, 0xE9, 0xA5, 0x87, 0xE7, 0x88, 0xA9, 0xE7, 0x81, 0xAA, 0xE6, 0x88, 0xAB, 0xE8,
    0xA2, 0xAC, 0xE7, 0xB7, 0x8E, 0xE8, 0x93, 0xB9, 0xE9, 0x8C, 0xA5, 0xE3, 0x84, 0xA9, 0xE3, 0x84,
    0x9D, 0x31, 0xE7, 0xB4, 0x84, 0xE6, 0x9B, 0xB0, 0xE5, 0x99, 0xA6, 0xE7, 0xAE, 0xB9, 0xE7, 0x84,
    0xA5, 0xE3, 0x84, 0xA9, 0xE3, 0x84, 0x9D, 0x34, 0xE6, 0x9C, 0x88, 0xE8, 0xB6, 0x8A, 0xE6, 0xA8,
    0x82, 0xE6, 0x82, 0x85, 0xE9, 0x96, 0xB1, 0xE7, 0xB2, 0xB5, 0xE8, 0xBA, 0x8D, 0xE5, 0xB2, 0xB3,
    0xE5, 0xB6, 0xBD, 0xE8, 0x80, 0x80, 0xE9, 0x91, 0xB0, 0xE6, 0x9B, 0x9C, 0xE9, 0x89, 0x9E, 0xE8,
    0xAA, 0xAA, 0xE5, 0x88, 0x96, 0xE7, 0x80, 0xB9, 0xE7, 0xB1, 0xA5, 0xE6, 0xA8, 0xBE, 0xE7, 0x88,
    0x9A, 0xE7, 0xA4, 0xBF, 0xE7, 0xA6, 0xB4, 0xE8, 0xB6, 0xAF, 0xE8, 0xBB, 0x8F, 0xE9, 0xB8, 0x91,
    0xE9, 0xBE, 0xA0, 0xE7, 0x8B, 0x98, 0xE7, 0x8E, 0xA5, 0xE6, 0x88, 0x89, 0xE6, 0xB3, 0xA7, 0xE9,
    0x88, 0x85, 0xE6, 0x8A, 0x88, 0xE8, 0x9A, 0x8E, 0xE8, 0x98, 0xA5, 0xE9, 0xB8, 0x99, 0xE3, 0x84,
    0xA9, 0xE3, 0x84, 0xA2, 0x31, 0xE5, 0x86, 0xA4, 0xE6, 0xB7, 0xB5, 0xE9, 0xB4, 0x9B, 0xE9, 0xB3,
    0xB6, 0xE5, 0xAE, 0x9B, 0xE7, 0x9C, 0xA2, 0xE8, 0x9C, 0x8E, 0xE9, 0xB5, 0xB7, 0xE8, 0x82, 0x99,
    0xE9, 0x8B, 0xBA, 0xE6, 0x83, 0x8C, 0xE6, 0xA3, 0xA9, 0xE8, 0x92, 0xAC, 0xE8, 0xA3, 0xB7, 0xE9,
    0xBC, 0x98, 0xE8, 0x91, 0xBE, 0xE8, 0x9C, 0xB5, 0xE8, 0xA3, 0xAB, 0xE9, 0xA7, 0x8C, 0xE5, 0xAC,
    0xBD, 0xE7, 0x81, 0x81, 0xE3, 0x84, 0xA9, 0xE3, 0x84, 0xA2, 0x32, 0xE5, 0x8E, 0x9F, 0xE5, 0x85,
    0x83, 0xE5, 0x93, 0xA1, 0xE5, 0x9C, 0x92, 0xE5, 0x9C, 0x93, 0xE7, 0xB7, 0xA3, 0xE6, 0xBA, 0x90,
    0xE6, 0x8F, 0xB4, 0xE5, 0xAA, 0x9B, 0xE8, 0xA2, 0x81, 0xE7, 0x8C, 0xBF, 0xE5, 0x9E, 0xA3, 0xE6,
    0xB2, 0x85, 0xE8, 0xBD, 0x85, 0xE7, 0x88, 0xB0, 0xE5, 0x9C, 0x9C, 0xE9, 0xBB, 0xBF, 0xE5, 0xAB,
    0x84, 0xE6, 0xAB, 0x9E, 0xE8, 0x8A, 0xAB, 0xE6, 0xB9, 0xB2, 0xE9, 0xA8, 0xB5, 0xE7, 0xAC, 0x8E,
    0xE7, 0xBE, 0xB1, 0xE8, 0x9D, 0xAF, 0xE9, 0x82, 0xA7, 0xE8, 0x9D, 0x9D, 0xE5, 0xA6, 0xA7, 0xE8,
    0x90, 0xB2, 0xE8, 0x9E, 0x88, 0xE8, 0x9A, 0x96, 0xE6, 0x9D, 0xAC, 0xE6, 0xA6, 0x9E, 0xE6, 0xBA,
    0x92, 0xE5, 0xAA, 0xB4, 0xE7, 0x8C, 0xAD, 0xE7, 0x8D, 0x82, 0xE6, 0xA6, 0xAC, 0xE8, 0x92, 0x9D,
    0xE9, 0x8E, 0xB1, 0xE9, 0x82, 0x8D, 0xE9, 0xB6, 0xA2, 0xE7, 0x8C, 0xA8, 0xE3, 0x84, 0xA9, 0xE3,
    0x84, 0xA2, 0x33, 0xE9, 0x81, 0xA0, 0xE5, 0xA6, 0xB4, 0xE3, 0x84, 0xA9, 0xE3, 0x84, 0xA2, 0x34,
    0xE9, 0x99, 0xA2, 0xE9, 0xA1, 0x98, 0xE6, 0x80, 0xA8, 0xE8, 0x8B, 0x91, 0xE9, 0x81, 0xA0, 0xE5,
    0xAA, 0x9B, 0xE7, 0x91, 0x97, 0xE6, 0x84, 0xBF, 0xE6, 0x8E, 0xBE, 0xE8, 0xA4, 0x91, 0xE5, 0xA4,
    0x97, 0xE8, 0xAC, 0x9C, 0xE7, 0xA6, 0x90, 0xE5, 0x99, 0xAE, 0xE3, 0x84, 0xA9, 0xE3, 0x84, 0xA3,
    0x31, 0xE6, 0x9A, 0x88, 0xE6, 0xB0, 0xB3, 0xE7, 0xB8, 0x95, 0xE8, 0xB4, 0x87, 0xE5, 0xA5, 0xAB,
    0xE8, 0x9D, 0xB9, 0xE3, 0x84, 0xA9, 0xE3, 0x84, 0xA3, 0x32, 0xE9, 0x9B, 0xB2, 0xE4, 0xBA, 0x91,
    0xE5, 0x8B, 0xBB, 0xE6, 0x98, 0x80, 0xE8, 0x80, 0x98, 0xE8, 0x8A, 0xB8, 0xE7, 0xB4, 0x9C, 0xE7,
    0x86, 0x85, 0xE7, 0xAD, 0xA0, 0xE6, 0xBA, 0xB3, 0xE6, 0xBE, 0x90, 0xE7, 0x95, 0x87, 0xE7, 0xAF,
    0x94, 0xE6, 0xB2, 0x84, 0xE7, 0x86, 0x89, 0xE9, 0x8B, 0x86, 0xE8, 0x95, 0x93, 0xE5, 0xA6, 0x98,
    0xE4, 0xBC, 0x9D, 0xE7, 0xB8, 0x9C, 0xE8, 0x8D, 0xBA, 0xE9, 0x84, 0x96, 0xE6, 0x9E, 0x83, 0xE7,
    0x9C, 0x83, 0xE3, 0x84, 0xA9, 0xE3, 0x84, 0xA3, 0x33, 0xE5, 0x85, 0x81, 0xE9, 0x9A, 0x95, 0xE6,
    0xAE, 0x9E, 0xE7, 0x8B, 0x81, 0xE9, 0x9C, 0xA3, 0xE8, 0xA4, 0x9E, 0xE6, 0x8A, 0x8E, 0xE8, 0xB3,
    0xB1, 0xE8, 0xBC, 0x91, 0xE9, 0x88, 0x97, 0xE9, 0x98, 0xAD, 0xE3, 0x84, 0xA9, 0xE3, 0x84, 0xA3,
    0x34, 0xE9, 0x81, 0x8B, 0xE9, 0x9F, 0xBB, 0xE5, 0xAD, 0x95, 0xE7, 0x86, 0xA8, 0xE8, 0x98, 0x8A,
    0xE6, 0x85, 0x8D, 0xE9, 0x86, 0x9E, 0xE6, 0x83, 0xB2, 0xE6, 0x9A, 0x88, 0xE9, 0x9F, 0x9E, 0xE9,
    0x84, 0x86, 0xE8, 0x96, 0x80, 0xE6, 0x9E, 0x9F, 0xE7, 0xB7, 0xB7, 0xE9, 0xB6, 0xA4, 0xE5, 0x93,
    0xA1, 0xE3, 0x84, 0xA9, 0xE3, 0x84, 0xA5, 0x31, 0xE5, 0x82, 0xAD, 0xE5, 0xBA, 0xB8, 0xE9, 0x9B,
    0x8D, 0xE6, 0x93, 0x81, 0xE5, 0xA3, 0x85, 0xE7, 0x99, 0xB0, 0xE8, 0x87, 0x83, 0xE5, 0xA2, 0x89,
    0xE9, 0x8F, 0x9E, 0xE6, 0x85, 0xB5, 0xE9, 0xA5, 0x94, 0xE9, 0x82, 0x95, 0xE5, 0xBB, 0xB1, 0xE9,
    0x9B, 0x9D, 0xE5, 0x97, 0x88, 0xE7, 0x81, 0x89, 0xE9, 0x84, 0x98, 0xE5, 0x99, 0xB0, 0xE6, 0xBE,
    0xAD, 0xE8, 0x95, 0xB9, 0xE6, 0xBB, 0xBD, 0xE9, 0x83, 0xBA, 0xE3, 0x84, 0xA9, 0xE3, 0x84, 0xA5,
    0x32, 0xE5, 0x82, 0xAD, 0xE5, 0x96, 0x81, 0xE9, 0xA1, 0x92, 0xE5, 0x82, 0x9B, 0xE6, 0xA7, 0xA6,
    0xE5, 0xAB, 0x86, 0xE5, 0xB5, 0xB1, 0xE5, 0xAB, 0x9E, 0xE3, 0x84, 0xA9, 0xE3, 0x84, 0xA5, 0x33,
    0xE6, 0xB0, 0xB8, 0xE6, 0xB3, 0xB3, 0xE8, 0xA9, 0xA0, 0xE5, 0x8B, 0x87, 0xE6, 0x93, 0x81, 0xE8,
    0xB8, 0xB4, 0xE6, 0xB9, 0xA7, 0xE8, 0x9B, 0xB9, 0xE7, 0x94, 0xAC, 0xE5, 0xA3, 0x85, 0xE6, 0x81,
    0xBF, 0xE8, 0x87, 0x83, 0xE4, 0xBF, 0x91, 0xE8, 0xB8, 0x8A, 0xE5, 0x9F, 0x87, 0xE5, 0xA1, 0x8E,
    0xE7, 0xA6, 0x9C, 0xE6, 0xB6, 0x8C, 0xE6, 0x82, 0x80, 0xE9, 0x8A, 0xA2, 0xE5, 0x92, 0x8F, 0xE3,
    0x84, 0xA9, 0xE3, 0x84, 0xA5, 0x34, 0xE7, 0x94, 0xA8, 0xE4, 0xBD, 0xA3, 0xE9, 0x86, 0x9F,
};

/* 大千配列：按鍵 -> 注音符號（UTF-8）。'\0' 結尾，未對應的鍵不在表內。 */
typedef struct { char key; char bopo[4]; } ime_keymap;

static const ime_keymap IME_KEYMAP[41] = {
    { ',', "\xE3\x84\x9D" },   /* ㄝ */
    { '-', "\xE3\x84\xA6" },   /* ㄦ */
    { '.', "\xE3\x84\xA1" },   /* ㄡ */
    { '/', "\xE3\x84\xA5" },   /* ㄥ */
    { '0', "\xE3\x84\xA2" },   /* ㄢ */
    { '1', "\xE3\x84\x85" },   /* ㄅ */
    { '2', "\xE3\x84\x89" },   /* ㄉ */
    { '3', "\xCB\x87" },   /* ˇ */
    { '4', "\xCB\x8B" },   /* ˋ */
    { '5', "\xE3\x84\x93" },   /* ㄓ */
    { '6', "\xCB\x8A" },   /* ˊ */
    { '7', "\xCB\x99" },   /* ˙ */
    { '8', "\xE3\x84\x9A" },   /* ㄚ */
    { '9', "\xE3\x84\x9E" },   /* ㄞ */
    { ';', "\xE3\x84\xA4" },   /* ㄤ */
    { 'a', "\xE3\x84\x87" },   /* ㄇ */
    { 'b', "\xE3\x84\x96" },   /* ㄖ */
    { 'c', "\xE3\x84\x8F" },   /* ㄏ */
    { 'd', "\xE3\x84\x8E" },   /* ㄎ */
    { 'e', "\xE3\x84\x8D" },   /* ㄍ */
    { 'f', "\xE3\x84\x91" },   /* ㄑ */
    { 'g', "\xE3\x84\x95" },   /* ㄕ */
    { 'h', "\xE3\x84\x98" },   /* ㄘ */
    { 'i', "\xE3\x84\x9B" },   /* ㄛ */
    { 'j', "\xE3\x84\xA8" },   /* ㄨ */
    { 'k', "\xE3\x84\x9C" },   /* ㄜ */
    { 'l', "\xE3\x84\xA0" },   /* ㄠ */
    { 'm', "\xE3\x84\xA9" },   /* ㄩ */
    { 'n', "\xE3\x84\x99" },   /* ㄙ */
    { 'o', "\xE3\x84\x9F" },   /* ㄟ */
    { 'p', "\xE3\x84\xA3" },   /* ㄣ */
    { 'q', "\xE3\x84\x86" },   /* ㄆ */
    { 'r', "\xE3\x84\x90" },   /* ㄐ */
    { 's', "\xE3\x84\x8B" },   /* ㄋ */
    { 't', "\xE3\x84\x94" },   /* ㄔ */
    { 'u', "\xE3\x84\xA7" },   /* ㄧ */
    { 'v', "\xE3\x84\x92" },   /* ㄒ */
    { 'w', "\xE3\x84\x8A" },   /* ㄊ */
    { 'x', "\xE3\x84\x8C" },   /* ㄌ */
    { 'y', "\xE3\x84\x97" },   /* ㄗ */
    { 'z', "\xE3\x84\x88" },   /* ㄈ */
};
#define IME_KEYMAP_N 41
